Server_ID,Timestamp,Server_Type,Operating_System,CPU_Usage,Memory_Usage,Disk_Usage,Disk_IO,Network_In_Mbps,Network_Out_Mbps,Network_Latency_ms,Response_Time_ms,Active_Connections,Request_Count,Error_Count,Process_Count,Uptime_Hours,Temperature_C,Day_of_Week,Hour,Performance_Issue
SRV-097,01-01-2026 01:30,Database,Linux,64.8,69.63,58.54,58.46,1441.77,1010.41,24.91,370.22,661,7284,15,246,652.11,59.83,Thursday,1,0
SRV-013,01-01-2026 02:30,Application,Linux,49.27,47.69,65.46,63.03,1211.31,1021.13,25.44,219.61,454,6787,7,165,1454.45,51.17,Thursday,2,0
SRV-041,01-01-2026 03:30,Database,Linux,60.88,41.95,51.33,64.58,1509.37,1220.39,25.1,304.11,660,7507,8,281,1263.6,54.77,Thursday,3,0
SRV-073,01-01-2026 04:00,API,Linux,59.67,53.88,52.92,89.8,1489.91,1082.84,27.97,280.13,684,7170,8,274,606.29,58.92,Thursday,4,0
SRV-025,01-01-2026 04:00,File,Linux,62.16,40.06,43.66,40.24,1263.97,875.24,12.9,233.3,840,5989,7,203,924.44,55.36,Thursday,4,0
SRV-044,01-01-2026 04:00,Database,Linux,64.69,70.75,55.79,86.84,1462.07,1017.07,21.77,330.18,923,7362,8,260,1107.5,62.09,Thursday,4,0
SRV-097,01-01-2026 05:30,Database,Linux,52.75,65.28,31.77,82.42,1493.46,1099.76,19.96,261.8,552,7455,12,227,489.9,56.85,Thursday,5,0
SRV-046,01-01-2026 07:00,File,Linux,62.12,53.89,49.15,48.25,1186.16,891.09,20.1,255.28,668,5916,8,280,1061.42,54.23,Thursday,7,0
SRV-066,01-01-2026 08:00,Application,Linux,56.59,51.72,51.43,44.17,1391.73,1054.66,27.75,287.03,667,6883,5,281,552.7,43.51,Thursday,8,0
SRV-060,01-01-2026 09:30,Web,Windows Server,89.69,61.89,31.83,82.41,1979.18,1475.68,38.99,372.39,1052,10303,11,294,717.63,60.15,Thursday,9,0
SRV-044,01-01-2026 10:00,Database,Linux,80.93,68.82,51.5,87.25,2072.59,1608.59,27.16,416.63,1051,10963,12,290,281.78,57.94,Thursday,10,0
SRV-076,01-01-2026 10:30,Web,Linux,99.0,64.07,58.0,99.0,2065.76,1523.75,28.9,302.16,691,10367,17,315,880.58,65.09,Thursday,10,1
SRV-015,01-01-2026 11:30,Database,Linux,76.11,78.4,45.98,95.17,2131.39,1670.96,27.99,320.15,1269,10992,4,229,279.68,62.99,Thursday,11,0
SRV-083,01-01-2026 13:00,File,Linux,54.95,73.71,62.86,70.16,1679.4,1119.19,24.5,277.15,787,8309,7,218,610.34,51.58,Thursday,13,0
SRV-016,01-01-2026 13:30,Web,Windows Server,85.05,58.67,68.44,99.0,2013.75,1538.36,23.61,351.86,1093,10544,8,310,406.97,57.93,Thursday,13,0
SRV-073,01-01-2026 15:30,API,Linux,97.28,79.3,54.51,83.13,2091.57,1579.63,19.79,358.53,753,10740,12,341,799.67,65.34,Thursday,15,0
SRV-080,01-01-2026 15:30,File,Windows Server,72.91,61.89,67.17,60.45,1607.71,1238.45,25.81,315.93,894,8217,7,206,1174.0,62.43,Thursday,15,0
SRV-093,01-01-2026 16:00,Database,Linux,90.46,70.27,64.76,92.19,2163.22,1628.4,20.48,323.06,1223,10980,17,305,2152.35,60.62,Thursday,16,0
SRV-078,01-01-2026 17:00,Application,Windows Server,77.6,73.73,59.51,85.01,1905.4,1465.32,17.12,252.46,606,9969,10,274,862.0,59.03,Thursday,17,0
SRV-046,01-01-2026 18:00,File,Linux,67.96,49.58,58.5,50.4,1610.55,1225.02,23.16,267.68,677,8291,8,312,618.7,46.88,Thursday,18,0
SRV-082,01-01-2026 18:30,Database,Windows Server,73.04,42.74,39.23,52.3,1495.67,1044.36,27.98,285.43,543,7437,7,241,971.4,53.23,Thursday,18,0
SRV-014,01-01-2026 18:30,File,Linux,57.06,49.13,51.66,57.79,1082.29,911.4,20.59,279.26,729,5939,11,241,610.41,54.24,Thursday,18,0
SRV-087,01-01-2026 19:00,Application,Linux,70.6,54.45,27.4,62.67,1330.81,1021.29,23.34,345.46,747,6992,10,282,601.28,51.58,Thursday,19,0
SRV-076,01-01-2026 19:00,Web,Linux,67.62,36.05,57.59,59.74,1398.17,991.75,24.39,289.22,888,6938,9,248,1221.2,57.89,Thursday,19,0
SRV-045,01-01-2026 19:30,File,Linux,60.84,79.75,44.02,33.73,1050.81,806.35,16.82,290.63,364,5754,6,281,352.79,51.44,Thursday,19,0
SRV-016,01-01-2026 20:00,Web,Windows Server,62.69,52.93,49.05,50.81,1396.8,1077.4,17.15,327.31,353,7199,8,237,1052.48,48.29,Thursday,20,0
SRV-017,01-01-2026 21:30,Application,Windows Server,76.79,59.77,37.35,58.51,1311.65,1012.99,35.77,306.15,600,6754,10,276,829.7,56.84,Thursday,21,0
SRV-045,01-01-2026 22:00,File,Linux,50.35,49.51,72.45,58.52,1005.85,829.7,24.74,306.12,604,5864,6,203,852.23,48.76,Thursday,22,0
SRV-095,01-01-2026 22:30,Database,Linux,58.89,69.76,69.18,85.36,1414.62,1011.82,21.94,341.29,846,7486,12,261,769.16,56.4,Thursday,22,0
SRV-005,02-01-2026 00:30,Web,Windows Server,89.32,57.08,40.72,53.95,1450.4,1072.15,32.1,441.2,742,7025,14,226,766.66,60.08,Friday,0,1
SRV-087,02-01-2026 02:00,Application,Linux,51.13,56.5,67.75,74.61,1299.02,1121.01,22.19,302.16,637,6902,9,339,774.08,54.33,Friday,2,0
SRV-042,02-01-2026 02:00,File,Linux,31.71,60.54,57.76,35.47,1117.68,815.06,18.15,165.97,538,5913,4,209,965.59,48.5,Friday,2,0
SRV-001,02-01-2026 02:30,File,Windows Server,75.08,62.0,48.93,60.63,1182.65,882.37,28.3,292.01,615,5865,12,313,946.53,59.35,Friday,2,0
SRV-041,02-01-2026 03:00,Database,Linux,65.98,58.98,45.98,85.62,1434.77,1074.13,23.46,299.65,890,7396,3,280,408.46,53.65,Friday,3,0
SRV-024,02-01-2026 04:30,API,Linux,72.98,56.87,48.52,71.0,1410.22,1087.37,26.78,334.79,626,7223,14,309,967.29,56.375,Friday,4,0
SRV-014,02-01-2026 05:00,File,Linux,67.43,45.29,52.47,52.72,1160.69,824.92,29.16,256.67,871,5796,9,315,202.93,54.06,Friday,5,0
SRV-096,02-01-2026 05:30,Application,Linux,60.79,39.14,79.43,42.51,1289.32,1026.51,29.92,269.56,600,6773,5,233,843.17,57.97,Friday,5,0
SRV-090,02-01-2026 06:30,Application,Linux,57.27,53.9,61.24,68.71,1279.27,1088.34,17.99,228.98,739,6955,10,196,640.85,58.33,Friday,6,0
SRV-031,02-01-2026 06:30,Application,Linux,66.8,49.52,57.61,66.7,1372.15,931.99,23.61,370.59,755,6773,9,250,597.42,54.42,Friday,6,0
SRV-017,02-01-2026 07:30,Application,Windows Server,69.02,76.02,41.51,52.79,1149.57,1089.86,18.08,255.34,461,6920,12,256,865.0,51.73,Friday,7,0
SRV-091,02-01-2026 08:00,Web,Windows Server,77.15,83.52,62.77,68.54,1310.08,997.54,22.41,326.03,516,7010,13,222,266.66,63.13,Friday,8,0
SRV-063,02-01-2026 08:00,Application,Linux,59.06,58.13,52.57,70.94,1299.6,1036.85,23.91,271.92,641,6861,10,303,543.53,55.22,Friday,8,0
SRV-004,02-01-2026 08:30,Application,Windows Server,71.96,61.92,45.86,28.67,1361.16,993.15,25.06,284.2,664,6812,6,277,574.13,60.69,Friday,8,0
SRV-019,02-01-2026 10:00,File,Linux,73.06,66.37,43.29,74.06,1615.73,1293.85,17.88,311.08,698,8275,11,266,478.56,63.79,Friday,10,0
SRV-014,02-01-2026 10:30,File,Linux,60.48,72.08,51.53,73.15,1661.03,1263.99,29.74,285.98,932,8231,13,244,474.2,59.98,Friday,10,0
SRV-072,02-01-2026 14:30,Database,Linux,95.98,73.95,42.71,99.0,2178.68,1607.89,30.91,409.39,1282,11061,5,267,655.78,65.92,Friday,14,1
SRV-074,02-01-2026 16:00,Web,Windows Server,96.77,77.72,61.57,59.46,2056.24,1502.35,35.09,337.63,1128,10183,16,347,398.36,58.49,Friday,16,0
SRV-036,02-01-2026 16:30,Web,Linux,92.51,74.64,59.47,78.08,2036.8,1471.66,26.76,358.0,1110,10277,12,290,456.47,65.13,Friday,16,0
SRV-079,02-01-2026 17:30,Application,Windows Server,86.98,72.93,46.99,96.67,2025.99,1415.79,36.79,348.24,923,10159,14,363,1177.89,63.46,Friday,17,0
SRV-074,02-01-2026 17:30,Web,Windows Server,99.0,84.85,51.79,87.03,2103.77,1613.85,33.58,378.31,753,10424,13,275,403.42,69.37,Friday,17,1
SRV-074,02-01-2026 19:30,Web,Windows Server,77.77,45.03,69.37,66.9,1306.82,1078.16,16.0,256.16,473,6974,11,258,700.71,50.33,Friday,19,0
SRV-040,02-01-2026 20:00,Application,Linux,54.55,42.0,39.96,33.89,1241.56,972.48,29.61,326.83,541,6727,7,273,701.28,50.52,Friday,20,0
SRV-037,02-01-2026 22:30,Web,Windows Server,61.12,69.29,73.52,55.54,1416.52,1057.29,28.36,273.61,804,7044,6,228,433.72,53.21,Friday,22,0
SRV-064,03-01-2026 00:30,File,Linux,59.37,62.27,61.73,38.77,989.88,773.51,17.78,280.19,423,5001,9,253,180.78,60.59,Saturday,0,0
SRV-037,03-01-2026 01:30,Web,Windows Server,87.94,47.82,55.8,43.66,1079.4,980.04,12.63,302.16,416,5857,8,274,687.97,62.91,Saturday,1,0
SRV-046,03-01-2026 03:00,File,Linux,66.94,65.96,41.13,29.84,942.63,719.12,22.09,297.56,306,5048,6,316,823.25,50.55,Saturday,3,0
SRV-090,03-01-2026 03:00,Application,Linux,57.68,50.49,70.32,55.32,1058.34,836.24,23.89,321.61,542,5662,7,207,818.29,51.36,Saturday,3,0
SRV-099,03-01-2026 04:00,Web,Linux,62.38,42.77,58.41,53.66,1125.9,871.93,23.73,311.44,487,5920,15,197,554.15,52.41,Saturday,4,0
SRV-093,03-01-2026 04:30,Database,Linux,79.39,48.7,63.68,62.27,1138.77,904.21,22.13,262.61,504,5994,10,298,443.4,54.55,Saturday,4,0
SRV-068,03-01-2026 05:00,Database,Windows Server,50.21,58.26,45.47,46.38,1119.57,921.9,13.86,255.32,581,6171,3,210,394.72,48.21,Saturday,5,0
SRV-006,03-01-2026 06:00,API,Windows Server,50.59,53.63,54.62,59.52,1167.2,845.71,29.46,228.95,513,5976,10,248,2464.72,49.44,Saturday,6,0
SRV-096,03-01-2026 06:30,Application,Linux,48.18,49.61,57.85,49.39,1129.2,793.52,24.66,332.9,416,5747,7,212,461.33,50.48,Saturday,6,0
SRV-070,03-01-2026 07:00,Database,Windows Server,50.62,65.44,68.24,36.18,1153.42,865.15,17.6,254.68,503,6128,6,176,826.7,52.34,Saturday,7,0
SRV-011,03-01-2026 08:00,Database,Linux,62.89,49.06,63.76,41.45,1227.47,894.3,14.0,301.73,516,6147,12,228,757.19,53.83,Saturday,8,0
SRV-039,03-01-2026 10:00,Web,Windows Server,62.14,69.07,52.69,60.23,1563.96,1081.88,21.79,302.16,362,8099,19,212,732.87,55.27,Saturday,10,0
SRV-073,03-01-2026 12:30,API,Linux,67.57,61.39,50.48,64.05,1692.41,1203.3,24.68,295.89,878,8332,13,237,1197.94,47.3,Saturday,12,0
SRV-064,03-01-2026 13:00,File,Linux,73.94,58.04,45.75,63.29,1248.2,1008.37,28.05,337.46,790,6684,7,295,864.47,66.16,Saturday,13,0
SRV-023,03-01-2026 13:00,API,Linux,73.88,71.79,53.03,79.51,1778.92,1261.02,25.92,329.23,880,8340,11,305,2075.1,57.17,Saturday,13,0
SRV-044,03-01-2026 14:00,Database,Linux,62.54,65.9,47.63,54.21,1742.72,1235.95,24.5,327.49,718,8652,17,269,362.05,59.88,Saturday,14,0
SRV-032,03-01-2026 14:30,API,Windows Server,68.98,55.02,70.37,61.25,1647.78,1285.58,19.78,254.35,680,8440,8,257,439.93,60.64,Saturday,14,0
SRV-053,03-01-2026 14:30,File,Linux,72.26,53.5,50.88,52.97,1313.15,964.15,24.39,216.58,715,6718,8,194,1268.93,58.62,Saturday,14,0
SRV-050,03-01-2026 16:30,Web,Linux,56.81,72.24,51.59,24.55,1676.01,1279.25,25.65,234.23,829,8129,4,288,512.25,48.28,Saturday,16,0
SRV-033,03-01-2026 18:30,Database,Linux,47.57,67.48,47.55,45.86,1203.57,930.6,17.91,236.81,712,6182,12,252,591.84,50.63,Saturday,18,0
SRV-088,03-01-2026 18:30,Database,Linux,66.41,60.59,52.63,58.69,1137.3,880.9,20.45,276.18,692,6085,11,225,548.69,57.01,Saturday,18,0
SRV-097,03-01-2026 18:30,Database,Linux,54.79,59.51,45.66,53.08,1174.57,968.89,19.01,256.6,434,6232,7,298,630.48,45.98,Saturday,18,0
SRV-090,03-01-2026 19:00,Application,Linux,52.1,56.81,59.59,52.24,1043.97,847.33,10.68,233.79,302,5581,7,225,428.46,52.88,Saturday,19,0
SRV-022,03-01-2026 19:30,Database,Linux,53.14,70.54,68.37,40.77,1178.32,860.05,24.56,307.71,547,6226,12,268,641.36,48.16,Saturday,19,0
SRV-063,03-01-2026 21:00,Application,Linux,69.53,51.44,50.88,58.93,1141.74,791.33,22.26,273.06,440,5797,10,325,784.87,59.42,Saturday,21,0
SRV-029,03-01-2026 21:00,Web,Linux,55.59,72.56,65.6,68.11,1191.89,891.37,17.13,237.65,344,5960,11,165,885.62,51.7,Saturday,21,0
SRV-006,03-01-2026 21:00,API,Windows Server,47.36,51.62,50.36,22.15,1145.88,908.31,22.39,242.07,596,5868,8,220,1534.12,47.3,Saturday,21,0
SRV-045,03-01-2026 21:30,File,Linux,51.58,49.21,26.76,23.51,892.97,703.81,20.55,248.96,574,5033,7,215,876.24,48.85,Saturday,21,0
SRV-013,03-01-2026 21:30,Application,Linux,63.55,60.89,53.97,48.43,1124.65,844.26,22.02,297.25,711,5770,11,200,449.2,52.76,Saturday,21,0
SRV-074,03-01-2026 21:30,Web,Windows Server,68.71,56.82,58.46,32.78,1077.98,848.14,25.9,232.61,563,5837,9,253,387.89,51.22,Saturday,21,0
SRV-034,03-01-2026 22:30,Database,Linux,66.11,67.97,55.02,53.33,1140.82,851.65,30.59,296.68,798,6082,6,224,575.79,62.38,Saturday,22,0
SRV-076,03-01-2026 22:30,Web,Linux,65.82,37.07,59.75,39.07,1084.06,858.95,21.34,241.03,466,5893,5,239,595.87,53.22,Saturday,22,0
SRV-072,03-01-2026 23:30,Database,Linux,46.23,73.1,75.99,73.38,1195.34,912.25,23.52,307.5,675,6184,11,221,1204.92,53.02,Saturday,23,0
SRV-060,04-01-2026 00:30,Web,Windows Server,50.01,70.26,57.69,56.98,1176.1,808.55,22.7,312.82,557,5786,10,271,1047.88,53.25,Sunday,0,0
SRV-080,04-01-2026 01:00,File,Windows Server,43.47,46.73,43.08,54.54,1009.21,732.71,23.43,302.16,444,4999,5,233,724.02,51.04,Sunday,1,0
SRV-071,04-01-2026 01:00,Web,Linux,66.43,55.2,55.89,42.73,1059.46,889.44,15.66,259.83,368,5859,6,226,1014.87,58.28,Sunday,1,0
SRV-070,04-01-2026 01:30,Database,Windows Server,84.25,51.23,50.61,70.02,1216.68,965.61,20.71,370.55,446,6194,12,396,1255.76,61.32,Sunday,1,0
SRV-064,04-01-2026 04:00,File,Linux,59.02,51.5,67.51,59.92,1018.87,673.23,19.31,299.16,738,4976,8,237,1187.36,56.46,Sunday,4,0
SRV-084,04-01-2026 04:30,Web,Linux,74.22,56.53,80.85,42.25,1098.32,723.01,22.71,332.5,375,5906,10,265,1918.84,56.12,Sunday,4,0
SRV-022,04-01-2026 05:30,Database,Linux,62.3,54.93,28.83,54.5,1027.09,904.91,29.51,261.83,389,6140,12,294,510.43,49.38,Sunday,5,0
SRV-067,04-01-2026 05:30,Application,Windows Server,84.25,66.43,42.9,51.32,987.8,876.75,29.71,324.77,752,5737,15,306,457.71,53.19,Sunday,5,0
SRV-001,04-01-2026 07:00,File,Windows Server,59.28,62.61,56.66,29.94,995.46,719.79,18.23,219.92,196,4926,5,331,1344.46,50.56,Sunday,7,0
SRV-085,04-01-2026 09:30,Web,Windows Server,55.16,66.58,46.58,67.54,1549.76,1272.25,15.25,264.79,736,8226,7,224,565.52,53.99,Sunday,9,0
SRV-014,04-01-2026 11:00,File,Linux,78.15,64.22,71.59,59.54,1228.89,957.48,29.1,322.77,695,6448,14,287,1231.17,59.63,Sunday,11,0
SRV-085,04-01-2026 12:00,Web,Windows Server,74.5,67.56,46.09,65.63,1501.33,1237.88,22.96,330.35,798,7927,14,330,782.38,54.58,Sunday,12,0
SRV-085,04-01-2026 12:00,Web,Windows Server,72.19,68.78,62.11,70.75,1497.31,1163.71,22.38,324.62,646,7981,14,230,698.64,54.97,Sunday,12,0
SRV-038,04-01-2026 14:00,Database,Linux,79.45,77.7,71.41,51.87,1709.51,1311.22,28.76,364.58,816,8671,23,317,1170.9,54.35,Sunday,14,0
SRV-064,04-01-2026 14:30,File,Linux,52.96,65.49,46.05,52.62,1315.6,919.35,23.84,305.2,811,6742,4,269,543.98,51.4,Sunday,14,0
SRV-083,04-01-2026 15:30,File,Linux,59.39,52.43,59.58,67.48,1376.92,1052.8,17.77,314.71,428,6824,9,196,778.9,56.37,Sunday,15,0
SRV-037,04-01-2026 16:00,Web,Windows Server,68.09,54.48,46.13,64.65,1638.64,1195.31,12.24,278.86,687,8285,13,296,299.09,56.58,Sunday,16,0
SRV-093,04-01-2026 16:00,Database,Linux,52.32,61.98,55.31,57.26,1781.26,1207.5,29.04,270.54,818,8724,7,266,982.81,51.39,Sunday,16,0
SRV-055,04-01-2026 16:00,Application,Linux,60.12,63.83,41.88,61.94,1540.11,1065.17,21.65,260.94,988,7798,7,230,609.61,58.59,Sunday,16,0
SRV-042,04-01-2026 16:00,File,Linux,59.2,44.86,34.65,34.01,1236.0,1029.49,22.9,221.78,589,6630,7,263,623.12,51.09,Sunday,16,0
SRV-084,04-01-2026 16:30,Web,Linux,45.96,79.3,40.35,91.8,1557.81,1265.57,17.65,285.41,807,8210,11,232,1679.63,56.06,Sunday,16,0
SRV-050,04-01-2026 16:30,Web,Linux,63.33,75.53,64.92,49.67,1648.15,1173.94,25.69,302.16,758,8123,11,262,409.63,59.53,Sunday,16,0
SRV-088,04-01-2026 17:30,Database,Linux,58.48,75.13,49.15,52.61,1780.37,1268.03,26.18,293.38,745,8722,11,273,610.53,52.1,Sunday,17,0
SRV-054,04-01-2026 18:00,Application,Linux,65.41,56.97,38.61,53.76,1635.13,1228.22,27.56,265.06,773,7949,14,186,202.23,50.07,Sunday,18,0
SRV-051,04-01-2026 19:00,Web,Windows Server,66.96,57.74,49.68,44.22,1085.29,853.42,21.97,280.94,556,5798,19,239,665.82,62.9,Sunday,19,0
SRV-018,04-01-2026 22:00,Web,Windows Server,52.05,55.62,49.54,47.44,1087.67,776.71,19.5,218.49,407,5783,4,268,152.8,51.62,Sunday,22,0
SRV-044,04-01-2026 23:00,Database,Linux,60.82,46.05,51.38,49.49,1136.71,801.62,29.56,243.6,582,5990,7,223,845.4,53.29,Sunday,23,0
SRV-100,05-01-2026 01:00,API,Linux,79.85,72.28,70.07,58.32,1599.95,1004.53,28.43,355.13,579,7296,15,249,522.61,56.375,Monday,1,0
SRV-074,05-01-2026 02:00,Web,Windows Server,79.37,79.01,33.96,70.24,1391.06,1056.89,27.32,359.54,483,7024,10,245,1006.33,49.28,Monday,2,0
SRV-024,05-01-2026 02:00,API,Linux,65.02,61.22,55.52,62.75,1421.7,1034.52,21.54,272.48,620,7282,10,247,1217.66,48.28,Monday,2,0
SRV-046,05-01-2026 03:00,File,Linux,53.35,64.75,49.84,58.92,1165.46,872.86,21.25,195.33,553,6026,10,209,520.04,53.81,Monday,3,0
SRV-056,05-01-2026 05:00,File,Windows Server,72.82,56.79,71.23,32.61,1102.86,881.97,24.88,253.25,491,5894,11,300,724.33,60.12,Monday,5,0
SRV-099,05-01-2026 05:00,Web,Linux,55.84,67.12,53.69,64.71,1470.64,1145.11,24.11,296.82,585,7214,8,253,714.92,51.78,Monday,5,0
SRV-099,05-01-2026 05:30,Web,Linux,52.44,65.67,59.37,39.59,1423.42,1064.12,11.93,227.57,430,7006,9,284,836.6,50.17,Monday,5,0
SRV-081,05-01-2026 06:00,Application,Windows Server,62.12,71.34,41.44,58.3,1362.16,1052.57,25.85,291.52,788,6893,15,205,581.68,51.93,Monday,6,0
SRV-052,05-01-2026 07:30,Web,Windows Server,66.22,66.54,52.51,52.95,1310.19,928.13,23.48,298.35,475,7008,8,277,330.85,54.61,Monday,7,0
SRV-023,05-01-2026 09:00,API,Linux,72.91,79.47,56.6,57.2,2160.44,1556.29,36.13,387.22,943,10777,19,262,686.25,56.84,Monday,9,0
SRV-072,05-01-2026 09:00,Database,Linux,80.3,77.01,57.98,78.2,2271.24,1591.93,34.01,393.95,944,11093,12,287,816.3,63.19,Monday,9,0
SRV-014,05-01-2026 10:00,File,Linux,72.33,71.51,67.39,68.66,1698.16,1147.14,17.14,313.87,551,8308,8,316,239.17,52.62,Monday,10,0
SRV-014,05-01-2026 11:30,File,Linux,84.06,52.12,58.8,69.59,1589.97,1146.6,18.7,275.81,732,8258,11,263,546.27,60.48,Monday,11,0
SRV-050,05-01-2026 11:30,Web,Linux,72.48,72.21,28.66,84.34,2045.86,1454.83,30.82,306.61,887,10398,11,289,1553.92,52.21,Monday,11,0
SRV-029,05-01-2026 11:30,Web,Linux,92.49,82.24,44.42,96.14,1995.17,1454.28,27.33,368.58,867,10406,14,360,192.12,60.96,Monday,11,0
SRV-044,05-01-2026 12:00,Database,Linux,91.72,65.73,44.81,99.0,2372.71,1532.77,31.79,360.55,783,10941,8,290,329.52,66.29,Monday,12,0
SRV-018,05-01-2026 14:30,Web,Windows Server,80.64,62.42,61.06,65.41,1958.28,1453.35,22.18,401.84,967,10199,12,248,992.46,56.9,Monday,14,0
SRV-064,05-01-2026 14:30,File,Linux,99.0,87.92,46.18,56.32,1704.28,1254.2,28.87,365.68,683,8315,13,331,535.03,66.04,Monday,14,0
SRV-025,05-01-2026 15:00,File,Linux,64.8,49.7,68.31,63.18,1581.27,1211.45,28.11,221.89,748,8260,5,232,682.36,57.36,Monday,15,0
SRV-100,05-01-2026 15:30,API,Linux,78.07,56.25,35.62,86.08,2099.46,1575.09,28.6,363.88,874,10866,12,268,2282.32,64.51,Monday,15,0
SRV-059,05-01-2026 17:00,Web,Windows Server,95.71,82.32,71.55,81.25,2085.71,1528.27,23.69,374.13,1172,10336,12,293,1359.1,62.55,Monday,17,0
SRV-097,05-01-2026 17:30,Database,Linux,81.84,75.72,48.58,95.22,2203.15,1599.59,29.88,376.12,1062,11032,11,297,339.86,57.8,Monday,17,0
SRV-057,05-01-2026 17:30,Database,Linux,90.74,79.89,51.52,90.0,2083.4,1664.81,39.18,315.9,1106,10983,13,402,698.01,69.62,Monday,17,0
SRV-040,05-01-2026 17:30,Application,Linux,84.84,59.28,53.68,85.26,1965.52,1481.82,25.42,336.68,868,9875,11,298,817.03,63.18,Monday,17,0
SRV-071,05-01-2026 19:00,Web,Linux,73.5,78.11,57.12,44.65,1382.73,1041.28,24.98,352.14,524,7040,9,276,655.66,59.39,Monday,19,0
SRV-092,05-01-2026 20:00,Application,Linux,61.92,52.38,47.99,48.43,1436.2,1039.46,12.42,289.49,660,6837,9,239,354.68,53.48,Monday,20,0
SRV-090,05-01-2026 20:30,Application,Linux,58.77,49.65,35.79,52.45,1274.38,979.11,30.64,284.82,856,7020,7,260,1647.55,49.24,Monday,20,0
SRV-035,05-01-2026 21:30,Database,Linux,69.41,64.05,69.4,55.62,1518.64,1134.52,28.83,331.11,830,7550,9,261,580.64,52.98,Monday,21,0
SRV-043,05-01-2026 21:30,Application,Windows Server,74.9,60.41,59.0,50.91,1208.3,992.62,7.26,300.64,572,6710,8,316,285.48,59.26,Monday,21,0
SRV-053,05-01-2026 22:30,File,Linux,64.87,66.98,65.22,21.83,1154.31,871.18,19.19,325.77,691,5976,11,272,396.32,51.74,Monday,22,0
SRV-038,06-01-2026 02:30,Database,Linux,69.0,75.11,78.14,49.18,1337.56,1079.0,17.74,313.65,564,7505,14,309,939.42,57.55,Tuesday,2,0
SRV-037,06-01-2026 02:30,Web,Windows Server,66.81,55.89,43.46,48.29,1354.15,1029.26,16.87,310.91,714,7091,7,236,447.2,54.76,Tuesday,2,0
SRV-010,06-01-2026 03:00,Database,Windows Server,67.83,44.88,45.98,41.79,1434.92,1134.15,22.53,301.77,789,7466,6,273,1034.56,57.94,Tuesday,3,0
SRV-066,06-01-2026 04:30,Application,Linux,63.78,44.02,34.79,67.22,1319.58,997.57,23.49,258.15,835,6683,6,247,1296.98,58.2,Tuesday,4,0
SRV-015,06-01-2026 05:00,Database,Linux,65.28,71.62,43.06,60.83,1513.49,1094.12,36.34,299.05,619,7493,8,266,725.72,54.71,Tuesday,5,0
SRV-011,06-01-2026 06:00,Database,Linux,74.38,44.34,51.52,64.4,1433.02,1098.98,28.06,293.93,569,7292,5,290,926.98,63.21,Tuesday,6,0
SRV-002,06-01-2026 07:30,Database,Windows Server,61.98,52.03,71.46,58.35,1461.55,1058.21,24.5,290.7,826,7413,10,233,439.89,48.49,Tuesday,7,0
SRV-050,06-01-2026 08:30,Web,Linux,53.38,64.04,80.07,65.31,1352.83,1023.51,31.27,293.14,624,7062,11,170,615.41,49.44,Tuesday,8,0
SRV-079,06-01-2026 08:30,Application,Windows Server,80.1,63.01,66.17,53.44,1235.87,1019.68,37.54,319.65,448,6873,11,348,497.79,55.93,Tuesday,8,0
SRV-003,06-01-2026 09:00,API,Linux,72.02,56.75,35.79,99.0,2140.38,1637.89,20.91,297.61,983,10785,6,240,667.85,54.07,Tuesday,9,0
SRV-044,06-01-2026 09:30,Database,Linux,86.08,84.82,72.59,81.22,2227.0,1626.74,30.03,325.42,1010,11033,12,278,908.13,65.05,Tuesday,9,0
SRV-013,06-01-2026 10:00,Application,Linux,58.3,72.76,83.96,61.87,1952.19,1384.11,31.06,297.75,927,9990,9,214,1226.82,50.18,Tuesday,10,0
SRV-030,06-01-2026 10:30,Application,Linux,82.57,90.53,67.1,68.57,1867.64,1481.75,29.63,362.7,868,9866,12,275,1020.57,54.97,Tuesday,10,0
SRV-079,06-01-2026 11:00,Application,Windows Server,52.09,67.04,45.06,71.87,2020.26,1439.43,13.78,204.12,813,10017,8,232,367.98,51.85,Tuesday,11,0
SRV-033,06-01-2026 12:00,Database,Linux,75.21,78.74,48.11,85.44,2152.38,1723.74,26.08,401.1,1054,11106,9,200,630.32,63.04,Tuesday,12,0
SRV-015,06-01-2026 12:00,Database,Linux,89.11,64.49,58.05,98.63,2144.95,1594.33,28.01,345.84,941,11132,13,341,298.38,73.04,Tuesday,12,0
SRV-074,06-01-2026 12:00,Web,Windows Server,82.15,66.32,66.69,75.07,2107.19,1504.68,38.47,325.12,853,10400,10,291,677.94,56.95,Tuesday,12,0
SRV-029,06-01-2026 13:30,Web,Linux,92.86,65.93,62.72,75.32,1965.1,1523.71,40.92,310.36,983,10158,19,362,549.55,61.66,Tuesday,13,0
SRV-079,06-01-2026 15:00,Application,Windows Server,92.51,78.58,55.48,82.93,1967.86,1416.82,22.67,328.77,1192,9934,14,342,700.63,63.41,Tuesday,15,0
SRV-060,06-01-2026 15:00,Web,Windows Server,93.59,80.42,49.23,78.01,2142.0,1468.08,24.74,357.16,870,10401,16,320,474.35,67.08,Tuesday,15,0
SRV-029,06-01-2026 15:30,Web,Linux,80.33,73.37,68.32,86.08,1904.34,1601.28,24.05,328.72,1168,10348,3,291,786.13,63.07,Tuesday,15,0
SRV-062,06-01-2026 21:00,Database,Windows Server,58.24,64.05,62.25,70.88,1423.36,970.48,20.05,286.17,530,7488,14,181,634.61,53.98,Tuesday,21,0
SRV-006,06-01-2026 22:00,API,Windows Server,72.41,49.3,64.39,48.02,1370.58,1025.84,30.04,328.22,839,7137,11,284,2192.0,58.87,Tuesday,22,0
SRV-018,06-01-2026 22:30,Web,Windows Server,68.88,53.56,45.16,78.86,1316.88,1016.19,21.25,298.06,556,7101,6,240,615.5,64.17,Tuesday,22,0
SRV-043,06-01-2026 23:00,Application,Windows Server,87.77,58.34,48.03,60.56,1399.51,1012.62,21.85,288.73,650,6812,11,327,671.65,56.375,Tuesday,23,0
SRV-039,07-01-2026 00:00,Web,Windows Server,77.35,59.89,50.27,66.13,1349.93,999.95,28.95,338.91,819,7070,13,283,815.99,62.24,Wednesday,0,0
SRV-047,07-01-2026 01:00,Database,Linux,89.55,65.77,64.03,72.52,1326.2,1098.03,26.46,304.0,839,7459,13,369,705.37,58.35,Wednesday,1,0
SRV-092,07-01-2026 02:00,Application,Linux,76.99,57.4,57.5,77.61,1215.78,1026.23,21.1,293.78,720,6697,9,285,948.24,53.82,Wednesday,2,0
SRV-014,07-01-2026 02:00,File,Linux,71.39,60.89,69.96,63.64,1162.84,872.19,17.24,315.61,731,5968,12,233,381.43,56.61,Wednesday,2,0
SRV-017,07-01-2026 03:00,Application,Windows Server,76.37,55.98,70.68,44.29,1328.01,914.27,16.29,280.57,410,6878,5,299,686.45,58.01,Wednesday,3,0
SRV-045,07-01-2026 03:00,File,Linux,77.16,75.98,58.98,53.72,1049.15,882.56,21.02,285.94,548,5855,7,308,471.04,53.15,Wednesday,3,0
SRV-056,07-01-2026 05:00,File,Windows Server,60.01,42.8,59.52,56.2,1139.63,808.69,14.43,263.06,546,5824,12,256,601.2,52.69,Wednesday,5,0
SRV-020,07-01-2026 05:30,Application,Linux,60.02,44.71,38.33,63.32,1317.37,956.79,18.74,287.94,446,6754,10,229,728.17,48.89,Wednesday,5,0
SRV-027,07-01-2026 05:30,Database,Linux,54.37,71.62,40.7,50.0,1459.1,1068.76,30.64,346.46,894,7333,7,239,484.0,46.98,Wednesday,5,0
SRV-089,07-01-2026 07:00,Web,Windows Server,63.41,33.3,84.36,31.47,1321.26,989.33,20.85,308.65,602,7096,17,266,618.52,48.95,Wednesday,7,0
SRV-051,07-01-2026 07:30,Web,Windows Server,88.77,64.18,51.91,48.95,1387.71,1063.92,20.64,261.61,385,7067,12,347,686.18,57.79,Wednesday,7,0
SRV-097,07-01-2026 08:00,Database,Linux,59.65,48.17,41.28,77.88,1489.48,1207.94,27.93,287.59,569,7580,5,219,609.57,51.57,Wednesday,8,0
SRV-017,07-01-2026 08:00,Application,Windows Server,62.94,68.33,46.76,80.89,1301.17,973.45,23.63,292.42,653,6878,9,321,1136.91,51.97,Wednesday,8,0
SRV-016,07-01-2026 12:00,Web,Windows Server,64.17,91.18,83.12,93.72,1979.54,1482.78,17.89,343.87,983,10201,3,315,438.51,54.86,Wednesday,12,0
SRV-023,07-01-2026 13:00,API,Linux,79.04,76.5,39.58,82.33,2188.1,1606.48,31.18,282.51,1120,10728,9,297,683.26,60.99,Wednesday,13,0
SRV-077,07-01-2026 13:00,Web,Linux,67.72,67.66,59.2,91.22,2067.09,1612.35,27.27,378.84,1011,10444,14,237,425.12,55.57,Wednesday,13,0
SRV-090,07-01-2026 13:00,Application,Linux,84.74,55.82,72.55,75.15,2003.12,1395.86,33.66,348.09,1022,10005,13,313,818.7,62.18,Wednesday,13,0
SRV-003,07-01-2026 13:30,API,Linux,80.6,81.34,55.59,84.1,2043.09,1488.85,20.61,354.14,968,10708,9,296,787.91,57.87,Wednesday,13,0
SRV-020,07-01-2026 14:00,Application,Linux,90.46,85.31,69.57,74.5,1985.54,1487.0,35.69,392.33,1078,10059,15,330,386.76,60.04,Wednesday,14,0
SRV-041,07-01-2026 16:00,Database,Linux,75.42,92.35,42.4,74.76,2190.58,1662.18,31.82,356.24,914,10900,19,290,684.04,52.6,Wednesday,16,0
SRV-033,07-01-2026 16:00,Database,Linux,90.94,87.87,66.55,80.38,2249.19,1691.11,31.51,379.32,1032,11254,12,301,484.86,61.19,Wednesday,16,0
SRV-098,07-01-2026 17:00,Web,Windows Server,84.14,80.1,51.85,91.33,1939.52,1482.25,21.86,391.31,822,10223,14,345,1260.81,68.6,Wednesday,17,0
SRV-054,07-01-2026 17:00,Application,Linux,58.64,68.89,42.67,68.44,2032.12,1481.3,34.35,277.66,1159,10143,14,308,996.47,55.16,Wednesday,17,0
SRV-011,07-01-2026 17:30,Database,Linux,75.51,91.53,55.23,78.37,2159.12,1580.21,28.87,359.95,884,11100,9,315,347.23,58.35,Wednesday,17,0
SRV-069,07-01-2026 18:00,Web,Linux,82.02,79.92,33.86,78.74,1962.69,1438.11,23.97,358.38,1150,10320,12,261,1061.76,61.98,Wednesday,18,0
SRV-055,07-01-2026 21:00,Application,Linux,58.21,71.7,57.64,37.79,1357.04,1056.7,27.11,291.72,607,6846,19,253,417.33,44.37,Wednesday,21,0
SRV-007,07-01-2026 21:30,File,Linux,64.52,68.68,62.66,55.69,1193.71,788.66,17.25,291.57,503,5816,12,273,1423.42,53.44,Wednesday,21,0
SRV-056,07-01-2026 22:00,File,Windows Server,67.95,58.4,51.45,54.29,1255.32,882.62,19.28,336.87,785,5832,6,316,706.84,57.35,Wednesday,22,0
SRV-083,07-01-2026 23:00,File,Linux,40.98,50.79,80.24,39.46,1218.41,864.11,15.37,192.69,410,5995,6,199,461.72,46.38,Wednesday,23,0
SRV-001,07-01-2026 23:30,File,Windows Server,61.8,72.5,41.53,55.91,1276.69,875.61,23.2,297.62,604,5847,5,226,887.54,58.99,Wednesday,23,0
SRV-026,07-01-2026 23:30,Web,Linux,40.26,83.94,49.87,46.23,1356.47,949.78,11.27,294.33,666,7020,11,231,744.96,43.01,Wednesday,23,0
SRV-086,08-01-2026 00:00,Web,Windows Server,73.33,71.54,49.38,58.73,1397.19,1028.58,30.22,325.29,614,7086,14,312,1412.26,58.38,Thursday,0,0
SRV-045,08-01-2026 01:00,File,Linux,76.83,51.95,45.52,37.41,1222.54,824.44,22.62,351.08,568,5913,11,266,667.38,53.72,Thursday,1,0
SRV-081,08-01-2026 01:00,Application,Windows Server,85.24,64.64,49.82,61.41,1391.83,1016.54,20.16,321.72,502,6853,10,302,453.89,57.15,Thursday,1,0
SRV-005,08-01-2026 02:30,Web,Windows Server,77.79,63.43,55.29,69.69,1367.08,1129.61,27.37,319.9,561,7143,11,280,1253.15,57.68,Thursday,2,0
SRV-050,08-01-2026 03:30,Web,Linux,57.02,48.53,46.72,67.96,1388.15,1034.34,21.16,270.06,673,6939,10,255,356.02,53.11,Thursday,3,0
SRV-029,08-01-2026 03:30,Web,Linux,58.22,75.8,57.49,54.52,1401.59,1100.91,25.68,296.94,546,7033,11,263,950.5,51.81,Thursday,3,0
SRV-021,08-01-2026 05:00,File,Linux,69.13,52.97,65.5,46.22,1194.73,877.76,18.92,326.75,526,6051,10,293,555.28,62.64,Thursday,5,0
SRV-060,08-01-2026 05:30,Web,Windows Server,41.96,48.45,70.05,46.63,1326.15,1093.01,25.94,192.02,660,6961,5,221,646.73,44.96,Thursday,5,0
SRV-037,08-01-2026 05:30,Web,Windows Server,81.96,57.59,54.91,50.08,1406.6,1018.79,29.29,346.47,746,7072,8,346,723.9,55.22,Thursday,5,0
SRV-040,08-01-2026 06:30,Application,Linux,73.9,74.51,74.33,60.49,1355.18,1041.34,21.24,322.98,667,6941,19,233,427.17,58.79,Thursday,6,0
SRV-037,08-01-2026 07:30,Web,Windows Server,53.21,69.67,31.04,25.72,1183.41,1008.54,13.87,221.92,837,7090,10,252,964.14,48.63,Thursday,7,0
SRV-018,08-01-2026 07:30,Web,Windows Server,70.4,58.76,57.8,43.35,1316.0,1009.05,25.01,310.39,748,6929,9,233,454.78,56.42,Thursday,7,0
SRV-032,08-01-2026 08:00,API,Windows Server,67.96,57.06,34.9,65.24,1363.37,1110.74,26.85,299.15,873,7183,3,289,1182.47,64.92,Thursday,8,0
SRV-076,08-01-2026 09:00,Web,Linux,74.97,85.84,45.86,92.48,2042.65,1605.85,23.97,338.66,885,10252,8,330,979.8,61.43,Thursday,9,0
SRV-023,08-01-2026 09:30,API,Linux,79.57,56.1,46.69,68.83,2144.4,1554.81,29.01,255.82,1051,10750,11,369,690.86,60.91,Thursday,9,0
SRV-016,08-01-2026 09:30,Web,Windows Server,98.6,80.57,52.26,72.84,1929.41,1552.74,37.38,365.84,1028,10331,13,254,517.69,60.6,Thursday,9,0
SRV-096,08-01-2026 11:30,Application,Linux,76.42,92.3,52.62,80.88,1817.92,1382.85,26.98,312.83,746,9759,11,259,790.0,61.5,Thursday,11,0
SRV-073,08-01-2026 12:30,API,Linux,64.48,69.38,65.07,49.33,2100.16,1542.52,23.82,299.2,1009,10605,8,247,932.09,59.03,Thursday,12,0
SRV-021,08-01-2026 13:00,File,Linux,67.39,59.9,50.43,80.01,1578.64,1183.24,25.69,317.24,881,8145,11,284,292.18,56.13,Thursday,13,0
SRV-043,08-01-2026 13:30,Application,Windows Server,78.01,78.01,62.26,71.95,1989.46,1490.43,24.48,349.21,1036,9988,15,273,534.74,58.93,Thursday,13,0
SRV-053,08-01-2026 14:30,File,Linux,63.1,53.21,57.21,54.58,1652.9,1258.44,20.84,243.04,600,8273,6,209,453.75,55.99,Thursday,14,0
SRV-064,08-01-2026 15:00,File,Linux,71.37,71.64,61.58,51.72,1641.71,1160.49,29.07,306.23,552,8320,11,280,779.87,55.96,Thursday,15,0
SRV-075,08-01-2026 18:30,Web,Linux,66.33,52.89,57.58,61.12,1376.9,963.99,31.65,317.56,609,7069,10,284,435.5,55.46,Thursday,18,0
SRV-047,08-01-2026 18:30,Database,Linux,76.31,62.22,56.03,43.34,1356.5,1145.79,17.28,316.09,533,7291,4,333,1274.51,59.44,Thursday,18,0
SRV-038,08-01-2026 18:30,Database,Linux,80.45,48.56,51.74,82.08,1421.46,1126.65,33.6,368.22,744,7317,14,241,636.98,61.88,Thursday,18,0
SRV-028,08-01-2026 22:30,Web,Linux,68.88,56.49,68.42,48.71,1380.67,990.62,24.39,263.8,606,6999,9,261,264.51,58.5,Thursday,22,0
SRV-060,09-01-2026 00:00,Web,Windows Server,79.5,59.94,50.17,60.67,1307.11,1118.68,33.15,319.02,771,7078,7,279,738.67,63.58,Friday,0,0
SRV-059,09-01-2026 00:30,Web,Windows Server,58.88,71.49,66.69,42.96,1370.22,1101.07,23.6,268.1,772,7046,6,241,466.15,48.72,Friday,0,0
SRV-085,09-01-2026 03:00,Web,Windows Server,63.77,58.52,71.65,57.19,1290.02,1047.59,36.83,272.88,698,7054,6,316,578.81,56.04,Friday,3,0
SRV-048,09-01-2026 03:00,Web,Linux,72.14,53.11,28.42,48.56,1341.71,998.85,24.5,277.01,611,7086,10,282,515.13,50.44,Friday,3,0
SRV-081,09-01-2026 05:00,Application,Windows Server,58.78,62.32,56.0,62.15,1257.81,1015.08,31.58,364.41,423,6841,13,306,710.41,56.19,Friday,5,0
SRV-094,09-01-2026 06:00,Database,Windows Server,45.68,39.99,75.14,47.62,1452.9,1109.16,15.2,194.11,660,7538,4,183,609.68,45.85,Friday,6,0
SRV-048,09-01-2026 08:00,Web,Linux,71.13,53.53,23.58,73.13,1357.4,1079.99,23.49,251.95,699,6947,11,287,1319.96,57.46,Friday,8,0
SRV-078,09-01-2026 08:30,Application,Windows Server,59.05,50.59,76.15,46.4,1367.92,980.57,27.07,274.25,986,6947,9,198,480.92,53.96,Friday,8,0
SRV-070,09-01-2026 09:30,Database,Windows Server,69.29,81.28,50.72,77.41,2122.3,1651.3,32.77,349.68,1145,10966,14,262,922.96,59.17,Friday,9,0
SRV-012,09-01-2026 09:30,API,Linux,70.3,97.04,84.83,79.34,1879.42,1509.79,25.55,357.25,919,10690,15,292,227.66,61.65,Friday,9,0
SRV-097,09-01-2026 10:00,Database,Linux,88.68,72.25,87.28,86.09,2128.84,1623.08,35.31,387.77,916,11079,19,260,292.67,62.84,Friday,10,0
SRV-048,09-01-2026 11:30,Web,Linux,93.23,80.98,59.67,71.67,2007.41,1381.07,36.53,333.17,817,10306,18,341,846.75,60.87,Friday,11,0
SRV-062,09-01-2026 12:00,Database,Windows Server,63.36,85.73,24.95,68.51,2204.43,1632.91,27.06,319.53,1103,11036,7,237,323.95,52.48,Friday,12,0
SRV-077,09-01-2026 13:00,Web,Linux,66.46,74.7,71.06,67.4,2031.55,1505.84,29.18,302.55,966,10225,10,219,284.63,54.36,Friday,13,0
SRV-066,09-01-2026 13:30,Application,Linux,73.98,67.18,57.34,75.84,1871.24,1396.25,21.81,299.76,892,10063,11,255,1081.63,61.18,Friday,13,0
SRV-015,09-01-2026 13:30,Database,Linux,83.32,91.5,54.17,94.88,2030.54,1728.24,24.79,374.06,1197,10997,15,377,1461.33,61.88,Friday,13,0
SRV-028,09-01-2026 14:00,Web,Linux,84.57,81.09,49.29,97.01,1996.48,1574.14,33.08,309.59,1041,10358,13,301,1216.64,63.14,Friday,14,0
SRV-051,09-01-2026 18:30,Web,Windows Server,57.48,57.25,44.67,58.32,1423.45,1136.47,18.12,269.0,711,7064,5,276,967.24,51.25,Friday,18,0
SRV-029,09-01-2026 19:00,Web,Linux,61.52,60.82,40.34,50.91,1398.19,969.25,14.46,240.2,550,7022,8,238,180.48,45.95,Friday,19,0
SRV-006,09-01-2026 19:00,API,Windows Server,63.43,70.79,36.25,53.4,1351.85,1061.6,23.9,319.35,708,7191,9,315,365.61,56.46,Friday,19,0
SRV-057,09-01-2026 19:30,Database,Linux,60.44,79.87,75.94,61.76,1440.74,1052.9,25.39,317.05,1000,7329,10,285,558.53,68.6,Friday,19,0
SRV-060,09-01-2026 20:00,Web,Windows Server,76.44,57.89,45.17,55.9,1430.43,994.29,22.43,262.29,530,7046,5,237,403.02,59.17,Friday,20,0
SRV-098,09-01-2026 20:30,Web,Windows Server,71.99,68.21,68.68,68.6,1311.63,1070.09,19.1,406.7,615,7021,10,238,199.55,64.31,Friday,20,0
SRV-033,09-01-2026 23:00,Database,Linux,55.07,54.27,32.71,50.39,1402.36,1002.78,19.74,255.23,796,7296,7,239,515.17,48.69,Friday,23,0
SRV-035,10-01-2026 00:00,Database,Linux,59.23,52.88,77.78,58.9,1116.21,938.74,22.34,259.08,655,6022,10,299,568.72,49.1,Saturday,0,0
SRV-009,10-01-2026 00:30,Web,Linux,53.96,42.57,48.65,43.1,1202.47,790.79,27.26,194.16,525,5849,15,242,602.33,48.73,Saturday,0,0
SRV-053,10-01-2026 01:00,File,Linux,62.48,50.4,66.83,49.04,1044.72,788.83,24.88,260.25,509,5097,11,281,361.02,54.49,Saturday,1,0
SRV-057,10-01-2026 01:30,Database,Linux,56.01,54.71,71.48,58.96,1119.16,867.09,20.38,324.42,576,6000,11,189,1516.98,54.12,Saturday,1,0
SRV-007,10-01-2026 02:30,File,Linux,49.28,45.26,72.2,59.84,971.01,687.72,13.87,216.14,409,4969,4,261,1412.34,48.3,Saturday,2,0
SRV-098,10-01-2026 02:30,Web,Windows Server,77.07,32.76,59.88,22.19,1012.51,775.69,22.4,311.73,397,5899,8,300,475.28,59.08,Saturday,2,0
SRV-020,10-01-2026 08:00,Application,Linux,51.9,53.18,65.12,53.85,1151.17,865.99,25.89,270.7,475,5724,5,193,1444.33,53.08,Saturday,8,0
SRV-042,10-01-2026 09:00,File,Linux,79.64,66.2,58.9,69.54,1347.42,1049.89,31.6,294.23,881,6692,8,283,819.07,57.0,Saturday,9,0
SRV-076,10-01-2026 09:30,Web,Linux,67.71,77.23,61.89,78.75,1640.71,1155.59,29.83,308.91,770,7994,10,331,285.05,62.21,Saturday,9,0
SRV-018,10-01-2026 11:00,Web,Windows Server,70.44,62.1,64.61,81.91,1584.38,1141.1,21.61,267.42,931,8123,9,358,584.83,60.25,Saturday,11,0
SRV-074,10-01-2026 12:00,Web,Windows Server,79.5,54.84,59.56,72.24,1661.45,1288.59,23.69,300.28,798,8410,7,325,429.0,58.05,Saturday,12,0
SRV-014,10-01-2026 12:30,File,Linux,51.73,44.29,49.41,40.85,1296.12,1024.48,16.33,282.85,538,6639,12,218,587.75,53.13,Saturday,12,0
SRV-054,10-01-2026 14:00,Application,Linux,64.41,66.09,60.21,61.49,1572.55,1207.05,20.4,305.21,742,7909,12,260,947.11,58.61,Saturday,14,0
SRV-052,10-01-2026 15:30,Web,Windows Server,69.3,67.35,46.79,47.17,1561.56,1211.1,23.42,284.28,621,8244,13,297,799.5,61.33,Saturday,15,0
SRV-021,10-01-2026 15:30,File,Linux,69.87,57.66,76.07,70.55,1219.72,942.92,21.23,240.7,703,6628,13,294,350.61,56.63,Saturday,15,0
SRV-017,10-01-2026 15:30,Application,Windows Server,70.36,57.19,44.88,54.08,1479.44,1197.02,28.07,227.65,851,7733,9,270,350.18,53.66,Saturday,15,0
SRV-083,10-01-2026 17:30,File,Linux,68.51,63.01,52.81,45.69,1363.83,1017.28,14.8,272.57,629,6711,8,312,827.42,52.3,Saturday,17,0
SRV-033,10-01-2026 18:30,Database,Linux,54.08,65.71,50.65,50.96,1162.29,814.39,15.69,253.51,630,6121,14,294,1414.2,56.375,Saturday,18,0
SRV-066,10-01-2026 19:00,Application,Linux,55.57,71.34,57.44,57.73,1159.5,853.92,21.19,207.85,325,5688,5,217,353.73,56.85,Saturday,19,0
SRV-029,10-01-2026 19:30,Web,Linux,71.71,50.63,54.37,61.35,1151.14,814.25,29.09,346.58,701,5696,10,271,753.41,58.14,Saturday,19,0
SRV-099,10-01-2026 20:00,Web,Linux,61.92,60.1,73.76,44.02,1071.67,805.58,20.4,254.86,705,5705,3,303,447.99,49.67,Saturday,20,0
SRV-068,10-01-2026 21:30,Database,Windows Server,67.96,64.11,54.14,54.28,1111.47,968.79,24.46,331.18,654,5980,16,217,264.57,49.32,Saturday,21,0
SRV-044,10-01-2026 21:30,Database,Linux,72.59,63.4,40.32,48.06,1189.97,854.69,13.51,302.16,464,6173,11,312,583.49,62.57,Saturday,21,0
SRV-046,11-01-2026 00:30,File,Linux,51.86,56.71,54.58,33.11,907.84,776.42,22.93,280.0,456,4974,11,251,1136.06,45.47,Sunday,0,0
SRV-047,11-01-2026 00:30,Database,Linux,59.46,64.29,54.07,56.16,1203.58,837.22,21.53,237.98,404,6108,4,317,1105.12,52.36,Sunday,0,0
SRV-004,11-01-2026 01:00,Application,Windows Server,65.93,32.18,46.39,42.34,1089.27,765.36,21.3,253.47,349,5687,8,295,1120.46,58.55,Sunday,1,0
SRV-100,11-01-2026 04:00,API,Linux,67.04,72.77,55.27,40.19,1176.43,811.25,15.68,343.69,529,6122,14,291,1504.77,56.75,Sunday,4,0
SRV-072,11-01-2026 06:30,Database,Linux,41.39,69.14,50.39,37.94,1138.59,941.33,21.08,314.64,771,6119,9,227,838.57,48.11,Sunday,6,0
SRV-030,11-01-2026 07:00,Application,Linux,62.22,40.49,45.15,25.73,1071.17,807.52,15.18,259.42,503,5760,2,239,811.36,48.36,Sunday,7,0
SRV-021,11-01-2026 07:00,File,Linux,62.81,51.39,55.21,22.62,1018.14,720.61,17.67,322.62,566,5031,12,278,965.6,57.87,Sunday,7,0
SRV-064,11-01-2026 08:00,File,Linux,55.75,63.29,59.3,47.45,937.21,717.54,14.91,279.54,360,5129,8,250,1521.48,50.01,Sunday,8,0
SRV-031,11-01-2026 08:30,Application,Linux,38.35,54.79,55.24,55.6,1176.29,841.67,23.31,299.96,717,5724,7,255,521.87,46.74,Sunday,8,0
SRV-078,11-01-2026 08:30,Application,Windows Server,56.14,54.49,60.07,33.36,1094.39,824.36,27.85,281.66,508,5632,10,278,1118.67,50.56,Sunday,8,0
SRV-098,11-01-2026 09:00,Web,Windows Server,51.89,85.03,63.48,61.71,1619.97,1162.01,25.42,272.47,686,8222,10,285,765.43,56.375,Sunday,9,0
SRV-084,11-01-2026 10:00,Web,Linux,67.77,54.01,58.84,65.89,1690.35,1250.2,24.08,321.26,652,8279,11,277,839.16,55.63,Sunday,10,0
SRV-064,11-01-2026 10:30,File,Linux,73.4,59.65,50.36,60.4,1225.33,1057.91,19.47,328.82,639,6640,6,338,1059.91,59.11,Sunday,10,0
SRV-066,11-01-2026 11:00,Application,Linux,65.66,58.76,63.48,87.73,1445.2,1135.49,17.73,284.4,820,7708,5,215,552.29,57.77,Sunday,11,0
SRV-058,11-01-2026 13:30,Application,Windows Server,83.19,62.18,66.2,60.66,1527.07,1203.23,21.5,307.04,726,7969,13,291,1442.87,57.73,Sunday,13,0
SRV-078,11-01-2026 13:30,Application,Windows Server,75.08,71.51,42.35,73.2,1486.98,1172.28,22.66,336.78,884,7905,13,303,522.45,49.57,Sunday,13,0
SRV-085,11-01-2026 13:30,Web,Windows Server,55.74,44.17,66.99,62.11,1548.19,1213.01,33.1,181.95,1010,8199,6,250,769.29,50.55,Sunday,13,0
SRV-052,11-01-2026 15:00,Web,Windows Server,56.98,66.31,54.41,57.91,1555.34,1239.1,21.7,257.44,795,7917,11,241,252.62,55.53,Sunday,15,0
SRV-061,11-01-2026 15:30,Application,Linux,62.78,63.42,43.31,54.28,1582.49,1179.91,18.8,289.25,651,7995,11,277,1167.04,52.53,Sunday,15,0
SRV-060,11-01-2026 18:30,Web,Windows Server,67.13,71.57,68.49,51.75,1163.28,940.87,28.81,315.96,348,5882,8,236,211.44,56.51,Sunday,18,0
SRV-079,11-01-2026 19:30,Application,Windows Server,80.12,39.93,55.84,54.73,1098.17,888.3,27.68,328.18,814,5788,12,304,273.47,56.28,Sunday,19,0
SRV-063,11-01-2026 19:30,Application,Linux,81.27,38.68,45.33,51.78,1033.36,855.02,23.33,311.46,530,5818,10,291,682.82,57.64,Sunday,19,0
SRV-024,11-01-2026 20:00,API,Linux,78.22,40.79,50.53,75.78,1159.9,846.67,20.99,310.24,646,6001,9,279,757.96,60.18,Sunday,20,0
SRV-061,11-01-2026 20:30,Application,Linux,64.56,50.3,72.65,35.98,1128.59,808.61,25.05,242.9,419,5598,6,256,427.17,49.24,Sunday,20,0
SRV-061,11-01-2026 23:00,Application,Linux,64.81,57.83,56.87,47.66,1060.64,912.57,14.42,313.06,769,5740,6,325,276.3,54.3,Sunday,23,0
SRV-048,11-01-2026 23:30,Web,Linux,64.46,33.11,44.52,26.31,965.79,868.77,29.62,252.68,589,5795,7,204,552.21,54.4,Sunday,23,0
SRV-003,12-01-2026 00:00,API,Linux,58.53,69.25,65.41,54.36,1350.78,1066.14,23.12,303.27,833,7315,5,236,813.34,50.5,Monday,0,0
SRV-054,12-01-2026 02:00,Application,Linux,53.56,54.51,51.06,40.41,1381.52,1034.66,21.05,245.73,694,6906,12,267,608.16,55.28,Monday,2,0
SRV-065,12-01-2026 03:30,Application,Linux,55.48,72.86,39.37,42.35,1216.11,1040.61,28.51,246.71,432,6760,12,249,817.83,48.75,Monday,3,0
SRV-042,12-01-2026 03:30,File,Linux,67.98,67.0,63.38,51.67,1092.1,899.61,15.26,277.98,511,5858,7,352,1054.99,57.61,Monday,3,0
SRV-001,12-01-2026 03:30,File,Windows Server,59.88,57.89,66.85,62.51,1143.01,877.89,23.91,278.53,512,5852,11,297,1136.52,56.68,Monday,3,0
SRV-032,12-01-2026 04:30,API,Windows Server,81.36,55.46,52.18,85.01,1340.18,1004.64,30.9,416.42,777,7238,9,260,1214.61,61.33,Monday,4,0
SRV-070,12-01-2026 04:30,Database,Windows Server,60.96,81.73,50.51,81.88,1455.67,1005.7,23.45,353.13,734,7456,8,261,698.42,57.11,Monday,4,0
SRV-043,12-01-2026 05:00,Application,Windows Server,71.35,61.48,51.56,55.39,1286.38,981.68,24.49,287.95,532,6816,15,271,617.19,53.44,Monday,5,0
SRV-033,12-01-2026 07:00,Database,Linux,56.45,69.03,45.73,35.75,1391.72,1023.1,30.46,255.95,639,7387,11,233,550.55,48.68,Monday,7,0
SRV-079,12-01-2026 07:30,Application,Windows Server,60.81,59.75,70.55,70.11,1351.04,1075.32,22.11,253.65,898,6768,13,235,530.84,51.17,Monday,7,0
SRV-046,12-01-2026 08:30,File,Linux,69.12,70.28,64.16,50.52,1053.05,814.09,23.01,303.24,568,5829,11,257,511.04,52.11,Monday,8,0
SRV-050,12-01-2026 10:30,Web,Linux,78.78,80.19,56.03,83.93,2086.67,1537.95,31.97,390.89,901,10191,13,246,798.34,55.52,Monday,10,0
SRV-024,12-01-2026 12:30,API,Linux,99.0,91.66,41.79,81.34,2127.89,1519.13,26.75,360.39,1030,10748,13,363,471.47,67.25,Monday,12,0
SRV-009,12-01-2026 13:00,Web,Linux,70.98,82.0,30.43,55.62,2042.9,1599.41,27.57,253.74,921,10357,11,249,363.83,56.32,Monday,13,0
SRV-090,12-01-2026 13:30,Application,Linux,91.91,61.97,59.92,90.1,1956.65,1514.06,33.49,334.28,798,10133,9,359,494.73,66.78,Monday,13,0
SRV-093,12-01-2026 13:30,Database,Linux,67.46,81.18,63.26,83.55,2074.96,1633.2,37.11,367.73,904,11037,11,243,558.37,60.58,Monday,13,0
SRV-042,12-01-2026 14:00,File,Linux,62.94,79.09,45.32,53.76,1666.46,1298.73,23.75,345.89,811,8190,15,252,1281.51,56.6,Monday,14,0
SRV-026,12-01-2026 14:30,Web,Linux,78.78,60.69,53.01,69.51,2014.06,1504.47,15.89,315.5,1130,10442,11,336,697.49,65.62,Monday,14,0
SRV-032,12-01-2026 14:30,API,Windows Server,78.72,77.89,39.0,86.96,2113.93,1637.2,29.92,385.64,1136,10670,17,273,796.88,57.38,Monday,14,0
SRV-034,12-01-2026 15:00,Database,Linux,89.73,83.86,55.99,96.4,2143.49,1609.47,39.5,344.98,1148,11216,14,279,888.77,61.73,Monday,15,0
SRV-071,12-01-2026 16:00,Web,Linux,87.92,72.15,48.25,78.27,2109.44,1558.97,21.88,393.63,755,10421,15,360,1282.19,66.9,Monday,16,0
SRV-023,12-01-2026 17:00,API,Linux,64.99,76.38,41.08,90.1,2031.98,1591.41,23.92,284.42,1058,10437,12,204,266.44,59.84,Monday,17,0
SRV-045,12-01-2026 17:00,File,Linux,54.86,61.44,49.96,60.18,1504.63,1174.12,24.94,313.51,738,8120,13,199,1139.54,53.52,Monday,17,0
SRV-035,12-01-2026 17:30,Database,Linux,80.52,73.34,52.63,51.34,2052.83,1638.69,32.54,367.85,1130,10897,5,287,809.82,56.42,Monday,17,0
SRV-006,12-01-2026 19:00,API,Windows Server,45.65,68.72,64.24,53.23,1431.51,1021.69,26.52,215.17,869,7255,7,220,366.94,57.42,Monday,19,0
SRV-028,12-01-2026 19:00,Web,Linux,81.71,60.01,61.69,66.81,1320.15,1036.65,30.79,304.64,818,7066,14,277,899.93,64.11,Monday,19,0
SRV-031,12-01-2026 19:30,Application,Linux,47.41,49.08,57.48,49.08,1277.74,1029.44,22.49,294.35,691,6848,3,178,964.4,47.26,Monday,19,0
SRV-005,12-01-2026 21:30,Web,Windows Server,56.66,52.98,59.27,59.29,1429.46,1121.75,23.81,266.64,438,6947,5,272,668.53,53.61,Monday,21,0
SRV-075,12-01-2026 21:30,Web,Linux,60.78,50.63,44.25,47.6,1371.24,999.25,27.02,279.61,655,7135,7,288,740.63,48.65,Monday,21,0
SRV-004,12-01-2026 22:30,Application,Windows Server,75.0,80.53,32.85,70.31,1405.25,1046.96,23.62,305.94,627,6872,17,223,679.95,59.3,Monday,22,0
SRV-062,12-01-2026 22:30,Database,Windows Server,65.23,41.36,54.68,49.64,1414.23,1045.34,31.43,297.93,802,7425,10,237,531.16,58.42,Monday,22,0
SRV-004,13-01-2026 00:00,Application,Windows Server,47.84,63.59,62.54,48.15,1326.31,1020.4,21.97,201.38,360,6827,9,165,716.11,52.19,Tuesday,0,0
SRV-054,13-01-2026 01:00,Application,Linux,72.25,70.2,49.87,64.33,1285.7,963.01,19.69,258.93,649,6727,12,276,1091.27,53.31,Tuesday,1,0
SRV-087,13-01-2026 03:30,Application,Linux,64.07,49.38,53.61,47.7,1358.73,973.58,25.72,285.77,572,6887,13,282,642.58,50.69,Tuesday,3,0
SRV-096,13-01-2026 04:30,Application,Linux,66.44,36.84,48.31,46.87,1365.73,952.02,25.76,207.48,433,6879,7,290,657.0,54.84,Tuesday,4,0
SRV-062,13-01-2026 05:00,Database,Windows Server,51.99,74.7,73.62,79.19,1446.82,1133.53,26.0,322.45,665,7430,12,177,1061.5,55.49,Tuesday,5,0
SRV-046,13-01-2026 05:30,File,Linux,46.9,60.38,34.27,38.5,1072.0,984.09,24.61,275.87,565,5967,10,206,248.12,49.83,Tuesday,5,0
SRV-052,13-01-2026 07:00,Web,Windows Server,77.72,50.34,53.98,67.88,1433.11,991.21,27.28,273.1,633,7049,7,314,414.85,59.27,Tuesday,7,0
SRV-091,13-01-2026 08:30,Web,Windows Server,43.77,63.13,52.19,72.2,1296.15,1035.85,15.52,279.19,723,6941,9,204,1056.72,51.84,Tuesday,8,0
SRV-047,13-01-2026 10:30,Database,Linux,76.51,78.43,86.6,99.0,2262.24,1650.49,27.6,323.61,879,11036,11,344,514.42,61.16,Tuesday,10,0
SRV-035,13-01-2026 11:00,Database,Linux,90.37,71.05,68.12,99.0,2185.76,1597.15,28.08,338.36,1020,11161,11,317,253.27,60.32,Tuesday,11,0
SRV-034,13-01-2026 12:00,Database,Linux,67.88,97.17,40.54,85.02,2195.94,1588.29,29.51,336.63,1266,11071,9,271,1181.37,56.47,Tuesday,12,0
SRV-029,13-01-2026 13:30,Web,Linux,77.02,63.16,48.04,73.16,1988.86,1496.0,39.57,347.79,932,10350,9,316,1025.91,54.56,Tuesday,13,0
SRV-059,13-01-2026 14:00,Web,Windows Server,76.03,68.54,71.77,68.28,2013.38,1526.21,30.28,340.06,1129,10285,16,283,452.68,60.13,Tuesday,14,0
SRV-091,13-01-2026 14:30,Web,Windows Server,72.03,73.64,38.02,74.38,2009.67,1569.28,30.55,409.65,788,10366,9,264,1111.7,54.24,Tuesday,14,0
SRV-074,13-01-2026 15:00,Web,Windows Server,60.43,81.3,43.08,66.26,1988.55,1541.04,31.67,298.18,1148,10436,14,259,290.09,49.6,Tuesday,15,0
SRV-090,13-01-2026 16:30,Application,Linux,71.87,66.3,33.58,78.48,1951.53,1405.3,27.98,284.36,1105,9883,13,260,748.64,47.7,Tuesday,16,0
SRV-059,13-01-2026 17:00,Web,Windows Server,70.9,75.11,59.67,49.41,2028.21,1436.1,23.66,347.15,991,10345,11,314,963.96,56.375,Tuesday,17,0
SRV-010,13-01-2026 17:00,Database,Windows Server,73.22,69.28,58.56,92.45,2158.79,1563.33,29.93,265.98,1012,11018,13,274,1390.67,62.32,Tuesday,17,0
SRV-086,13-01-2026 17:00,Web,Windows Server,56.14,80.83,28.45,72.89,1925.11,1530.47,21.0,343.8,1139,10276,10,164,1521.64,55.26,Tuesday,17,0
SRV-084,13-01-2026 18:00,Web,Linux,72.59,81.01,59.04,99.0,2070.97,1513.8,19.93,386.52,720,10418,16,340,764.38,62.83,Tuesday,18,0
SRV-099,13-01-2026 18:00,Web,Linux,82.8,67.44,61.19,83.61,1994.13,1474.87,21.51,302.16,956,10292,16,293,464.06,60.7,Tuesday,18,0
SRV-091,13-01-2026 18:00,Web,Windows Server,78.76,90.66,56.19,88.29,1996.89,1469.83,23.46,351.13,936,10302,18,324,409.93,61.84,Tuesday,18,0
SRV-016,13-01-2026 18:30,Web,Windows Server,92.61,62.85,63.44,82.54,1265.82,957.47,32.62,345.18,674,7068,12,333,499.43,65.62,Tuesday,18,0
SRV-058,13-01-2026 18:30,Application,Windows Server,71.77,56.95,61.53,59.73,1316.94,1067.92,20.38,324.3,449,6921,8,300,611.3,57.62,Tuesday,18,0
SRV-025,13-01-2026 18:30,File,Linux,73.97,63.02,62.41,60.7,1149.46,886.16,12.28,311.37,543,5958,11,311,594.77,60.28,Tuesday,18,0
SRV-087,13-01-2026 19:30,Application,Linux,58.42,54.2,69.96,65.05,1393.61,999.8,29.5,203.27,629,6758,5,264,825.51,50.51,Tuesday,19,0
SRV-041,13-01-2026 20:30,Database,Linux,65.33,59.12,33.82,78.42,1558.52,1203.38,16.51,288.36,879,7417,7,240,100.58,62.2,Tuesday,20,0
SRV-085,13-01-2026 20:30,Web,Windows Server,94.55,62.62,64.04,49.23,1368.24,1037.11,24.87,343.14,652,6934,15,330,545.06,60.83,Tuesday,20,0
SRV-061,13-01-2026 21:00,Application,Linux,58.83,74.37,56.56,40.79,1301.25,980.25,14.08,334.49,536,6982,9,234,974.54,47.17,Tuesday,21,0
SRV-066,13-01-2026 21:30,Application,Linux,69.19,71.73,46.41,84.97,1314.94,976.32,32.11,352.89,751,6805,17,282,960.17,58.24,Tuesday,21,0
SRV-051,13-01-2026 22:00,Web,Windows Server,81.5,68.33,61.88,54.88,1311.78,1083.86,17.91,301.62,548,7015,4,314,704.41,58.25,Tuesday,22,0
SRV-100,13-01-2026 22:30,API,Linux,52.39,59.5,49.21,59.78,1450.35,1000.43,21.75,241.41,516,7294,7,187,931.53,54.08,Tuesday,22,0
SRV-039,13-01-2026 22:30,Web,Windows Server,55.68,70.34,60.77,44.01,1422.55,1028.81,27.08,321.33,335,7103,9,295,790.39,51.31,Tuesday,22,0
SRV-005,13-01-2026 23:30,Web,Windows Server,66.92,51.07,43.17,58.0,1331.5,1062.01,25.15,254.18,737,7093,8,289,493.82,55.97,Tuesday,23,0
SRV-006,14-01-2026 00:00,API,Windows Server,64.61,54.93,54.95,44.51,1455.14,1080.12,25.87,269.95,645,7266,7,237,983.0,57.06,Wednesday,0,0
SRV-093,14-01-2026 02:30,Database,Linux,50.81,60.25,66.66,61.64,1437.79,1024.08,24.15,216.4,865,7500,11,210,1200.06,45.85,Wednesday,2,0
SRV-031,14-01-2026 03:00,Application,Linux,58.72,57.65,74.01,83.99,1378.51,1054.93,21.89,266.13,572,6851,13,223,576.47,61.3,Wednesday,3,0
SRV-024,14-01-2026 05:00,API,Linux,60.89,66.2,77.18,55.84,1407.86,1079.54,21.48,262.08,682,7200,5,261,457.93,52.77,Wednesday,5,0
SRV-018,14-01-2026 06:00,Web,Windows Server,85.68,66.5,73.5,62.19,1356.59,1020.76,31.41,353.32,817,7003,12,358,423.95,58.45,Wednesday,6,0
SRV-013,14-01-2026 06:00,Application,Linux,56.52,69.47,32.79,35.89,1431.31,1032.4,29.95,308.83,734,6915,13,247,512.14,55.46,Wednesday,6,0
SRV-030,14-01-2026 06:00,Application,Linux,60.23,64.44,55.1,58.71,1418.04,985.88,29.36,260.03,657,6840,7,313,333.04,59.35,Wednesday,6,0
SRV-079,14-01-2026 07:00,Application,Windows Server,47.71,72.88,67.11,42.25,1381.73,1002.36,13.0,228.35,570,6983,6,276,1056.59,44.13,Wednesday,7,0
SRV-077,14-01-2026 07:30,Web,Linux,54.08,55.53,58.53,93.59,1370.32,975.9,17.23,280.91,508,6995,10,251,687.67,54.57,Wednesday,7,0
SRV-034,14-01-2026 08:00,Database,Linux,70.8,46.61,72.19,49.87,1433.12,1067.56,22.51,272.14,798,7504,11,241,211.19,55.47,Wednesday,8,0
SRV-087,14-01-2026 08:00,Application,Linux,81.99,55.01,50.25,43.65,1274.08,1042.71,25.27,316.51,459,6827,9,356,323.49,53.99,Wednesday,8,0
SRV-072,14-01-2026 08:30,Database,Linux,51.94,45.44,53.78,69.25,1397.84,1160.76,32.78,271.03,860,7339,5,225,887.6,58.31,Wednesday,8,0
SRV-074,14-01-2026 09:30,Web,Windows Server,85.44,63.07,55.02,69.04,1995.37,1498.63,20.93,339.86,837,10360,8,303,1004.34,61.28,Wednesday,9,0
SRV-028,14-01-2026 12:30,Web,Linux,87.32,69.77,67.3,78.36,1981.01,1593.05,30.81,303.4,1259,10399,8,351,1079.46,64.96,Wednesday,12,0
SRV-022,14-01-2026 13:00,Database,Linux,82.0,71.74,63.12,93.95,2098.5,1705.89,33.79,302.64,932,11124,13,406,525.47,63.12,Wednesday,13,0
SRV-032,14-01-2026 13:30,API,Windows Server,96.97,78.37,59.74,71.83,2083.32,1589.99,31.33,380.65,1011,10582,8,322,689.29,66.51,Wednesday,13,0
SRV-004,14-01-2026 13:30,Application,Windows Server,65.35,83.84,41.23,94.63,1923.95,1459.34,29.51,347.03,833,9850,12,307,562.26,63.07,Wednesday,13,0
SRV-006,14-01-2026 14:00,API,Windows Server,86.76,61.8,49.93,87.89,1996.23,1568.31,30.08,350.03,1107,10633,7,316,844.86,67.93,Wednesday,14,0
SRV-004,14-01-2026 15:00,Application,Windows Server,79.47,87.92,59.58,75.21,1940.87,1459.08,31.48,367.94,817,10060,15,325,541.67,64.82,Wednesday,15,0
SRV-073,14-01-2026 15:30,API,Linux,74.14,69.7,49.34,64.22,2122.29,1565.53,39.54,313.6,1033,10531,9,259,645.1,60.44,Wednesday,15,0
SRV-075,14-01-2026 17:00,Web,Linux,91.06,63.58,40.93,67.43,2108.5,1546.33,33.89,364.48,996,10390,11,386,1044.68,62.09,Wednesday,17,0
SRV-078,14-01-2026 17:30,Application,Windows Server,77.67,78.4,77.51,99.0,1915.71,1496.02,20.72,323.03,1001,10124,15,238,1183.86,60.22,Wednesday,17,0
SRV-003,14-01-2026 18:30,API,Linux,75.13,70.97,60.82,64.24,1301.84,1049.05,22.71,316.89,478,7160,3,308,1108.26,63.67,Wednesday,18,0
SRV-052,14-01-2026 19:30,Web,Windows Server,68.72,66.69,56.26,60.25,1449.83,1073.4,30.6,352.42,589,7137,16,285,1624.61,50.41,Wednesday,19,0
SRV-098,14-01-2026 20:30,Web,Windows Server,54.28,59.49,60.61,63.64,1422.83,938.56,28.4,313.35,624,7012,11,269,1889.03,55.38,Wednesday,20,0
SRV-030,14-01-2026 20:30,Application,Linux,54.96,75.95,55.37,65.5,1280.38,1097.32,18.84,259.93,648,6792,12,240,290.81,55.48,Wednesday,20,0
SRV-076,14-01-2026 21:00,Web,Linux,60.4,64.52,43.68,78.33,1329.81,1005.42,25.24,299.6,580,6927,6,287,714.38,60.17,Wednesday,21,0
SRV-088,14-01-2026 23:00,Database,Linux,82.45,68.21,63.38,92.96,1511.83,1132.18,30.11,336.45,739,7456,16,349,827.26,56.375,Wednesday,23,0
SRV-054,15-01-2026 00:00,Application,Linux,63.06,72.29,56.9,37.83,1282.83,932.39,27.63,341.15,699,6935,11,250,629.67,64.51,Thursday,0,0
SRV-026,15-01-2026 00:30,Web,Linux,73.73,66.59,40.78,35.37,1353.71,1064.2,34.43,306.54,586,6988,15,317,402.56,57.73,Thursday,0,0
SRV-068,15-01-2026 01:00,Database,Windows Server,72.97,53.9,39.37,69.87,1439.47,1141.6,23.71,343.0,725,7379,11,249,657.86,62.84,Thursday,1,0
SRV-034,15-01-2026 01:30,Database,Linux,78.38,58.65,37.18,74.37,1485.72,997.38,24.17,296.22,697,7461,12,312,856.12,61.31,Thursday,1,0
SRV-077,15-01-2026 03:00,Web,Linux,83.15,65.36,76.18,75.58,1328.16,1018.22,31.26,343.15,631,7088,16,284,719.34,59.33,Thursday,3,0
SRV-011,15-01-2026 03:30,Database,Linux,54.63,73.63,30.69,66.12,1383.12,1113.92,22.52,353.39,758,7508,9,293,683.43,53.12,Thursday,3,0
SRV-009,15-01-2026 06:00,Web,Linux,83.25,64.96,59.12,39.41,1320.87,1013.8,21.0,328.9,424,7050,16,295,706.74,48.94,Thursday,6,0
SRV-080,15-01-2026 06:00,File,Windows Server,56.53,61.28,31.53,57.8,1146.91,908.15,18.27,302.16,444,5807,7,244,955.27,51.69,Thursday,6,0
SRV-025,15-01-2026 06:00,File,Linux,78.46,52.36,52.92,53.49,1134.85,851.2,27.72,320.57,856,5875,13,272,933.61,57.07,Thursday,6,0
SRV-046,15-01-2026 06:30,File,Linux,54.61,45.54,54.71,40.56,1098.59,873.5,22.62,297.81,575,5825,5,207,305.65,51.13,Thursday,6,0
SRV-019,15-01-2026 07:00,File,Linux,47.58,74.85,51.8,48.12,1134.46,816.74,24.86,252.06,451,5942,5,190,792.83,46.53,Thursday,7,0
SRV-072,15-01-2026 08:30,Database,Linux,58.74,58.68,48.2,66.44,1321.52,1074.9,22.92,316.02,743,7443,17,258,351.71,50.4,Thursday,8,0
SRV-050,15-01-2026 09:00,Web,Linux,86.75,74.12,56.5,79.19,2005.7,1441.46,37.52,385.64,1008,10258,21,344,847.15,65.65,Thursday,9,0
SRV-079,15-01-2026 09:30,Application,Windows Server,77.97,72.41,72.1,78.08,1972.42,1452.83,25.78,329.56,939,10153,8,300,237.92,56.06,Thursday,9,0
SRV-076,15-01-2026 11:00,Web,Linux,70.65,75.4,67.88,96.34,2106.94,1581.37,18.95,357.01,946,10420,9,306,775.94,64.25,Thursday,11,0
SRV-011,15-01-2026 11:30,Database,Linux,82.18,63.58,43.93,86.81,2203.38,1637.02,26.3,359.56,1013,11055,7,254,1426.34,61.47,Thursday,11,0
SRV-035,15-01-2026 13:30,Database,Linux,91.64,88.3,65.05,99.0,2205.93,1645.93,32.02,348.99,1242,11016,15,296,1309.68,64.96,Thursday,13,1
SRV-065,15-01-2026 14:00,Application,Linux,71.16,70.25,71.42,69.34,1858.68,1546.76,14.15,356.14,907,10151,2,282,420.17,55.61,Thursday,14,0
SRV-025,15-01-2026 14:30,File,Linux,58.65,54.17,27.93,65.82,1659.68,1162.44,21.27,299.54,735,8239,7,244,600.99,58.07,Thursday,14,0
SRV-079,15-01-2026 14:30,Application,Windows Server,94.74,70.8,35.21,99.0,1929.67,1389.49,36.46,419.39,868,9888,19,406,160.96,60.98,Thursday,14,1
SRV-054,15-01-2026 15:00,Application,Linux,71.01,69.12,69.23,96.67,1941.63,1540.25,24.44,311.25,802,10298,6,245,572.57,62.68,Thursday,15,0
SRV-061,15-01-2026 15:00,Application,Linux,75.93,70.33,61.41,95.14,1931.34,1400.05,33.41,359.43,914,9964,10,307,507.97,59.09,Thursday,15,0
SRV-082,15-01-2026 16:30,Database,Windows Server,79.85,96.56,51.28,85.9,2101.5,1593.8,28.53,334.78,978,10949,10,329,1641.26,52.07,Thursday,16,0
SRV-017,15-01-2026 17:30,Application,Windows Server,84.3,57.98,63.78,94.53,2051.7,1455.97,28.27,346.86,967,10168,11,298,751.66,59.95,Thursday,17,0
SRV-081,15-01-2026 19:00,Application,Windows Server,42.46,64.82,60.02,45.93,1468.79,967.44,25.13,263.39,752,6691,7,163,492.63,55.02,Thursday,19,0
SRV-022,15-01-2026 19:30,Database,Linux,88.69,70.58,59.32,60.08,1462.72,1145.18,28.05,326.85,822,7477,11,286,884.11,53.73,Thursday,19,0
SRV-021,15-01-2026 22:30,File,Linux,51.3,63.42,69.05,45.14,1121.69,770.92,17.69,245.81,421,5905,5,262,1019.8,53.42,Thursday,22,0
SRV-019,16-01-2026 00:00,File,Linux,48.18,63.77,32.19,26.04,1189.04,962.04,13.95,266.15,689,5915,6,255,1110.64,48.09,Friday,0,0
SRV-007,16-01-2026 00:00,File,Linux,53.08,45.48,35.23,49.03,1184.46,879.6,16.91,259.77,420,5892,5,282,396.96,49.73,Friday,0,0
SRV-043,16-01-2026 00:30,Application,Windows Server,77.56,60.33,58.78,56.43,1436.04,1007.99,26.23,305.68,596,6833,17,324,306.38,62.28,Friday,0,0
SRV-009,16-01-2026 01:00,Web,Linux,49.39,56.49,48.88,51.21,1467.47,1017.42,26.66,320.4,750,7051,12,215,912.47,52.79,Friday,1,0
SRV-071,16-01-2026 02:30,Web,Linux,67.27,55.92,56.44,71.24,1349.04,1006.87,30.28,266.97,727,6909,8,262,856.19,60.39,Friday,2,0
SRV-045,16-01-2026 03:30,File,Linux,73.5,65.3,54.05,69.09,1182.2,904.79,21.49,277.15,674,5955,12,307,708.09,56.375,Friday,3,0
SRV-011,16-01-2026 04:00,Database,Linux,61.32,64.45,57.91,58.78,1498.77,1067.88,23.81,297.68,640,7434,4,296,926.09,53.67,Friday,4,0
SRV-077,16-01-2026 06:00,Web,Linux,67.46,74.21,46.77,50.28,1386.51,1009.74,25.83,337.62,573,7029,11,282,720.16,57.15,Friday,6,0
SRV-053,16-01-2026 06:30,File,Linux,77.23,41.99,52.09,28.45,1190.12,847.77,26.36,273.23,601,5877,10,310,800.71,51.31,Friday,6,0
SRV-066,16-01-2026 08:00,Application,Linux,79.94,67.2,64.02,74.12,1308.07,1021.06,19.23,289.79,697,6813,14,285,729.15,57.93,Friday,8,0
SRV-010,16-01-2026 08:30,Database,Windows Server,73.79,75.95,54.62,80.7,1437.29,1088.38,30.35,337.15,817,7404,14,287,355.79,62.0,Friday,8,0
SRV-024,16-01-2026 08:30,API,Linux,52.06,50.77,46.71,53.68,1389.17,1089.5,35.49,343.34,589,7214,11,307,517.94,46.45,Friday,8,0
SRV-003,16-01-2026 09:00,API,Linux,73.73,64.98,44.13,77.25,2048.98,1545.98,25.44,305.9,1132,10647,10,278,595.43,50.59,Friday,9,0
SRV-036,16-01-2026 09:00,Web,Linux,99.0,75.33,47.99,88.16,1985.15,1544.02,30.81,308.81,1171,10461,12,273,990.87,61.07,Friday,9,0
SRV-063,16-01-2026 11:30,Application,Linux,97.37,59.62,76.72,75.7,1836.62,1555.62,33.41,373.87,827,9852,14,281,500.34,64.21,Friday,11,0
SRV-026,16-01-2026 12:00,Web,Linux,71.96,69.83,49.09,84.02,1980.62,1448.47,35.34,300.06,726,10216,11,300,425.8,64.66,Friday,12,0
SRV-051,16-01-2026 13:00,Web,Windows Server,85.67,77.16,49.04,99.0,1876.43,1543.71,28.36,343.15,912,10413,14,376,761.56,64.7,Friday,13,0
SRV-025,16-01-2026 13:00,File,Linux,81.78,56.9,74.69,76.07,1557.94,1205.91,19.65,240.55,662,8346,8,290,915.61,63.14,Friday,13,0
SRV-017,16-01-2026 14:30,Application,Windows Server,61.62,64.35,37.12,85.88,1867.81,1481.37,25.41,276.53,775,9924,7,232,524.92,59.01,Friday,14,0
SRV-017,16-01-2026 15:00,Application,Windows Server,74.8,76.8,64.61,41.4,1883.61,1440.09,27.67,305.87,879,9980,6,270,1244.88,59.33,Friday,15,0
SRV-055,16-01-2026 15:00,Application,Linux,65.84,64.89,48.97,72.31,2012.59,1474.21,33.02,216.54,926,10106,9,298,520.67,59.2,Friday,15,0
SRV-072,16-01-2026 15:30,Database,Linux,69.22,91.7,54.29,92.02,2198.55,1648.99,24.13,281.71,952,11073,6,284,479.62,57.27,Friday,15,0
SRV-043,16-01-2026 16:30,Application,Windows Server,80.9,84.47,54.95,81.24,1953.12,1499.07,32.87,390.46,1009,10014,14,260,483.6,60.85,Friday,16,0
SRV-026,16-01-2026 17:00,Web,Linux,76.32,80.46,63.87,63.63,2103.77,1521.13,40.69,265.03,1033,10362,7,336,471.19,58.73,Friday,17,0
SRV-043,16-01-2026 19:00,Application,Windows Server,59.99,40.85,51.57,48.24,1305.49,1083.22,24.12,231.64,551,7009,8,270,887.65,48.8,Friday,19,0
SRV-013,16-01-2026 19:30,Application,Linux,55.58,56.13,46.19,64.76,1316.97,1015.47,23.97,307.45,769,7006,9,334,302.57,51.59,Friday,19,0
SRV-075,16-01-2026 20:30,Web,Linux,69.03,77.41,45.56,43.39,1272.2,994.39,17.73,298.11,595,7065,10,247,321.77,54.05,Friday,20,0
SRV-016,16-01-2026 21:00,Web,Windows Server,57.37,58.36,68.51,60.21,1374.88,970.51,19.96,301.65,738,7061,9,214,981.28,50.65,Friday,21,0
SRV-075,16-01-2026 21:30,Web,Linux,62.79,65.49,84.71,39.12,1401.71,980.02,24.63,302.34,784,6865,13,249,522.77,52.65,Friday,21,0
SRV-043,16-01-2026 22:00,Application,Windows Server,50.41,69.28,85.07,53.76,1209.32,1115.83,26.52,311.4,668,6846,7,239,494.04,50.21,Friday,22,0
SRV-033,16-01-2026 23:30,Database,Linux,72.89,80.7,47.88,62.23,1401.36,1116.36,29.18,344.13,753,7457,12,306,534.48,61.08,Friday,23,0
SRV-046,17-01-2026 00:00,File,Linux,60.75,52.09,40.0,39.67,957.05,630.23,11.04,254.42,473,5021,14,264,596.41,56.74,Saturday,0,0
SRV-058,17-01-2026 01:00,Application,Windows Server,67.69,39.43,52.41,53.62,1038.0,903.73,25.06,257.85,679,5743,12,275,894.51,59.83,Saturday,1,0
SRV-079,17-01-2026 07:00,Application,Windows Server,59.22,55.61,74.73,36.92,1196.3,849.62,26.02,280.44,612,5657,6,247,278.75,53.09,Saturday,7,0
SRV-080,17-01-2026 07:30,File,Windows Server,59.08,56.39,67.0,22.46,1008.21,673.47,25.76,259.03,750,4941,16,295,259.32,50.66,Saturday,7,0
SRV-036,17-01-2026 07:30,Web,Linux,67.42,56.41,68.98,42.44,1100.28,881.71,34.01,334.12,822,5673,8,241,752.05,57.97,Saturday,7,0
SRV-068,17-01-2026 08:30,Database,Windows Server,81.61,47.08,62.89,60.79,1203.24,936.83,19.35,335.89,352,6200,18,300,1014.95,60.35,Saturday,8,0
SRV-017,17-01-2026 09:00,Application,Windows Server,70.55,64.03,48.47,66.41,1501.95,1257.03,18.22,283.22,888,7940,9,255,827.71,57.45,Saturday,9,0
SRV-074,17-01-2026 09:00,Web,Windows Server,67.87,80.94,69.1,73.66,1673.02,1298.71,17.49,311.65,775,8148,6,215,519.58,61.96,Saturday,9,0
SRV-054,17-01-2026 11:30,Application,Linux,62.86,67.17,50.08,68.1,1537.89,1160.98,15.79,288.21,501,7956,9,246,471.7,52.27,Saturday,11,0
SRV-075,17-01-2026 13:30,Web,Linux,74.26,75.72,76.96,54.0,1610.44,1156.1,24.41,295.9,528,8175,7,295,410.52,61.08,Saturday,13,0
SRV-009,17-01-2026 15:00,Web,Linux,69.41,54.77,68.27,78.13,1540.05,1155.91,20.83,200.13,982,8215,8,295,993.04,59.33,Saturday,15,0
SRV-088,17-01-2026 16:30,Database,Linux,79.03,79.43,50.83,66.84,1604.54,1238.88,30.92,367.13,936,8743,18,301,820.6,58.17,Saturday,16,0
SRV-089,17-01-2026 17:30,Web,Windows Server,62.36,63.56,57.79,71.64,1502.63,1231.51,21.69,257.57,595,8112,10,261,726.89,53.24,Saturday,17,0
SRV-016,17-01-2026 17:30,Web,Windows Server,71.86,49.52,61.25,61.08,1530.12,1142.03,16.69,324.9,726,8228,9,229,885.84,55.24,Saturday,17,0
SRV-031,17-01-2026 18:30,Application,Linux,54.92,49.48,64.84,59.77,1102.04,831.53,23.17,295.81,429,5878,7,222,778.67,51.59,Saturday,18,0
SRV-083,17-01-2026 20:00,File,Linux,49.8,51.94,57.81,3.7,1051.08,654.29,30.65,245.45,520,5108,2,195,1363.71,56.39,Saturday,20,0
SRV-098,17-01-2026 20:30,Web,Windows Server,57.7,52.54,42.78,35.22,1116.51,816.77,29.3,329.89,1095,5856,9,280,1368.47,48.84,Saturday,20,0
SRV-036,17-01-2026 20:30,Web,Linux,46.97,75.37,62.36,51.12,1195.05,842.16,22.13,344.8,561,5740,16,247,399.26,47.59,Saturday,20,0
SRV-067,17-01-2026 21:00,Application,Windows Server,49.92,66.12,65.76,40.38,1199.97,853.46,22.93,267.7,550,5677,6,246,941.95,51.01,Saturday,21,0
SRV-055,17-01-2026 22:00,Application,Linux,20.73,50.77,72.02,13.32,1117.14,880.88,18.78,238.41,440,5682,2,135,874.41,40.18,Saturday,22,0
SRV-094,17-01-2026 22:00,Database,Windows Server,61.22,63.6,38.27,66.73,1083.18,918.28,39.95,357.86,397,6093,12,226,385.94,58.01,Saturday,22,0
SRV-022,17-01-2026 23:00,Database,Linux,72.57,58.53,64.19,68.84,1176.23,896.44,13.86,313.71,463,6024,10,301,363.66,60.7,Saturday,23,0
SRV-060,18-01-2026 00:30,Web,Windows Server,68.88,53.21,69.78,22.91,1085.19,827.81,24.25,331.58,418,5830,9,227,1361.89,51.07,Sunday,0,0
SRV-061,18-01-2026 01:00,Application,Linux,76.61,51.17,84.98,41.69,1120.71,858.21,34.97,343.02,722,5735,12,260,795.06,57.09,Sunday,1,0
SRV-083,18-01-2026 02:30,File,Linux,59.68,62.98,57.07,30.53,1018.79,711.93,22.12,275.24,349,5021,15,218,806.28,50.82,Sunday,2,0
SRV-086,18-01-2026 05:30,Web,Windows Server,62.43,48.24,55.9,66.91,1099.8,849.83,21.91,361.31,658,5775,10,243,1606.98,51.0,Sunday,5,0
SRV-073,18-01-2026 05:30,API,Linux,65.69,61.15,39.22,74.43,1159.21,794.91,30.58,249.18,617,5850,2,283,854.91,62.71,Sunday,5,0
SRV-048,18-01-2026 06:00,Web,Linux,71.03,58.55,50.34,58.49,1121.75,880.19,20.96,275.2,699,5910,11,264,1142.47,60.15,Sunday,6,0
SRV-028,18-01-2026 06:30,Web,Linux,44.92,70.49,62.92,35.33,1171.17,757.84,20.01,244.02,439,5740,9,293,460.79,47.16,Sunday,6,0
SRV-081,18-01-2026 09:30,Application,Windows Server,50.95,68.78,36.12,35.21,1587.91,1208.62,17.34,283.27,817,7920,7,230,874.79,50.8,Sunday,9,0
SRV-069,18-01-2026 11:00,Web,Linux,75.63,59.7,57.13,64.85,1616.11,1220.87,18.61,281.44,818,8310,9,258,909.85,60.83,Sunday,11,0
SRV-020,18-01-2026 12:30,Application,Linux,67.18,63.91,71.83,65.24,1564.51,1170.03,27.18,305.24,691,8006,17,251,680.99,55.75,Sunday,12,0
SRV-017,18-01-2026 12:30,Application,Windows Server,75.05,66.36,58.19,58.5,1592.15,1125.37,34.75,339.11,636,7829,11,292,843.68,57.66,Sunday,12,0
SRV-099,18-01-2026 12:30,Web,Linux,69.96,73.43,73.2,74.87,1622.79,1186.1,13.33,324.4,672,8175,8,298,714.91,59.46,Sunday,12,0
SRV-034,18-01-2026 15:00,Database,Linux,79.94,70.38,56.76,77.23,1688.64,1250.1,29.94,372.33,960,8611,8,302,403.84,60.72,Sunday,15,0
SRV-016,18-01-2026 15:30,Web,Windows Server,66.99,53.5,71.71,58.5,1670.59,1113.95,20.29,270.46,930,8091,9,251,782.28,55.06,Sunday,15,0
SRV-052,18-01-2026 18:00,Web,Windows Server,51.95,66.59,59.99,57.41,1618.83,1165.64,24.71,337.8,837,8127,8,296,2187.17,51.68,Sunday,18,0
SRV-004,18-01-2026 19:00,Application,Windows Server,66.85,53.45,69.34,26.93,1129.63,825.42,29.34,287.76,641,5591,8,252,1163.12,47.22,Sunday,19,0
SRV-055,18-01-2026 20:30,Application,Linux,77.86,53.08,70.05,52.62,1186.52,841.69,22.04,306.27,543,5722,10,287,483.81,54.05,Sunday,20,0
SRV-020,18-01-2026 21:00,Application,Linux,64.62,44.01,53.0,65.39,1073.05,880.4,20.83,231.44,474,5709,9,249,1250.57,52.77,Sunday,21,0
SRV-016,18-01-2026 22:00,Web,Windows Server,63.48,70.9,61.98,50.85,1151.76,827.93,25.61,357.62,708,5852,15,293,999.79,54.89,Sunday,22,0
SRV-057,18-01-2026 22:00,Database,Linux,78.36,58.33,69.25,34.33,1213.44,994.54,17.83,376.96,687,6065,21,278,839.98,52.88,Sunday,22,0
SRV-059,19-01-2026 00:00,Web,Windows Server,72.94,52.69,39.13,60.67,1395.78,1050.76,27.88,284.93,608,7060,12,228,352.13,54.98,Monday,0,0
SRV-039,19-01-2026 02:00,Web,Windows Server,75.81,55.86,77.77,75.56,1357.07,1134.32,26.62,295.87,830,7169,10,283,847.72,58.94,Monday,2,0
SRV-053,19-01-2026 02:30,File,Linux,70.8,63.11,52.46,53.32,1183.67,833.77,18.8,266.15,285,5802,6,278,1337.38,49.98,Monday,2,0
SRV-025,19-01-2026 02:30,File,Linux,55.1,17.67,37.23,34.01,1300.44,781.95,21.03,175.04,510,5781,2,195,866.57,45.58,Monday,2,0
SRV-098,19-01-2026 04:00,Web,Windows Server,69.96,64.52,69.34,52.56,1462.75,1070.51,27.71,278.32,717,7005,12,244,482.83,51.31,Monday,4,0
SRV-032,19-01-2026 04:30,API,Windows Server,55.86,56.4,35.31,53.43,1382.22,1111.87,22.57,277.3,640,7280,12,202,788.67,52.24,Monday,4,0
SRV-048,19-01-2026 05:00,Web,Linux,92.91,53.26,55.2,67.56,1364.99,1194.12,25.67,318.76,651,7043,11,295,671.72,64.47,Monday,5,0
SRV-030,19-01-2026 05:30,Application,Linux,64.05,59.77,57.04,64.54,1325.18,977.1,26.07,348.56,473,6831,7,184,1540.0,58.2,Monday,5,0
SRV-095,19-01-2026 05:30,Database,Linux,73.94,64.93,65.01,73.21,1406.56,1076.84,30.21,395.33,579,7384,18,267,583.37,58.07,Monday,5,0
SRV-020,19-01-2026 06:30,Application,Linux,61.93,53.99,50.68,72.66,1313.93,1012.11,18.07,293.2,617,6868,17,286,344.2,53.34,Monday,6,0
SRV-034,19-01-2026 08:30,Database,Linux,65.09,32.45,47.0,17.83,1480.01,1122.45,15.04,275.5,653,7433,12,235,769.26,49.7,Monday,8,0
SRV-074,19-01-2026 08:30,Web,Windows Server,87.82,71.3,50.77,74.26,1449.7,983.33,32.31,328.51,817,7010,10,246,663.99,65.15,Monday,8,0
SRV-007,19-01-2026 09:30,File,Linux,80.56,59.82,43.25,46.42,1529.11,1282.47,23.14,299.95,662,8133,12,274,484.35,55.17,Monday,9,0
SRV-047,19-01-2026 10:00,Database,Linux,65.41,83.52,34.03,82.42,2133.77,1671.96,27.98,370.78,908,11034,17,214,378.79,57.03,Monday,10,0
SRV-007,19-01-2026 10:00,File,Linux,77.0,71.7,52.55,73.25,1577.47,1139.34,27.09,348.04,646,8310,12,336,813.26,61.37,Monday,10,0
SRV-054,19-01-2026 10:00,Application,Linux,78.86,66.66,42.38,86.79,1905.52,1395.85,27.91,339.37,799,10072,19,300,1040.14,63.36,Monday,10,0
SRV-086,19-01-2026 10:30,Web,Windows Server,48.38,84.84,63.27,77.23,1926.97,1602.57,24.11,359.37,873,10559,9,234,993.91,52.5,Monday,10,0
SRV-073,19-01-2026 12:30,API,Linux,80.35,65.31,63.55,85.42,2072.25,1615.19,29.81,379.14,1076,10780,11,275,693.4,59.49,Monday,12,0
SRV-097,19-01-2026 13:00,Database,Linux,95.99,74.25,41.67,73.24,2115.88,1640.0,27.04,441.37,1041,10987,18,340,885.7,61.55,Monday,13,1
SRV-061,19-01-2026 15:30,Application,Linux,72.89,91.44,43.0,64.7,1874.91,1485.92,30.01,355.68,894,9977,16,271,700.83,49.59,Monday,15,0
SRV-019,19-01-2026 16:30,File,Linux,79.84,61.37,70.16,68.9,1635.8,1191.65,14.85,353.3,714,8307,12,268,430.81,57.84,Monday,16,0
SRV-041,19-01-2026 17:30,Database,Linux,76.74,62.44,82.62,99.0,2119.9,1594.61,27.0,328.81,1047,11107,12,291,1537.34,62.1,Monday,17,0
SRV-051,19-01-2026 20:00,Web,Windows Server,69.44,44.53,57.76,67.86,1483.06,1039.04,24.8,302.61,518,7055,10,329,901.61,55.48,Monday,20,0
SRV-009,19-01-2026 20:30,Web,Linux,67.92,57.1,62.45,61.6,1393.82,1077.38,24.5,265.65,722,7109,13,304,463.08,50.59,Monday,20,0
SRV-019,19-01-2026 21:00,File,Linux,53.39,64.2,65.01,42.14,1150.74,827.95,19.1,332.28,454,5865,15,265,587.49,47.91,Monday,21,0
SRV-004,19-01-2026 22:00,Application,Windows Server,77.38,55.47,45.22,55.08,1255.54,945.5,20.72,360.8,593,6746,10,319,750.25,55.4,Monday,22,0
SRV-080,19-01-2026 23:00,File,Windows Server,64.1,54.31,54.84,40.86,1247.9,878.2,22.78,324.49,594,5854,5,227,609.16,56.95,Monday,23,0
SRV-086,20-01-2026 01:00,Web,Windows Server,63.44,55.66,66.05,63.31,1374.98,1030.04,15.63,265.99,819,7127,15,304,350.96,56.93,Tuesday,1,0
SRV-053,20-01-2026 02:00,File,Linux,74.34,43.88,66.77,53.75,1225.67,968.27,24.5,288.35,604,5898,13,323,559.35,53.59,Tuesday,2,0
SRV-036,20-01-2026 03:30,Web,Linux,78.79,63.74,60.63,60.54,1455.17,1014.04,29.21,251.33,486,7172,4,307,559.82,60.46,Tuesday,3,0
SRV-093,20-01-2026 03:30,Database,Linux,64.87,50.97,51.93,51.69,1434.92,1105.24,26.98,211.7,638,7551,9,234,799.83,44.87,Tuesday,3,0
SRV-081,20-01-2026 03:30,Application,Windows Server,72.94,69.55,53.16,55.27,1388.21,1044.91,25.46,313.88,688,6948,10,218,1062.16,57.1,Tuesday,3,0
SRV-095,20-01-2026 04:00,Database,Linux,66.48,61.08,52.6,55.5,1351.6,1101.56,20.16,274.93,662,7525,11,294,781.54,57.58,Tuesday,4,0
SRV-100,20-01-2026 06:00,API,Linux,64.03,63.91,60.07,56.82,1499.82,1055.56,32.19,357.99,611,7155,10,294,318.81,57.4,Tuesday,6,0
SRV-035,20-01-2026 06:00,Database,Linux,73.39,75.42,62.27,77.47,1370.95,1098.92,27.74,327.52,630,7330,9,326,1096.37,56.94,Tuesday,6,0
SRV-036,20-01-2026 06:30,Web,Linux,87.22,58.81,50.89,66.5,1291.69,1062.71,26.14,330.06,923,7021,15,352,647.27,60.46,Tuesday,6,0
SRV-075,20-01-2026 07:30,Web,Linux,57.04,45.0,51.84,57.65,1298.37,1083.72,22.92,223.82,800,6972,8,284,674.33,51.01,Tuesday,7,0
SRV-046,20-01-2026 08:30,File,Linux,47.97,70.81,33.05,59.59,1089.51,833.37,20.19,273.7,621,5853,8,220,435.29,50.34,Tuesday,8,0
SRV-039,20-01-2026 09:00,Web,Windows Server,73.83,82.58,43.96,67.16,2001.85,1507.28,19.18,317.01,1099,10327,10,296,1117.33,52.81,Tuesday,9,0
SRV-008,20-01-2026 09:30,File,Linux,77.15,76.19,55.85,53.08,1564.81,1159.78,23.86,375.19,709,8266,11,321,746.0,57.44,Tuesday,9,0
SRV-028,20-01-2026 10:00,Web,Linux,74.57,70.54,64.28,73.09,2039.83,1405.34,23.99,285.92,933,10330,9,293,472.52,55.82,Tuesday,10,0
SRV-005,20-01-2026 10:00,Web,Windows Server,72.22,73.14,37.02,71.09,1961.21,1473.89,41.86,410.69,1163,10311,13,297,562.11,61.15,Tuesday,10,0
SRV-027,20-01-2026 13:30,Database,Linux,79.34,70.74,66.17,93.19,2260.2,1707.38,27.04,361.35,972,11208,12,275,970.25,68.44,Tuesday,13,0
SRV-012,20-01-2026 14:00,API,Linux,73.02,73.39,70.49,84.71,1973.05,1560.76,32.41,280.7,1034,10659,7,274,348.51,55.52,Tuesday,14,0
SRV-054,20-01-2026 14:30,Application,Linux,99.0,76.32,60.29,82.89,1966.23,1524.31,28.27,377.02,928,10071,15,319,875.67,57.18,Tuesday,14,0
SRV-080,20-01-2026 15:00,File,Windows Server,82.3,57.58,54.18,59.14,1680.27,1294.58,28.3,299.23,937,8353,14,355,193.86,64.6,Tuesday,15,0
SRV-095,20-01-2026 15:30,Database,Linux,92.6,71.26,66.91,99.0,2027.04,1560.21,36.12,355.74,1227,11077,8,314,228.22,59.81,Tuesday,15,0
SRV-099,20-01-2026 17:30,Web,Linux,84.56,75.75,38.62,71.41,1951.85,1544.54,34.29,340.38,1078,10275,13,238,184.99,52.44,Tuesday,17,0
SRV-038,20-01-2026 18:30,Database,Linux,66.96,65.71,56.03,45.56,1571.47,1025.61,26.28,343.83,667,7571,13,196,420.46,51.8,Tuesday,18,0
SRV-044,20-01-2026 19:30,Database,Linux,72.08,57.32,54.96,34.46,1481.76,1120.34,23.62,297.53,578,7333,14,278,735.75,51.93,Tuesday,19,0
SRV-018,20-01-2026 19:30,Web,Windows Server,54.46,58.46,68.54,54.2,1494.34,1031.87,26.66,283.13,672,7016,11,297,482.61,53.15,Tuesday,19,0
SRV-083,20-01-2026 20:00,File,Linux,61.74,59.56,63.54,52.3,1208.56,875.92,26.69,255.08,443,5860,15,294,897.77,54.37,Tuesday,20,0
SRV-100,20-01-2026 20:00,API,Linux,59.71,55.56,46.18,80.68,1389.45,1026.4,26.23,296.54,497,7286,4,233,562.05,55.8,Tuesday,20,0
SRV-041,20-01-2026 20:30,Database,Linux,73.67,54.77,51.81,46.81,1451.05,1000.96,24.47,283.88,609,7360,10,255,537.08,55.18,Tuesday,20,0
SRV-054,20-01-2026 22:00,Application,Linux,59.05,59.58,59.25,52.01,1246.56,992.26,34.54,344.94,683,6815,12,295,766.21,46.22,Tuesday,22,0
SRV-021,20-01-2026 22:30,File,Linux,62.18,53.88,52.08,67.79,1221.97,848.15,25.98,343.26,553,5730,9,238,920.07,50.31,Tuesday,22,0
SRV-084,21-01-2026 01:00,Web,Linux,62.37,68.35,46.89,49.78,1367.14,990.53,18.1,379.27,635,7025,14,303,868.04,49.33,Wednesday,1,0
SRV-035,21-01-2026 01:00,Database,Linux,66.3,57.84,48.7,54.16,1404.1,1023.69,8.5,334.67,782,7295,10,282,707.64,54.15,Wednesday,1,0
SRV-076,21-01-2026 01:30,Web,Linux,35.44,74.08,42.66,58.97,1430.6,1093.17,27.68,276.78,805,7147,8,173,1775.39,44.87,Wednesday,1,0
SRV-042,21-01-2026 03:30,File,Linux,60.92,64.28,43.09,27.9,1206.47,837.65,28.88,237.22,328,5898,5,232,1064.69,55.59,Wednesday,3,0
SRV-041,21-01-2026 04:00,Database,Linux,73.02,63.64,57.35,54.53,1400.21,1113.19,21.12,269.54,444,7454,13,287,1141.87,55.82,Wednesday,4,0
SRV-013,21-01-2026 05:30,Application,Linux,59.46,84.0,57.82,47.4,1364.38,1027.13,25.34,387.22,697,6850,12,333,387.25,49.22,Wednesday,5,0
SRV-035,21-01-2026 05:30,Database,Linux,68.81,65.06,62.09,56.08,1400.74,1137.94,15.48,262.4,458,7353,10,279,517.92,54.45,Wednesday,5,0
SRV-070,21-01-2026 06:30,Database,Windows Server,67.31,57.42,46.39,51.2,1372.68,1122.22,28.8,321.83,748,7429,8,243,1496.42,62.52,Wednesday,6,0
SRV-038,21-01-2026 06:30,Database,Linux,53.94,60.39,70.02,46.83,1521.48,1121.44,19.47,318.04,575,7324,10,199,1286.38,55.88,Wednesday,6,0
SRV-006,21-01-2026 07:00,API,Windows Server,84.57,58.26,51.8,66.26,1292.19,1098.27,30.92,344.82,757,7361,14,347,211.19,59.79,Wednesday,7,0
SRV-024,21-01-2026 09:30,API,Linux,99.0,66.15,51.05,99.0,2074.42,1573.31,27.59,410.24,988,10754,13,309,175.82,66.91,Wednesday,9,1
SRV-042,21-01-2026 11:00,File,Linux,56.63,74.64,46.67,50.82,1600.69,1189.05,26.29,294.7,963,8406,9,278,880.21,52.03,Wednesday,11,0
SRV-089,21-01-2026 12:30,Web,Windows Server,78.96,79.88,54.64,91.36,2052.74,1521.68,25.98,343.05,1072,10441,16,290,1085.9,59.67,Wednesday,12,0
SRV-069,21-01-2026 13:30,Web,Linux,98.45,60.62,62.33,86.3,2034.81,1555.73,29.77,302.16,1018,10516,11,309,603.58,65.15,Wednesday,13,0
SRV-054,21-01-2026 14:30,Application,Linux,71.59,68.41,40.36,98.01,1819.45,1452.82,17.37,314.58,883,10137,9,319,1136.94,61.94,Wednesday,14,0
SRV-024,21-01-2026 15:30,API,Linux,99.0,69.0,74.02,67.5,2034.08,1543.28,37.43,373.5,993,10513,13,371,1447.81,64.53,Wednesday,15,0
SRV-042,21-01-2026 16:00,File,Linux,68.12,58.66,48.09,76.07,1620.94,1244.74,23.34,359.55,558,8207,9,299,387.83,55.47,Wednesday,16,0
SRV-051,21-01-2026 16:00,Web,Windows Server,79.25,71.68,68.94,89.59,2060.48,1514.18,24.92,249.41,951,10270,14,238,429.62,64.77,Wednesday,16,0
SRV-087,21-01-2026 17:00,Application,Linux,65.15,64.54,49.44,74.79,1952.79,1493.77,26.08,350.71,950,9990,15,292,485.05,50.71,Wednesday,17,0
SRV-010,21-01-2026 17:00,Database,Windows Server,86.54,81.01,37.13,74.13,2140.67,1607.84,22.0,351.41,1016,11036,10,325,940.46,56.375,Wednesday,17,0
SRV-051,21-01-2026 18:30,Web,Windows Server,72.69,47.69,40.6,35.54,1312.51,961.45,23.0,301.12,644,7011,3,307,683.17,56.09,Wednesday,18,0
SRV-069,21-01-2026 20:30,Web,Linux,82.03,61.53,66.37,86.13,1440.14,988.58,20.07,302.77,650,7084,7,269,1040.48,57.71,Wednesday,20,0
SRV-020,22-01-2026 00:00,Application,Linux,60.21,51.83,63.79,65.99,1290.97,996.82,11.03,273.04,551,6869,8,267,449.72,56.35,Thursday,0,0
SRV-027,22-01-2026 00:30,Database,Linux,68.21,54.78,44.11,61.05,1459.38,1138.97,28.1,278.87,783,7312,10,271,383.93,49.37,Thursday,0,0
SRV-028,22-01-2026 02:30,Web,Linux,64.68,78.66,60.12,59.46,1213.56,1055.59,23.37,320.71,786,7054,15,290,433.87,51.03,Thursday,2,0
SRV-082,22-01-2026 04:00,Database,Windows Server,68.27,70.36,79.05,37.23,1386.91,1050.16,33.19,325.65,744,7302,17,290,565.72,57.18,Thursday,4,0
SRV-005,22-01-2026 04:00,Web,Windows Server,57.23,66.47,41.17,42.51,1311.0,996.27,23.42,310.82,644,6977,5,333,521.72,52.15,Thursday,4,0
SRV-019,22-01-2026 06:00,File,Linux,78.32,51.83,52.58,48.61,1152.62,798.37,9.88,337.51,511,5963,12,303,1751.08,54.34,Thursday,6,0
SRV-086,22-01-2026 09:00,Web,Windows Server,90.6,73.88,54.7,69.49,2091.26,1489.14,28.41,391.13,1219,10402,11,306,770.71,56.375,Thursday,9,0
SRV-087,22-01-2026 09:00,Application,Linux,67.6,80.25,87.12,78.72,1887.54,1412.93,25.41,288.06,867,9896,12,252,619.98,65.98,Thursday,9,0
SRV-071,22-01-2026 10:30,Web,Linux,77.42,95.52,53.85,97.78,2047.91,1563.57,19.94,386.08,1001,10250,11,292,1501.62,70.7,Thursday,10,1
SRV-016,22-01-2026 10:30,Web,Windows Server,71.97,66.74,57.93,66.06,2090.02,1594.08,41.27,296.49,946,10343,9,321,275.46,53.3,Thursday,10,0
SRV-063,22-01-2026 11:00,Application,Linux,73.52,72.03,35.28,66.42,1867.78,1572.27,24.11,296.82,1148,10122,4,328,354.9,55.04,Thursday,11,0
SRV-080,22-01-2026 11:30,File,Windows Server,56.63,60.11,47.9,80.38,1559.43,1151.44,12.68,249.33,877,8299,8,265,835.53,60.86,Thursday,11,0
SRV-044,22-01-2026 12:00,Database,Linux,85.67,77.17,41.31,74.31,2134.58,1609.37,27.52,287.44,1096,10899,8,388,512.17,66.39,Thursday,12,0
SRV-008,22-01-2026 12:30,File,Linux,77.28,56.95,51.51,44.88,1547.39,1215.92,25.37,314.45,987,8249,7,341,798.44,53.23,Thursday,12,0
SRV-050,22-01-2026 12:30,Web,Linux,87.08,85.93,79.4,73.19,1985.98,1462.64,36.42,319.61,1102,10391,9,344,1461.79,61.31,Thursday,12,0
SRV-086,22-01-2026 13:00,Web,Windows Server,69.11,87.24,69.29,59.47,2012.21,1501.55,28.31,384.4,936,10298,12,309,782.45,59.64,Thursday,13,0
SRV-098,22-01-2026 13:30,Web,Windows Server,67.87,66.78,58.28,75.9,2082.44,1565.82,36.5,397.22,1259,10525,12,277,384.26,58.34,Thursday,13,0
SRV-009,22-01-2026 14:30,Web,Linux,99.0,86.33,72.98,88.93,2040.53,1472.58,32.08,425.76,820,10329,22,356,1044.82,71.54,Thursday,14,1
SRV-081,22-01-2026 16:30,Application,Windows Server,80.27,74.8,76.78,85.55,1974.33,1581.34,22.92,339.93,1113,10087,16,293,620.19,60.74,Thursday,16,0
SRV-096,22-01-2026 18:30,Application,Linux,85.24,70.21,51.07,60.0,1266.47,983.2,18.96,311.97,608,6821,15,322,558.2,62.44,Thursday,18,0
SRV-055,22-01-2026 19:00,Application,Linux,49.29,67.13,31.68,54.16,1457.24,1030.91,22.52,279.18,779,6983,11,224,213.97,53.44,Thursday,19,0
SRV-069,22-01-2026 19:30,Web,Linux,77.11,45.48,47.17,45.38,1335.84,1004.01,26.14,303.2,810,7010,9,258,687.03,59.89,Thursday,19,0
SRV-016,22-01-2026 20:30,Web,Windows Server,74.66,50.51,48.53,62.73,1310.08,970.39,26.57,301.9,571,7064,16,288,454.7,51.96,Thursday,20,0
SRV-030,23-01-2026 00:30,Application,Linux,44.39,63.59,60.29,62.15,1360.02,974.35,18.97,285.34,598,6899,9,238,696.68,51.34,Friday,0,0
SRV-053,23-01-2026 00:30,File,Linux,60.75,62.85,67.43,25.66,1131.71,825.8,28.83,343.13,700,5965,10,255,705.92,48.32,Friday,0,0
SRV-011,23-01-2026 02:00,Database,Linux,71.22,52.49,56.96,49.34,1509.95,1020.3,23.43,233.18,895,7415,12,287,1172.94,47.27,Friday,2,0
SRV-045,23-01-2026 02:00,File,Linux,53.75,51.55,62.13,53.52,1032.01,805.4,15.17,295.09,301,5741,14,268,215.23,51.82,Friday,2,0
SRV-088,23-01-2026 03:30,Database,Linux,42.66,53.63,57.66,78.23,1490.02,1082.61,16.91,153.87,545,7400,12,229,880.25,51.06,Friday,3,0
SRV-057,23-01-2026 06:00,Database,Linux,55.68,52.02,56.82,71.86,1494.68,1096.34,21.23,293.81,612,7342,16,296,823.43,55.65,Friday,6,0
SRV-035,23-01-2026 09:00,Database,Linux,89.59,93.49,75.25,99.0,2174.79,1653.02,34.98,419.82,1087,11044,10,340,349.97,63.17,Friday,9,1
SRV-024,23-01-2026 09:30,API,Linux,53.73,65.78,60.63,98.19,2055.83,1588.98,24.78,283.26,889,10835,14,231,592.43,55.63,Friday,9,0
SRV-095,23-01-2026 09:30,Database,Linux,82.31,78.99,78.99,89.36,2216.96,1631.47,29.8,302.16,1084,11240,14,275,849.68,58.27,Friday,9,0
SRV-042,23-01-2026 10:00,File,Linux,58.56,76.29,46.59,69.35,1601.69,1103.88,20.97,253.74,763,8242,10,275,311.42,53.23,Friday,10,0
SRV-017,23-01-2026 10:30,Application,Windows Server,63.86,71.22,62.32,72.97,1971.4,1516.09,25.88,344.49,936,10121,14,245,569.8,54.89,Friday,10,0
SRV-007,23-01-2026 10:30,File,Linux,79.9,64.79,56.36,79.56,1605.39,1143.2,31.1,348.71,777,8158,9,275,1079.41,64.31,Friday,10,0
SRV-045,23-01-2026 10:30,File,Linux,81.11,69.87,61.08,70.42,1481.37,1118.27,29.43,354.84,675,8171,15,254,553.39,64.87,Friday,10,0
SRV-019,23-01-2026 11:00,File,Linux,77.55,48.88,50.42,40.49,1603.26,1229.56,19.77,244.66,664,8263,11,267,949.18,57.93,Friday,11,0
SRV-058,23-01-2026 11:00,Application,Windows Server,69.05,88.65,60.51,80.38,1931.46,1512.68,21.58,334.53,848,9963,6,304,512.61,55.64,Friday,11,0
SRV-008,23-01-2026 11:00,File,Linux,89.59,82.21,68.65,76.23,1497.5,1223.51,16.28,342.04,683,8310,11,287,605.07,56.375,Friday,11,0
SRV-002,23-01-2026 12:00,Database,Windows Server,89.49,93.81,55.9,99.0,2078.36,1706.99,31.02,362.49,1045,10966,16,311,994.32,63.18,Friday,12,1
SRV-079,23-01-2026 12:30,Application,Windows Server,57.78,74.93,63.14,49.29,1837.95,1435.58,27.19,354.07,993,10021,12,265,1029.95,47.42,Friday,12,0
SRV-080,23-01-2026 12:30,File,Windows Server,74.53,89.68,63.7,60.71,1601.55,1235.91,18.96,308.19,625,8407,12,263,186.7,54.93,Friday,12,0
SRV-027,23-01-2026 12:30,Database,Linux,90.91,72.11,54.05,82.61,2146.65,1627.02,32.79,337.44,984,11022,12,263,762.36,59.69,Friday,12,0
SRV-057,23-01-2026 13:00,Database,Linux,73.44,99.0,45.77,99.0,2226.14,1645.63,35.76,377.32,1097,11118,17,286,1231.07,64.79,Friday,13,1
SRV-066,23-01-2026 14:00,Application,Linux,92.06,77.73,47.07,87.69,1940.09,1460.55,27.71,402.22,832,10032,14,324,1167.25,65.05,Friday,14,0
SRV-018,23-01-2026 14:00,Web,Windows Server,78.66,68.08,61.26,92.52,2003.65,1591.71,26.7,366.1,925,10365,8,308,877.86,63.21,Friday,14,0
SRV-055,23-01-2026 16:00,Application,Linux,87.87,52.29,43.16,71.76,1849.74,1426.92,33.68,290.13,1052,9880,10,282,527.23,62.4,Friday,16,0
SRV-053,23-01-2026 16:30,File,Linux,72.66,72.71,41.55,56.47,1612.37,1160.45,26.88,323.03,611,8183,11,229,428.59,52.62,Friday,16,0
SRV-045,23-01-2026 17:00,File,Linux,79.71,65.24,75.15,56.53,1515.76,1150.11,29.61,296.03,811,8142,12,344,855.34,60.2,Friday,17,0
SRV-069,23-01-2026 17:30,Web,Linux,72.34,78.1,47.29,81.08,2073.81,1557.0,22.1,320.45,812,10383,9,166,563.58,59.4,Friday,17,0
SRV-040,23-01-2026 17:30,Application,Linux,61.81,80.5,54.3,74.22,2084.18,1467.98,18.65,338.39,1095,10074,8,230,472.67,59.09,Friday,17,0
SRV-054,23-01-2026 20:00,Application,Linux,48.04,71.38,59.51,62.1,1312.58,1013.57,34.26,341.88,712,6899,10,192,898.75,50.74,Friday,20,0
SRV-078,23-01-2026 20:00,Application,Windows Server,40.81,62.99,38.92,55.93,1366.23,988.26,19.86,241.93,550,6754,9,217,601.03,51.96,Friday,20,0
SRV-086,23-01-2026 23:00,Web,Windows Server,44.91,70.42,60.1,67.95,1303.18,1087.46,22.74,252.37,486,7148,7,276,885.17,50.74,Friday,23,0
SRV-083,24-01-2026 01:00,File,Linux,51.45,71.07,62.7,47.65,923.04,702.18,16.89,315.86,302,5046,12,255,779.37,51.32,Saturday,1,0
SRV-004,24-01-2026 01:30,Application,Windows Server,82.47,57.64,45.27,37.04,1144.68,787.03,26.16,330.53,604,5779,17,298,225.53,60.47,Saturday,1,0
SRV-004,24-01-2026 01:30,Application,Windows Server,52.74,70.5,55.11,33.63,1098.96,817.18,19.04,229.36,598,5623,7,283,1091.16,49.71,Saturday,1,0
SRV-030,24-01-2026 02:00,Application,Linux,53.34,74.74,63.8,73.07,1122.41,907.67,27.15,357.09,694,5711,9,298,778.96,49.53,Saturday,2,0
SRV-033,24-01-2026 03:30,Database,Linux,50.66,65.62,42.04,52.12,1233.14,886.05,18.17,269.94,539,6098,9,288,1399.82,51.92,Saturday,3,0
SRV-050,24-01-2026 03:30,Web,Linux,35.9,71.1,48.54,41.16,1137.99,811.84,26.99,304.43,555,5849,14,197,506.58,43.22,Saturday,3,0
SRV-012,24-01-2026 04:30,API,Linux,67.99,67.72,62.86,42.69,1147.27,831.15,32.24,287.13,670,6096,11,247,664.23,52.71,Saturday,4,0
SRV-079,24-01-2026 05:00,Application,Windows Server,48.56,42.59,56.8,52.85,1150.58,867.99,7.65,223.67,463,5764,8,218,507.61,51.94,Saturday,5,0
SRV-054,24-01-2026 06:30,Application,Linux,55.14,53.67,67.11,42.54,1099.01,790.66,21.6,317.84,445,5660,4,227,949.02,50.94,Saturday,6,0
SRV-016,24-01-2026 06:30,Web,Windows Server,70.2,67.79,45.05,50.05,1098.53,864.26,18.63,308.91,505,5819,11,270,541.32,54.8,Saturday,6,0
SRV-032,24-01-2026 07:30,API,Windows Server,79.82,58.02,70.49,58.74,1010.77,815.47,27.38,319.58,672,5794,11,293,716.87,55.0,Saturday,7,0
SRV-009,24-01-2026 07:30,Web,Linux,57.44,48.49,42.0,44.03,1121.75,860.23,30.42,248.36,488,5745,8,211,141.09,55.76,Saturday,7,0
SRV-068,24-01-2026 07:30,Database,Windows Server,44.77,43.95,61.71,64.41,1167.09,861.49,12.09,238.95,448,6154,4,208,1038.93,44.52,Saturday,7,0
SRV-093,24-01-2026 08:30,Database,Linux,56.68,58.38,50.88,67.11,1000.55,925.62,26.15,305.89,550,6017,10,201,736.75,50.4,Saturday,8,0
SRV-057,24-01-2026 09:00,Database,Linux,54.01,56.44,74.9,61.78,1733.45,1253.96,23.68,261.53,1022,8624,9,227,508.27,56.84,Saturday,9,0
SRV-018,24-01-2026 09:30,Web,Windows Server,79.87,69.68,50.79,75.83,1689.44,1162.04,23.62,359.03,682,8056,18,292,557.05,61.42,Saturday,9,0
SRV-043,24-01-2026 10:00,Application,Windows Server,52.7,50.21,63.17,58.55,1546.38,1071.82,22.34,243.26,751,7933,9,303,713.88,49.66,Saturday,10,0
SRV-086,24-01-2026 10:30,Web,Windows Server,97.48,68.65,51.58,80.78,1565.07,1195.87,19.31,365.41,667,8052,13,282,740.21,65.25,Saturday,10,0
SRV-029,24-01-2026 10:30,Web,Linux,62.42,57.15,75.27,49.49,1645.26,1129.85,24.9,270.31,560,8115,4,296,286.33,52.45,Saturday,10,0
SRV-055,24-01-2026 11:30,Application,Linux,71.8,81.78,65.87,62.38,1422.3,1180.37,22.76,374.54,704,7729,11,313,1189.5,59.59,Saturday,11,0
SRV-016,24-01-2026 11:30,Web,Windows Server,71.73,60.29,49.5,68.32,1512.78,1296.99,28.2,305.69,928,8294,11,334,1081.75,64.04,Saturday,11,0
SRV-034,24-01-2026 12:30,Database,Linux,53.38,65.56,60.43,71.9,1787.29,1256.25,29.42,262.92,801,8508,12,217,474.94,55.5,Saturday,12,0
SRV-012,24-01-2026 15:30,API,Linux,56.69,69.05,66.99,44.9,1579.91,1229.16,16.15,303.17,447,8387,7,318,607.4,53.02,Saturday,15,0
SRV-082,24-01-2026 16:00,Database,Windows Server,99.0,77.63,38.79,79.8,1676.37,1264.91,30.02,445.09,672,8562,12,341,2219.36,63.61,Saturday,16,1
SRV-052,24-01-2026 16:30,Web,Windows Server,70.4,69.09,68.51,63.39,1585.43,1144.82,29.28,310.25,813,8133,10,293,580.67,58.46,Saturday,16,0
SRV-037,24-01-2026 17:30,Web,Windows Server,75.23,63.15,37.74,70.64,1552.87,1269.48,24.86,379.05,753,7985,11,235,899.52,55.92,Saturday,17,0
SRV-087,24-01-2026 18:30,Application,Linux,56.76,46.55,53.0,46.01,1085.92,874.87,18.62,222.3,483,5842,12,231,419.19,49.35,Saturday,18,0
SRV-044,24-01-2026 21:00,Database,Linux,47.17,51.62,56.74,44.52,1137.83,889.38,22.6,232.12,399,6190,6,180,691.25,54.51,Saturday,21,0
SRV-086,24-01-2026 21:00,Web,Windows Server,64.04,54.75,62.24,49.2,1032.05,768.2,19.68,302.16,497,5738,8,243,1165.38,57.29,Saturday,21,0
SRV-012,24-01-2026 21:30,API,Linux,66.72,54.42,52.77,35.53,1207.87,793.81,30.79,304.08,594,5936,13,282,689.88,51.15,Saturday,21,0
SRV-085,24-01-2026 22:30,Web,Windows Server,58.82,70.76,24.44,45.49,1081.18,871.23,28.8,250.56,613,5822,9,216,968.4,51.55,Saturday,22,0
SRV-043,24-01-2026 23:00,Application,Windows Server,69.38,39.44,44.73,48.0,1132.27,815.38,31.78,237.16,586,5676,5,341,490.56,58.12,Saturday,23,0
SRV-083,24-01-2026 23:00,File,Linux,72.37,38.13,55.65,41.86,859.92,737.9,19.97,319.12,513,4989,8,215,1726.39,55.77,Saturday,23,0
SRV-012,24-01-2026 23:30,API,Linux,70.9,60.82,81.62,46.96,1179.82,799.71,24.47,272.55,495,6110,11,252,581.39,51.5,Saturday,23,0
SRV-070,24-01-2026 23:30,Database,Windows Server,38.62,43.34,51.82,51.99,1068.18,848.59,19.64,258.07,599,6145,6,236,272.2,49.02,Saturday,23,0
SRV-041,25-01-2026 00:00,Database,Linux,73.89,65.84,61.07,67.39,1219.59,844.9,19.73,289.78,627,6151,10,220,905.82,58.58,Sunday,0,0
SRV-053,25-01-2026 00:30,File,Linux,60.91,48.39,45.71,54.76,850.38,693.22,25.05,230.87,531,5001,4,224,370.56,56.38,Sunday,0,0
SRV-057,25-01-2026 03:30,Database,Linux,74.75,60.36,51.89,60.06,1241.88,910.08,17.86,256.19,475,6148,8,271,504.46,59.9,Sunday,3,0
SRV-033,25-01-2026 05:30,Database,Linux,54.94,58.73,67.66,39.68,1136.61,838.27,20.88,272.45,668,6156,4,238,418.27,50.26,Sunday,5,0
SRV-051,25-01-2026 05:30,Web,Windows Server,62.49,45.35,61.18,47.07,1031.84,853.77,17.52,255.63,517,5912,6,301,976.77,53.77,Sunday,5,0
SRV-088,25-01-2026 05:30,Database,Linux,75.04,58.15,53.84,57.45,1099.38,828.76,24.33,279.6,623,6143,13,321,1275.69,55.64,Sunday,5,0
SRV-002,25-01-2026 06:30,Database,Windows Server,44.46,46.0,49.38,20.04,1232.3,800.2,20.09,209.45,757,6123,8,192,369.96,50.02,Sunday,6,0
SRV-041,25-01-2026 09:00,Database,Linux,89.58,73.27,53.93,67.24,1688.27,1243.85,25.93,284.86,880,8727,8,274,507.53,61.12,Sunday,9,0
SRV-010,25-01-2026 10:30,Database,Windows Server,54.58,56.09,54.98,68.64,1744.37,1244.97,22.44,274.88,964,8655,9,238,1023.8,55.68,Sunday,10,0
SRV-086,25-01-2026 11:00,Web,Windows Server,60.34,67.53,75.77,65.71,1625.6,1175.44,14.33,264.67,799,7985,2,240,556.19,52.36,Sunday,11,0
SRV-037,25-01-2026 11:30,Web,Windows Server,63.69,62.06,57.9,72.16,1630.72,1127.88,21.68,314.14,528,8086,9,263,550.91,61.4,Sunday,11,0
SRV-031,25-01-2026 13:00,Application,Linux,87.1,72.54,50.53,72.53,1482.94,1112.64,25.67,346.11,725,7791,13,274,298.3,58.86,Sunday,13,0
SRV-036,25-01-2026 13:30,Web,Linux,74.36,78.84,30.38,59.67,1515.06,1138.18,22.84,302.72,823,8001,20,279,804.32,56.98,Sunday,13,0
SRV-027,25-01-2026 14:30,Database,Linux,80.73,72.96,85.7,62.1,1588.92,1280.51,24.02,322.07,641,8475,11,312,890.72,60.51,Sunday,14,0
SRV-009,25-01-2026 17:00,Web,Linux,79.7,70.2,53.35,68.57,1522.26,1248.63,21.7,288.93,957,8214,10,294,708.76,56.35,Sunday,17,0
SRV-056,25-01-2026 17:30,File,Windows Server,63.89,67.65,68.22,62.57,1294.26,1038.09,19.78,261.43,346,6800,9,271,659.16,57.69,Sunday,17,0
SRV-015,25-01-2026 17:30,Database,Linux,80.05,79.06,48.19,95.83,1653.58,1248.55,26.02,324.21,857,8422,5,315,927.89,62.53,Sunday,17,0
SRV-020,25-01-2026 18:00,Application,Linux,58.82,66.88,49.46,61.58,1556.3,1173.92,19.09,201.75,849,7847,7,268,771.6,51.29,Sunday,18,0
SRV-031,25-01-2026 18:30,Application,Linux,52.59,41.79,35.56,46.79,1079.8,852.06,12.91,302.48,753,5724,7,203,1027.77,52.7,Sunday,18,0
SRV-028,25-01-2026 18:30,Web,Linux,46.26,42.06,36.48,45.65,995.89,907.39,23.03,285.04,611,5853,7,216,740.88,47.44,Sunday,18,0
SRV-017,25-01-2026 19:30,Application,Windows Server,82.87,46.44,64.4,51.47,1092.91,884.21,18.63,272.34,483,5719,8,273,1089.14,60.42,Sunday,19,0
SRV-093,25-01-2026 21:30,Database,Linux,63.09,58.73,92.89,54.71,1139.58,921.82,22.62,229.55,406,6066,4,229,436.58,49.3,Sunday,21,0
SRV-087,25-01-2026 23:00,Application,Linux,67.71,40.55,60.27,21.5,1053.89,859.36,18.49,239.89,504,5714,7,319,303.55,51.08,Sunday,23,0
SRV-072,25-01-2026 23:30,Database,Linux,64.47,56.54,27.74,53.8,1110.84,894.07,19.16,269.7,574,5949,8,250,962.64,54.16,Sunday,23,0
SRV-034,26-01-2026 00:30,Database,Linux,62.85,68.5,41.4,49.68,1432.66,1068.78,16.2,332.73,541,7523,10,317,1315.08,62.52,Monday,0,0
SRV-002,26-01-2026 02:30,Database,Windows Server,82.59,70.65,51.78,36.27,1444.76,1033.52,27.65,380.96,629,7354,11,314,787.13,54.42,Monday,2,0
SRV-085,26-01-2026 02:30,Web,Windows Server,49.99,55.61,32.72,62.7,1396.68,1036.81,22.43,241.76,745,7127,6,272,338.09,50.93,Monday,2,0
SRV-078,26-01-2026 03:00,Application,Windows Server,69.14,71.17,71.95,62.88,1305.53,1002.84,33.18,397.98,579,6728,16,259,171.99,58.44,Monday,3,0
SRV-011,26-01-2026 03:30,Database,Linux,75.57,54.22,51.64,64.65,1536.75,1141.13,29.14,316.49,759,7474,10,282,436.56,59.68,Monday,3,0
SRV-081,26-01-2026 05:30,Application,Windows Server,64.9,63.35,45.18,45.44,1262.71,1032.57,28.44,283.62,837,6895,8,288,549.61,55.35,Monday,5,0
SRV-100,26-01-2026 05:30,API,Linux,61.95,53.07,61.71,52.15,1472.63,1083.53,27.36,276.07,562,7198,10,218,498.75,54.17,Monday,5,0
SRV-019,26-01-2026 08:00,File,Linux,52.1,71.04,32.14,26.46,1160.17,881.83,23.61,336.42,811,5847,10,227,854.88,51.61,Monday,8,0
SRV-063,26-01-2026 08:30,Application,Linux,64.41,77.96,43.87,74.24,1373.67,1071.55,18.53,274.13,490,6832,12,202,749.59,55.79,Monday,8,0
SRV-059,26-01-2026 09:00,Web,Windows Server,82.19,61.55,46.42,74.7,2073.9,1468.28,27.42,320.68,792,10234,9,349,291.3,63.39,Monday,9,0
SRV-086,26-01-2026 09:30,Web,Windows Server,64.34,82.81,73.28,96.28,1974.89,1539.51,21.23,323.92,1022,10303,11,271,591.05,59.36,Monday,9,0
SRV-062,26-01-2026 10:00,Database,Windows Server,81.08,72.46,69.85,95.27,2150.74,1604.34,37.68,325.18,1187,11112,19,304,641.37,65.36,Monday,10,0
SRV-037,26-01-2026 13:30,Web,Windows Server,92.12,63.16,51.83,90.1,2096.18,1579.62,36.73,393.7,1056,10484,12,273,690.04,67.88,Monday,13,0
SRV-061,26-01-2026 14:00,Application,Linux,87.5,85.02,46.04,70.45,1829.69,1457.18,26.43,364.27,839,10157,13,299,1355.95,60.02,Monday,14,0
SRV-074,26-01-2026 14:30,Web,Windows Server,81.71,72.28,62.4,65.53,1880.28,1498.61,26.18,293.01,721,10487,16,306,192.21,60.41,Monday,14,0
SRV-035,26-01-2026 15:30,Database,Linux,76.97,94.89,58.59,99.0,2124.37,1611.17,22.67,371.49,1031,11217,7,230,410.67,61.26,Monday,15,0
SRV-090,26-01-2026 17:00,Application,Linux,97.89,69.97,50.71,64.52,1915.63,1490.53,20.92,343.96,755,10156,10,301,1035.43,55.61,Monday,17,0
SRV-057,26-01-2026 18:00,Database,Linux,86.85,65.93,74.06,74.34,2284.37,1579.26,25.95,404.87,766,11205,10,247,678.61,56.68,Monday,18,0
SRV-039,26-01-2026 18:00,Web,Windows Server,85.33,65.11,65.95,62.68,1947.95,1483.23,24.54,373.82,1145,10198,12,299,1332.07,62.71,Monday,18,0
SRV-094,26-01-2026 18:30,Database,Windows Server,59.9,62.3,50.61,41.3,1463.18,1164.7,24.61,290.59,656,7446,12,300,457.32,54.06,Monday,18,0
SRV-036,26-01-2026 19:00,Web,Linux,67.46,87.43,61.64,63.96,1315.35,1048.66,22.51,319.55,526,7060,12,302,1169.94,53.0,Monday,19,0
SRV-019,26-01-2026 19:00,File,Linux,69.88,59.26,50.82,57.14,1108.55,959.51,17.03,256.09,629,5869,6,310,1132.56,55.86,Monday,19,0
SRV-031,26-01-2026 19:30,Application,Linux,57.19,57.97,42.53,45.68,1341.63,886.46,21.02,286.41,455,6811,7,269,506.21,53.13,Monday,19,0
SRV-073,26-01-2026 20:30,API,Linux,75.87,83.53,37.83,64.31,1409.98,986.56,22.31,302.61,443,7234,13,290,455.51,60.88,Monday,20,0
SRV-001,26-01-2026 21:30,File,Windows Server,55.56,39.04,59.82,56.52,1135.34,904.67,17.02,262.78,223,5863,6,267,1079.02,50.24,Monday,21,0
SRV-014,26-01-2026 21:30,File,Linux,44.48,26.37,42.01,52.97,1143.55,847.87,26.66,178.21,404,5891,3,235,808.81,47.02,Monday,21,0
SRV-012,26-01-2026 22:00,API,Linux,54.59,58.42,66.32,67.84,1519.16,1114.92,27.94,323.14,954,7436,18,215,882.57,59.55,Monday,22,0
SRV-076,26-01-2026 22:00,Web,Linux,64.26,74.15,52.09,53.89,1335.93,1068.09,23.25,307.27,755,7051,12,237,349.56,51.69,Monday,22,0
SRV-045,26-01-2026 22:30,File,Linux,34.26,64.97,47.97,38.9,1209.81,903.71,24.33,249.05,509,5744,5,133,1156.86,48.03,Monday,22,0
SRV-017,26-01-2026 22:30,Application,Windows Server,79.09,76.63,50.7,65.72,1322.51,1022.97,25.38,347.07,603,6742,11,284,1197.16,63.93,Monday,22,0
SRV-089,26-01-2026 23:30,Web,Windows Server,73.61,48.91,75.7,62.32,1409.34,982.8,38.36,291.33,575,7016,10,262,383.45,59.48,Monday,23,0
SRV-056,27-01-2026 02:00,File,Windows Server,63.84,56.56,59.15,53.66,1111.22,858.12,22.67,282.72,440,5839,10,276,1136.85,56.17,Tuesday,2,0
SRV-097,27-01-2026 02:00,Database,Linux,88.86,73.95,54.89,61.74,1530.03,1037.4,33.18,318.96,588,7471,12,309,920.04,61.78,Tuesday,2,0
SRV-099,27-01-2026 03:00,Web,Linux,68.33,66.6,73.5,74.87,1372.98,971.89,33.89,318.6,475,7113,14,212,981.34,57.84,Tuesday,3,0
SRV-051,27-01-2026 04:00,Web,Windows Server,64.14,68.32,39.39,72.83,1443.99,992.45,19.16,237.15,611,7108,8,247,368.84,58.98,Tuesday,4,0
SRV-052,27-01-2026 05:30,Web,Windows Server,69.16,57.17,63.13,61.12,1355.81,1044.92,25.74,253.46,653,6886,5,251,1496.31,60.23,Tuesday,5,0
SRV-019,27-01-2026 05:30,File,Linux,68.6,62.43,52.82,30.84,1162.46,778.32,21.84,297.4,473,5872,11,324,679.88,54.17,Tuesday,5,0
SRV-034,27-01-2026 07:00,Database,Linux,68.92,56.01,71.71,68.04,1439.08,1087.62,27.11,311.83,654,7285,5,322,869.75,62.79,Tuesday,7,0
SRV-018,27-01-2026 09:00,Web,Windows Server,68.07,59.19,59.4,62.82,1903.77,1572.03,33.09,347.7,843,10289,14,244,1697.5,61.4,Tuesday,9,0
SRV-089,27-01-2026 10:00,Web,Windows Server,75.09,68.78,59.14,69.88,2018.34,1472.41,19.34,339.44,919,10286,10,246,1394.87,56.27,Tuesday,10,0
SRV-088,27-01-2026 12:00,Database,Linux,74.62,75.67,61.11,99.0,2063.25,1642.46,29.26,352.79,1011,10976,13,289,1356.67,59.48,Tuesday,12,0
SRV-079,27-01-2026 12:00,Application,Windows Server,75.12,79.23,60.97,73.22,1998.79,1474.72,28.57,314.0,1038,9950,13,271,678.49,60.4,Tuesday,12,0
SRV-053,27-01-2026 12:30,File,Linux,77.71,65.02,54.39,78.6,1692.16,1255.94,21.98,273.15,927,8269,5,340,560.88,62.92,Tuesday,12,0
SRV-064,27-01-2026 12:30,File,Linux,77.37,76.36,60.47,65.53,1667.71,1209.63,18.42,337.67,701,8326,12,228,1193.78,61.02,Tuesday,12,0
SRV-099,27-01-2026 15:00,Web,Linux,83.13,72.52,57.91,71.48,2097.76,1594.76,28.9,384.6,1046,10464,13,265,2132.69,60.84,Tuesday,15,0
SRV-077,27-01-2026 17:30,Web,Linux,96.39,76.66,48.97,93.54,1985.5,1548.49,40.83,488.09,1036,10327,18,307,1131.67,63.13,Tuesday,17,1
SRV-058,27-01-2026 17:30,Application,Windows Server,89.5,75.61,71.72,99.0,1914.13,1454.16,23.78,333.33,940,9867,16,318,496.01,64.8,Tuesday,17,0
SRV-027,27-01-2026 18:30,Database,Linux,66.42,77.72,52.46,69.08,1502.3,1153.05,32.78,326.22,828,7425,13,318,597.69,51.55,Tuesday,18,0
SRV-071,27-01-2026 18:30,Web,Linux,81.85,55.61,51.14,55.76,1412.92,1023.36,24.28,274.4,596,7032,12,267,561.0,58.05,Tuesday,18,0
SRV-074,27-01-2026 20:00,Web,Windows Server,63.18,80.09,56.08,79.1,1420.7,1036.64,16.23,276.07,534,7020,9,254,749.83,49.74,Tuesday,20,0
SRV-078,27-01-2026 21:30,Application,Windows Server,68.37,65.7,53.13,56.25,1227.89,988.69,17.9,300.33,812,6736,9,270,1402.03,55.16,Tuesday,21,0
SRV-019,27-01-2026 21:30,File,Linux,49.25,57.64,51.98,59.66,1276.26,901.87,16.83,265.6,345,5998,6,181,1207.99,56.38,Tuesday,21,0
SRV-032,27-01-2026 21:30,API,Windows Server,51.62,56.44,36.77,69.06,1292.87,1057.67,25.32,285.99,789,7212,8,237,900.91,55.76,Tuesday,21,0
SRV-056,27-01-2026 23:00,File,Windows Server,52.09,56.91,66.47,38.5,1141.82,811.31,23.67,225.45,574,5863,9,244,911.34,49.71,Tuesday,23,0
SRV-079,28-01-2026 00:00,Application,Windows Server,64.68,59.23,78.49,55.2,1244.23,802.17,16.29,274.02,390,6618,9,253,834.43,58.3,Wednesday,0,0
SRV-066,28-01-2026 00:00,Application,Linux,59.08,65.42,67.68,76.35,1325.83,984.04,22.16,237.18,921,6836,14,262,308.86,57.16,Wednesday,0,0
SRV-086,28-01-2026 01:00,Web,Windows Server,60.38,85.96,78.53,66.73,1313.32,1060.42,26.82,370.09,816,7055,8,261,562.5,44.99,Wednesday,1,0
SRV-085,28-01-2026 02:00,Web,Windows Server,76.25,62.51,76.19,45.81,1379.3,1043.16,22.55,289.87,313,7077,6,299,1487.38,56.46,Wednesday,2,0
SRV-021,28-01-2026 02:30,File,Linux,62.93,48.7,48.62,37.73,1235.02,795.26,18.79,306.55,758,5888,16,240,946.85,50.23,Wednesday,2,0
SRV-034,28-01-2026 03:00,Database,Linux,76.53,63.07,69.54,70.13,1453.35,1086.79,19.5,299.53,554,7394,10,338,1199.62,62.39,Wednesday,3,0
SRV-055,28-01-2026 06:00,Application,Linux,52.11,59.02,45.76,37.74,1354.08,1040.54,25.92,269.99,404,6726,5,166,387.61,51.01,Wednesday,6,0
SRV-044,28-01-2026 06:30,Database,Linux,78.33,74.38,54.23,37.79,1469.8,1148.27,16.46,318.82,583,7301,15,266,914.21,58.46,Wednesday,6,0
SRV-089,28-01-2026 08:00,Web,Windows Server,37.42,55.86,63.05,25.97,1357.25,1071.24,17.17,255.82,599,7031,9,202,387.77,41.94,Wednesday,8,0
SRV-005,28-01-2026 08:00,Web,Windows Server,83.89,68.53,44.35,38.47,1405.97,1018.91,25.03,345.18,474,6981,10,299,236.78,58.68,Wednesday,8,0
SRV-045,28-01-2026 08:30,File,Linux,58.31,52.23,58.6,28.53,1212.33,861.87,36.47,248.25,437,5783,7,285,245.65,49.63,Wednesday,8,0
SRV-008,28-01-2026 09:00,File,Linux,66.7,81.66,45.54,68.69,1592.58,1206.85,26.24,340.4,695,8041,12,214,531.03,62.92,Wednesday,9,0
SRV-006,28-01-2026 09:00,API,Windows Server,80.47,69.23,63.77,82.74,2097.26,1599.29,26.65,325.67,1285,10702,9,325,192.11,60.5,Wednesday,9,0
SRV-098,28-01-2026 09:30,Web,Windows Server,94.53,54.32,69.72,95.6,1984.45,1543.56,32.0,337.72,882,10412,20,260,304.9,64.5,Wednesday,9,0
SRV-050,28-01-2026 10:30,Web,Linux,74.63,75.12,47.0,82.12,2084.23,1471.69,29.69,355.94,929,10299,14,326,365.78,59.24,Wednesday,10,0
SRV-030,28-01-2026 10:30,Application,Linux,65.09,71.74,47.55,75.22,1943.84,1450.86,24.44,308.74,933,9995,9,182,352.75,54.3,Wednesday,10,0
SRV-046,28-01-2026 14:00,File,Linux,57.98,55.98,47.37,72.46,1506.55,1158.02,28.26,259.66,486,8065,9,251,1136.32,55.53,Wednesday,14,0
SRV-069,28-01-2026 14:00,Web,Linux,71.33,71.62,66.27,95.59,2025.41,1525.46,31.27,280.59,1271,10488,13,276,1161.98,62.03,Wednesday,14,0
SRV-075,28-01-2026 14:30,Web,Linux,58.0,86.3,59.4,60.54,2166.39,1634.04,18.35,256.27,845,10585,9,307,777.55,52.9,Wednesday,14,0
SRV-057,28-01-2026 15:30,Database,Linux,97.47,85.21,63.52,96.49,2151.44,1573.18,26.63,412.04,1158,10958,15,301,918.23,70.18,Wednesday,15,1
SRV-002,28-01-2026 16:00,Database,Windows Server,64.75,71.73,57.73,73.72,2063.28,1639.97,22.92,337.42,1103,10901,13,303,448.74,54.79,Wednesday,16,0
SRV-062,28-01-2026 16:00,Database,Windows Server,63.88,82.28,44.94,75.81,2276.53,1473.6,29.78,305.66,1306,10993,9,268,426.29,54.7,Wednesday,16,0
SRV-012,28-01-2026 16:00,API,Linux,95.3,74.23,74.43,70.65,2068.75,1525.39,21.26,388.39,1009,10676,9,333,808.7,62.65,Wednesday,16,1
SRV-005,28-01-2026 17:00,Web,Windows Server,88.72,61.73,46.85,92.08,2079.94,1503.33,25.85,348.4,882,10307,14,333,385.34,61.24,Wednesday,17,0
SRV-017,28-01-2026 18:00,Application,Windows Server,90.14,75.05,38.78,88.09,1886.83,1481.44,29.96,391.59,777,9911,10,320,507.55,60.2,Wednesday,18,0
SRV-037,28-01-2026 18:30,Web,Windows Server,61.68,55.25,17.39,77.16,1352.23,969.08,26.16,244.37,823,7022,10,260,304.14,54.92,Wednesday,18,0
SRV-033,28-01-2026 18:30,Database,Linux,73.08,54.14,52.59,78.89,1417.8,1131.0,26.27,310.14,646,7644,5,288,959.27,56.01,Wednesday,18,0
SRV-005,28-01-2026 19:00,Web,Windows Server,56.02,59.6,74.85,46.66,1343.06,1027.62,29.45,255.73,529,7054,5,252,1177.15,56.375,Wednesday,19,0
SRV-096,28-01-2026 19:30,Application,Linux,55.5,61.92,41.85,58.79,1269.43,1059.98,30.85,276.36,483,6804,7,199,719.27,54.6,Wednesday,19,0
SRV-043,28-01-2026 21:30,Application,Windows Server,68.81,59.89,37.92,88.59,1264.03,1134.23,28.33,261.53,531,6836,10,245,596.27,57.47,Wednesday,21,0
SRV-017,28-01-2026 21:30,Application,Windows Server,74.61,72.97,49.96,35.95,1379.58,975.87,23.58,336.86,631,6712,13,295,1320.33,57.24,Wednesday,21,0
SRV-066,28-01-2026 22:00,Application,Linux,65.37,63.47,58.43,59.86,1258.67,989.11,19.05,266.16,553,6863,8,326,626.79,47.86,Wednesday,22,0
SRV-001,28-01-2026 22:00,File,Windows Server,78.93,59.25,67.1,55.71,1086.99,865.14,26.48,315.93,780,6021,8,285,1099.68,62.55,Wednesday,22,0
SRV-019,28-01-2026 22:00,File,Linux,49.05,68.1,44.02,35.87,1227.08,806.71,24.5,277.93,467,5881,4,305,1001.04,50.35,Wednesday,22,0
SRV-045,28-01-2026 22:30,File,Linux,59.67,65.54,67.86,45.11,1091.02,812.52,18.66,269.29,388,5835,12,168,908.77,57.99,Wednesday,22,0
SRV-082,29-01-2026 01:00,Database,Windows Server,67.13,61.62,60.88,48.79,1427.53,1019.76,23.06,312.25,677,7389,11,248,1657.59,57.24,Thursday,1,0
SRV-025,29-01-2026 01:00,File,Linux,62.26,69.24,44.06,48.48,1017.2,834.9,23.82,301.53,624,5996,10,319,161.62,51.43,Thursday,1,0
SRV-100,29-01-2026 03:30,API,Linux,81.01,60.16,63.17,55.48,1445.06,1042.75,27.91,358.99,708,7322,7,297,326.95,59.0,Thursday,3,0
SRV-009,29-01-2026 04:00,Web,Linux,70.76,55.64,58.27,48.95,1376.72,1104.26,30.59,321.25,861,6882,6,259,1476.18,57.67,Thursday,4,0
SRV-005,29-01-2026 04:00,Web,Windows Server,47.27,63.57,67.03,40.91,1314.8,949.67,19.85,248.86,670,6981,4,219,726.1,47.1,Thursday,4,0
SRV-007,29-01-2026 05:30,File,Linux,56.85,60.54,56.0,78.27,1058.7,858.19,19.22,284.22,528,6012,6,284,510.41,57.44,Thursday,5,0
SRV-085,29-01-2026 06:30,Web,Windows Server,79.72,59.83,58.9,66.69,1414.74,1003.89,27.17,291.61,593,7018,10,250,922.0,57.92,Thursday,6,0
SRV-100,29-01-2026 06:30,API,Linux,79.26,55.04,55.44,53.12,1350.08,1050.82,30.35,300.64,804,7168,11,348,1133.76,57.33,Thursday,6,0
SRV-099,29-01-2026 10:00,Web,Linux,80.22,56.72,37.67,93.26,2081.86,1638.19,27.33,348.89,963,10380,14,310,1184.48,63.46,Thursday,10,0
SRV-007,29-01-2026 10:00,File,Linux,72.76,78.73,54.45,60.44,1678.33,1208.49,20.69,347.71,667,8251,13,287,964.5,58.16,Thursday,10,0
SRV-093,29-01-2026 11:30,Database,Linux,75.83,73.59,56.64,78.23,2204.63,1604.48,21.19,299.95,1185,11071,17,330,784.56,63.67,Thursday,11,0
SRV-042,29-01-2026 12:00,File,Linux,63.6,61.28,71.53,44.71,1646.96,1209.51,24.77,175.51,892,8435,12,256,297.72,58.09,Thursday,12,0
SRV-053,29-01-2026 12:30,File,Linux,67.65,55.22,63.35,43.37,1599.16,1188.88,24.48,185.41,625,8320,7,268,1398.0,56.375,Thursday,12,0
SRV-055,29-01-2026 12:30,Application,Linux,80.42,69.42,54.41,75.63,1915.58,1447.79,31.95,383.57,630,10160,12,292,628.66,55.97,Thursday,12,0
SRV-032,29-01-2026 13:00,API,Windows Server,79.11,67.85,58.04,74.45,2210.32,1619.38,37.31,349.97,1013,10793,16,350,797.55,59.77,Thursday,13,0
SRV-046,29-01-2026 14:30,File,Linux,73.27,63.15,54.25,51.79,1596.1,1226.39,27.39,244.47,691,8059,5,320,498.07,52.7,Thursday,14,0
SRV-023,29-01-2026 15:00,API,Linux,93.98,67.86,66.62,86.0,2069.86,1598.5,26.07,353.53,1043,10743,9,301,418.84,63.56,Thursday,15,0
SRV-020,29-01-2026 16:30,Application,Linux,79.5,73.97,67.25,81.42,1883.56,1490.95,33.69,408.81,1144,9988,11,322,1435.82,64.02,Thursday,16,0
SRV-006,29-01-2026 16:30,API,Windows Server,75.19,74.35,47.38,60.81,2132.89,1571.96,20.95,319.65,975,10534,11,241,564.58,58.93,Thursday,16,0
SRV-081,29-01-2026 17:00,Application,Windows Server,90.22,69.41,47.54,90.86,1969.89,1475.25,33.8,307.07,1071,10091,17,366,364.39,63.72,Thursday,17,0
SRV-088,29-01-2026 17:30,Database,Linux,77.31,81.04,60.9,85.96,2205.31,1634.09,29.22,329.57,1180,11080,10,314,572.05,54.31,Thursday,17,0
SRV-016,29-01-2026 18:00,Web,Windows Server,95.46,71.18,80.37,79.41,2063.32,1485.31,30.5,352.1,899,10430,11,324,1235.55,69.94,Thursday,18,0
SRV-004,29-01-2026 18:30,Application,Windows Server,60.48,66.79,43.44,48.08,1301.61,1112.51,12.25,219.04,584,6800,5,243,726.38,50.24,Thursday,18,0
SRV-068,29-01-2026 19:00,Database,Windows Server,66.51,62.61,73.99,46.0,1465.48,1163.76,24.7,331.07,601,7402,18,289,1167.86,57.4,Thursday,19,0
SRV-032,29-01-2026 19:00,API,Windows Server,63.76,57.98,66.28,42.83,1455.89,1119.36,26.24,289.94,588,7295,4,305,774.01,51.71,Thursday,19,0
SRV-075,29-01-2026 20:30,Web,Linux,83.19,57.43,70.45,74.33,1289.73,1071.82,23.89,355.43,477,7076,23,255,812.62,64.96,Thursday,20,0
SRV-015,29-01-2026 21:30,Database,Linux,51.94,51.26,41.58,62.3,1434.26,1079.47,33.32,241.16,925,7495,8,330,258.52,46.74,Thursday,21,0
SRV-080,29-01-2026 21:30,File,Windows Server,67.91,35.88,55.54,55.36,1266.89,822.55,23.34,250.26,309,5935,7,303,941.1,58.25,Thursday,21,0
SRV-091,29-01-2026 23:30,Web,Windows Server,79.13,39.6,48.85,59.58,1347.52,1051.43,31.99,266.28,631,7087,8,274,1048.83,53.95,Thursday,23,0
SRV-043,30-01-2026 00:30,Application,Windows Server,56.26,53.46,38.55,49.57,1361.89,1020.61,19.79,244.87,686,6857,9,198,995.5,52.1,Friday,0,0
SRV-058,30-01-2026 00:30,Application,Windows Server,58.47,68.71,66.43,65.44,1309.11,1029.9,21.2,288.47,416,6817,12,324,1015.89,46.74,Friday,0,0
SRV-034,30-01-2026 01:30,Database,Linux,75.56,52.53,74.95,49.32,1360.98,1251.49,20.58,282.95,650,7407,11,372,863.6,60.12,Friday,1,0
SRV-020,30-01-2026 03:00,Application,Linux,58.17,81.95,51.69,57.14,1373.88,962.65,26.11,318.11,591,6971,11,224,710.38,54.13,Friday,3,0
SRV-011,30-01-2026 03:00,Database,Linux,65.84,70.1,72.93,62.36,1484.32,1115.76,25.32,316.1,720,7512,9,295,738.83,56.5,Friday,3,0
SRV-001,30-01-2026 03:30,File,Windows Server,51.51,60.26,47.55,52.15,1162.46,821.56,35.52,249.38,384,5778,14,160,419.82,48.38,Friday,3,0
SRV-068,30-01-2026 04:00,Database,Windows Server,66.86,66.93,62.04,51.24,1470.47,1053.57,18.47,302.16,875,7445,7,226,559.5,54.13,Friday,4,0
SRV-094,30-01-2026 04:30,Database,Windows Server,64.07,56.96,57.5,80.67,1355.46,1194.83,36.17,283.6,653,7541,8,259,917.74,47.82,Friday,4,0
SRV-089,30-01-2026 05:30,Web,Windows Server,63.72,54.42,64.8,44.09,1372.19,1013.19,24.62,338.57,627,7039,8,294,1540.2,59.98,Friday,5,0
SRV-045,30-01-2026 05:30,File,Linux,57.23,63.31,69.5,42.51,1176.36,842.98,24.09,305.11,761,5947,11,255,1518.17,52.41,Friday,5,0
SRV-022,30-01-2026 05:30,Database,Linux,75.97,56.91,39.7,37.72,1474.4,1148.06,31.49,244.34,560,7311,11,249,704.43,55.61,Friday,5,0
SRV-006,30-01-2026 06:30,API,Windows Server,75.88,66.54,48.5,64.8,1415.18,1108.64,30.05,371.02,586,7351,14,291,195.09,60.9,Friday,6,0
SRV-056,30-01-2026 07:00,File,Windows Server,63.93,46.96,52.54,52.01,1096.49,916.83,24.19,270.48,380,5922,7,336,582.17,52.96,Friday,7,0
SRV-078,30-01-2026 08:30,Application,Windows Server,69.47,51.52,64.91,70.4,1288.87,1040.38,30.18,284.95,683,6805,5,281,870.45,58.54,Friday,8,0
SRV-050,30-01-2026 10:30,Web,Linux,99.0,56.51,54.15,99.0,1946.24,1533.06,32.09,345.28,1179,10429,15,330,797.95,66.2,Friday,10,1
SRV-028,30-01-2026 10:30,Web,Linux,76.45,68.12,79.74,81.19,2126.66,1564.08,26.17,422.36,1073,10531,10,304,467.67,62.65,Friday,10,0
SRV-038,30-01-2026 12:30,Database,Linux,81.96,79.85,52.85,88.56,2217.93,1640.39,31.55,317.65,1020,10866,15,266,427.91,60.78,Friday,12,0
SRV-086,30-01-2026 13:00,Web,Windows Server,66.89,76.2,52.86,81.76,2036.33,1450.83,11.53,275.24,920,10479,11,255,555.41,52.59,Friday,13,0
SRV-090,30-01-2026 13:30,Application,Linux,88.83,78.27,47.55,70.32,1964.38,1541.74,33.5,396.95,940,10025,7,384,418.38,64.22,Friday,13,0
SRV-020,30-01-2026 13:30,Application,Linux,76.36,77.38,56.64,72.78,2003.45,1557.53,30.44,336.48,1134,9999,15,235,640.45,62.82,Friday,13,0
SRV-040,30-01-2026 15:00,Application,Linux,57.49,83.16,58.49,64.2,1867.48,1494.89,27.22,364.12,970,10023,11,286,410.14,58.19,Friday,15,0
SRV-007,30-01-2026 17:30,File,Linux,64.84,52.21,32.52,39.9,1618.35,1197.45,16.24,380.69,589,8219,17,232,461.67,53.26,Friday,17,0
SRV-091,30-01-2026 18:00,Web,Windows Server,85.28,56.19,39.53,76.78,2047.23,1506.46,16.64,288.78,861,10442,14,255,552.29,62.24,Friday,18,0
SRV-086,30-01-2026 18:30,Web,Windows Server,77.62,55.54,73.5,51.07,1295.5,968.94,30.96,359.22,574,6979,10,281,1001.2,59.4,Friday,18,0
SRV-062,30-01-2026 19:00,Database,Windows Server,67.12,88.22,60.03,59.56,1437.28,1141.98,25.19,263.9,660,7520,17,170,1472.15,53.43,Friday,19,0
SRV-100,30-01-2026 21:00,API,Linux,59.87,67.44,75.45,31.72,1341.0,1049.9,33.27,235.09,648,7251,8,219,701.82,51.25,Friday,21,0
SRV-070,30-01-2026 21:00,Database,Windows Server,51.55,62.99,53.83,47.62,1453.93,1087.63,28.56,293.33,446,7559,10,273,876.6,51.54,Friday,21,0
SRV-058,30-01-2026 22:30,Application,Windows Server,74.66,59.78,35.81,76.93,1328.63,1025.79,32.11,404.09,858,6935,11,287,436.01,57.52,Friday,22,0
SRV-024,30-01-2026 22:30,API,Linux,70.77,74.71,58.2,64.13,1365.05,1008.29,27.78,363.15,967,7052,15,261,274.04,57.62,Friday,22,0
SRV-073,30-01-2026 23:00,API,Linux,90.22,60.87,46.58,62.18,1497.72,1051.65,18.5,261.87,796,7219,5,327,1061.87,63.13,Friday,23,0
SRV-037,30-01-2026 23:00,Web,Windows Server,52.73,57.72,45.85,47.95,1347.25,946.83,22.0,263.92,598,6992,3,236,528.07,49.4,Friday,23,0
SRV-099,30-01-2026 23:30,Web,Linux,64.73,69.23,40.36,43.55,1395.71,986.0,24.31,271.24,496,7038,13,259,830.5,55.78,Friday,23,0
SRV-014,31-01-2026 00:00,File,Linux,48.52,49.25,43.45,38.38,981.67,685.24,21.47,325.18,642,4997,7,224,926.0,44.93,Saturday,0,0
SRV-083,31-01-2026 03:30,File,Linux,48.36,55.53,57.78,33.35,923.16,736.89,14.24,258.67,216,4873,9,201,395.7,45.8,Saturday,3,0
SRV-051,31-01-2026 04:30,Web,Windows Server,66.24,53.37,52.89,62.89,1045.51,892.53,30.41,312.49,416,5904,8,264,1315.39,54.22,Saturday,4,0
SRV-022,31-01-2026 06:30,Database,Linux,78.98,56.82,52.74,69.29,1201.13,842.36,25.1,280.48,662,6194,11,285,578.28,63.2,Saturday,6,0
SRV-016,31-01-2026 06:30,Web,Windows Server,54.09,60.95,48.52,39.57,1006.35,829.32,23.55,259.96,542,5864,9,220,1729.25,49.83,Saturday,6,0
SRV-012,31-01-2026 07:00,API,Linux,74.53,56.89,36.14,56.09,1251.69,860.02,23.72,256.53,504,6002,8,314,938.63,55.23,Saturday,7,0
SRV-029,31-01-2026 09:30,Web,Linux,75.33,59.66,44.41,65.68,1518.79,1150.99,22.01,338.21,660,8065,17,351,683.45,57.63,Saturday,9,0
SRV-080,31-01-2026 10:00,File,Windows Server,40.82,56.87,67.53,46.33,1379.98,970.51,23.14,292.68,637,6693,6,186,982.13,49.74,Saturday,10,0
SRV-051,31-01-2026 10:30,Web,Windows Server,40.88,68.67,47.48,47.87,1638.38,1237.96,22.99,183.84,612,8142,5,258,953.84,45.12,Saturday,10,0
SRV-056,31-01-2026 11:00,File,Windows Server,51.33,50.68,58.06,49.6,1346.0,1044.12,22.61,329.64,671,6662,11,253,887.71,47.02,Saturday,11,0
SRV-062,31-01-2026 12:00,Database,Windows Server,78.55,60.44,49.21,59.87,1645.63,1303.18,31.88,292.04,905,8735,9,258,797.0,61.31,Saturday,12,0
SRV-020,31-01-2026 12:30,Application,Linux,60.49,41.29,37.61,68.56,1485.59,1150.26,25.13,341.24,595,8020,11,263,458.6,60.5,Saturday,12,0
SRV-004,31-01-2026 13:00,Application,Windows Server,71.33,61.62,65.93,70.18,1575.86,1149.94,21.52,294.82,885,7937,10,324,304.04,53.26,Saturday,13,0
SRV-099,31-01-2026 15:00,Web,Linux,72.44,51.16,56.77,59.04,1513.93,1242.34,17.43,288.87,788,8040,10,272,1327.65,61.75,Saturday,15,0
SRV-070,31-01-2026 17:00,Database,Windows Server,86.62,71.06,62.58,76.72,1566.48,1247.16,27.67,332.43,1044,8558,11,235,1063.2,63.22,Saturday,17,0
SRV-080,31-01-2026 17:00,File,Windows Server,82.71,76.8,61.24,53.08,1262.97,1011.36,26.52,355.74,561,6567,16,335,805.64,60.1,Saturday,17,0
SRV-063,31-01-2026 18:00,Application,Linux,63.48,59.47,47.46,76.5,1481.21,1122.66,12.82,194.88,479,7872,8,246,514.59,56.16,Saturday,18,0
SRV-013,31-01-2026 20:00,Application,Linux,65.15,63.55,57.45,55.9,1092.9,805.63,23.59,314.21,553,5642,9,171,566.19,55.38,Saturday,20,0
SRV-012,31-01-2026 22:30,API,Linux,62.1,51.22,58.56,49.84,1096.39,899.05,20.73,275.7,359,5862,12,236,784.01,53.7,Saturday,22,0
SRV-007,01-02-2026 01:30,File,Linux,66.15,46.12,36.25,42.93,988.14,680.24,27.93,241.33,531,5071,9,257,1326.42,50.63,Sunday,1,0
SRV-089,01-02-2026 02:00,Web,Windows Server,76.93,46.16,49.78,54.17,1080.73,871.54,24.75,264.62,251,5905,9,340,767.74,57.84,Sunday,2,0
SRV-075,01-02-2026 02:30,Web,Linux,65.01,50.19,53.91,43.54,1075.78,861.42,28.86,236.81,549,5837,5,229,188.75,49.91,Sunday,2,0
SRV-100,01-02-2026 03:30,API,Linux,42.37,45.89,77.87,38.62,1094.77,977.08,26.64,217.6,491,5967,9,198,602.71,46.08,Sunday,3,0
SRV-085,01-02-2026 03:30,Web,Windows Server,62.15,79.58,44.23,52.65,1211.3,847.62,22.59,242.29,488,5868,13,281,768.46,53.01,Sunday,3,0
SRV-020,01-02-2026 04:30,Application,Linux,53.93,66.02,42.8,17.25,1109.94,845.36,18.52,247.4,534,5694,4,237,611.29,47.55,Sunday,4,0
SRV-081,01-02-2026 07:30,Application,Windows Server,55.05,29.48,54.3,42.18,1162.86,871.67,23.87,321.15,366,5771,6,202,920.83,45.14,Sunday,7,0
SRV-053,01-02-2026 07:30,File,Linux,41.97,54.85,48.92,29.5,928.56,739.95,18.43,213.09,323,5131,4,175,509.36,54.39,Sunday,7,0
SRV-024,01-02-2026 08:30,API,Linux,57.23,69.1,49.51,52.22,1081.91,982.52,24.12,345.98,737,6004,15,279,1121.49,57.2,Sunday,8,0
SRV-046,01-02-2026 10:30,File,Linux,72.29,54.28,54.84,55.94,1339.53,957.53,27.15,283.26,707,6793,10,268,612.17,51.06,Sunday,10,0
SRV-019,01-02-2026 11:30,File,Linux,44.96,59.97,48.32,54.66,1231.11,960.08,14.91,246.67,277,6588,12,247,311.95,52.14,Sunday,11,0
SRV-059,01-02-2026 12:30,Web,Windows Server,69.57,80.7,63.56,43.71,1589.61,1184.28,24.61,291.28,458,8160,9,266,751.54,57.81,Sunday,12,0
SRV-042,01-02-2026 12:30,File,Linux,60.96,60.63,33.4,55.79,1218.35,909.41,26.6,251.93,607,6654,10,256,731.7,50.9,Sunday,12,0
SRV-003,01-02-2026 13:30,API,Linux,71.91,57.35,64.04,66.54,1552.72,1272.5,27.64,357.7,863,8552,18,305,847.39,63.85,Sunday,13,0
SRV-016,01-02-2026 13:30,Web,Windows Server,82.71,83.3,49.46,58.52,1526.65,1210.78,25.24,376.83,873,8167,7,360,503.43,64.05,Sunday,13,0
SRV-059,01-02-2026 13:30,Web,Windows Server,66.84,59.62,68.58,58.13,1588.25,1110.78,29.27,308.25,881,8195,16,269,533.01,55.49,Sunday,13,0
SRV-025,01-02-2026 14:00,File,Linux,68.8,53.51,58.71,79.4,1188.06,1035.14,27.3,287.42,416,6716,6,241,886.19,56.74,Sunday,14,0
SRV-084,01-02-2026 15:00,Web,Linux,58.37,68.31,57.47,48.27,1559.83,1158.76,25.41,340.83,498,8015,11,235,567.22,52.2,Sunday,15,0
SRV-074,01-02-2026 15:30,Web,Windows Server,89.9,74.94,57.31,81.43,1421.45,1059.6,24.84,361.98,1022,8016,20,327,816.14,65.83,Sunday,15,0
SRV-046,01-02-2026 15:30,File,Linux,67.9,75.74,53.73,69.98,1295.37,937.08,18.48,319.14,684,6693,11,244,550.5,57.79,Sunday,15,0
SRV-097,01-02-2026 16:00,Database,Linux,95.69,61.63,59.34,84.48,1670.69,1278.6,28.84,369.64,716,8574,19,346,1356.82,59.6,Sunday,16,0
SRV-067,01-02-2026 16:00,Application,Windows Server,71.15,60.25,40.73,54.92,1594.65,1152.33,32.99,338.76,861,7957,11,322,495.69,53.62,Sunday,16,0
SRV-024,01-02-2026 16:00,API,Linux,88.88,66.03,70.9,99.0,1480.05,1341.87,29.5,347.78,886,8391,7,360,647.16,64.12,Sunday,16,0
SRV-050,01-02-2026 17:00,Web,Linux,76.31,49.53,53.68,85.62,1472.8,1202.46,18.43,298.96,575,8161,12,271,823.29,64.16,Sunday,17,0
SRV-052,01-02-2026 17:30,Web,Windows Server,36.14,50.8,71.43,55.48,1601.12,1258.08,32.05,230.35,927,8165,5,239,472.84,47.01,Sunday,17,0
SRV-077,01-02-2026 19:30,Web,Linux,65.73,62.79,64.94,71.17,1105.45,850.84,23.61,293.7,654,5878,8,281,668.57,60.6,Sunday,19,0
SRV-085,01-02-2026 20:00,Web,Windows Server,61.77,59.81,59.64,46.23,1134.34,813.86,22.28,238.17,523,5892,11,267,866.58,53.3,Sunday,20,0
SRV-074,01-02-2026 21:30,Web,Windows Server,58.43,71.63,37.96,64.21,1065.98,888.89,27.53,254.93,553,5858,7,239,952.88,55.91,Sunday,21,0
SRV-087,01-02-2026 22:30,Application,Linux,45.3,62.74,59.66,15.41,1218.62,824.26,26.21,264.96,489,5624,7,161,1100.46,46.27,Sunday,22,0
SRV-083,01-02-2026 22:30,File,Linux,72.7,45.17,46.05,50.99,997.99,623.87,26.45,238.45,431,4967,5,307,1379.48,54.72,Sunday,22,0
SRV-076,02-02-2026 00:30,Web,Linux,89.87,57.73,78.77,71.12,1387.0,1083.41,22.16,346.95,534,7022,14,346,1164.21,58.4,Monday,0,0
SRV-020,02-02-2026 04:00,Application,Linux,57.33,45.99,82.33,65.45,1276.24,956.35,23.6,313.92,848,6873,9,282,496.44,55.61,Monday,4,0
SRV-043,02-02-2026 05:00,Application,Windows Server,77.76,61.79,71.67,66.02,1396.57,1057.49,25.69,308.12,520,6800,7,295,753.98,57.76,Monday,5,0
SRV-093,02-02-2026 05:30,Database,Linux,58.16,48.0,55.24,57.51,1456.29,1135.82,15.21,296.01,571,7334,11,301,464.14,51.12,Monday,5,0
SRV-017,02-02-2026 05:30,Application,Windows Server,66.4,67.61,50.19,74.26,1381.76,985.67,23.52,287.05,726,7057,18,281,1364.08,50.64,Monday,5,0
SRV-026,02-02-2026 06:00,Web,Linux,48.15,40.04,70.86,45.58,1367.0,1025.16,21.37,232.14,309,7027,3,235,314.41,47.36,Monday,6,0
SRV-010,02-02-2026 06:00,Database,Windows Server,83.14,60.88,21.47,30.48,1438.71,1201.21,25.22,284.7,811,7546,9,264,780.75,59.22,Monday,6,0
SRV-061,02-02-2026 06:30,Application,Linux,76.1,75.92,58.86,69.31,1347.37,1034.56,27.58,364.99,808,7085,7,292,347.1,61.45,Monday,6,0
SRV-066,02-02-2026 06:30,Application,Linux,72.44,62.23,46.3,61.42,1387.57,917.36,20.65,294.27,650,6772,9,297,459.55,54.21,Monday,6,0
SRV-062,02-02-2026 08:30,Database,Windows Server,78.51,46.12,66.58,55.41,1432.42,1137.44,25.65,303.34,645,7353,12,294,585.25,57.2,Monday,8,0
SRV-021,02-02-2026 09:00,File,Linux,64.46,79.93,76.37,70.4,1671.09,1249.96,29.93,347.52,644,8226,9,235,518.22,51.25,Monday,9,0
SRV-071,02-02-2026 10:00,Web,Linux,77.41,75.15,49.56,79.15,1959.86,1475.27,33.83,336.33,1074,10407,16,257,656.31,62.36,Monday,10,0
SRV-085,02-02-2026 11:30,Web,Windows Server,76.0,89.28,37.4,68.66,1991.53,1390.14,34.44,260.78,1078,10133,8,324,411.3,54.65,Monday,11,0
SRV-054,02-02-2026 12:00,Application,Linux,76.61,57.86,46.71,79.56,2006.27,1487.91,28.97,322.93,877,9883,8,353,773.92,59.37,Monday,12,0
SRV-076,02-02-2026 12:00,Web,Linux,96.72,62.06,34.59,89.72,1933.95,1455.05,23.22,385.38,891,10376,18,312,554.22,67.28,Monday,12,0
SRV-071,02-02-2026 13:00,Web,Linux,78.89,89.68,66.72,84.24,1992.86,1472.29,29.67,345.29,963,10350,13,308,1073.59,55.92,Monday,13,0
SRV-076,02-02-2026 13:00,Web,Linux,79.03,66.96,62.67,79.18,1967.5,1550.6,22.15,327.59,1139,10519,11,301,408.2,63.73,Monday,13,0
SRV-100,02-02-2026 14:00,API,Linux,89.65,85.34,46.33,66.22,1954.94,1536.66,23.86,324.95,993,10490,10,314,891.01,64.37,Monday,14,0
SRV-030,02-02-2026 14:00,Application,Linux,75.31,82.53,67.85,69.97,1959.93,1495.32,22.52,351.64,995,10060,14,269,1047.3,60.09,Monday,14,0
SRV-039,02-02-2026 14:00,Web,Windows Server,85.68,70.75,73.35,76.8,1956.43,1580.11,26.58,364.81,842,10383,15,353,1035.79,60.53,Monday,14,0
SRV-067,02-02-2026 15:00,Application,Windows Server,75.75,83.26,82.17,81.0,1862.16,1461.91,28.4,336.24,941,9932,17,268,402.75,57.07,Monday,15,0
SRV-031,02-02-2026 15:00,Application,Linux,72.07,71.36,58.07,71.81,1893.72,1445.25,27.19,302.34,1023,9931,9,317,845.65,52.86,Monday,15,0
SRV-066,02-02-2026 15:00,Application,Linux,82.46,74.27,43.52,87.38,1953.73,1445.64,29.8,383.27,866,9999,13,366,768.18,64.43,Monday,15,0
SRV-002,02-02-2026 17:30,Database,Windows Server,86.31,88.33,53.6,66.91,2051.37,1594.31,24.7,420.49,901,11001,17,265,357.11,61.69,Monday,17,1
SRV-050,02-02-2026 18:00,Web,Linux,86.64,76.94,68.49,98.86,1905.87,1647.91,24.5,384.05,1082,10356,13,270,828.8,65.94,Monday,18,1
SRV-004,02-02-2026 20:00,Application,Windows Server,52.02,66.23,80.29,55.32,1306.1,980.44,23.44,297.33,650,6791,5,273,273.93,53.13,Monday,20,0
SRV-047,02-02-2026 20:30,Database,Linux,84.87,55.66,56.7,56.34,1387.2,1099.48,25.26,350.32,624,7254,8,355,747.6,64.55,Monday,20,0
SRV-003,02-02-2026 21:00,API,Linux,51.27,53.4,65.25,50.24,1323.01,1028.58,25.69,290.2,825,7053,8,201,989.4,56.45,Monday,21,0
SRV-050,02-02-2026 21:30,Web,Linux,44.68,54.08,50.91,41.21,1379.46,1044.4,23.15,240.27,856,7188,8,224,435.73,43.27,Monday,21,0
SRV-006,02-02-2026 22:00,API,Windows Server,72.45,60.5,77.19,73.23,1438.69,1032.8,17.62,290.78,818,7252,12,238,704.4,64.27,Monday,22,0
SRV-024,03-02-2026 02:30,API,Linux,66.45,55.35,36.6,53.23,1506.1,1023.01,20.25,319.92,629,7137,9,273,631.74,54.48,Tuesday,2,0
SRV-051,03-02-2026 04:00,Web,Windows Server,64.15,48.72,44.08,49.37,1338.94,1035.84,24.5,235.28,667,7111,10,254,770.7,55.11,Tuesday,4,0
SRV-099,03-02-2026 05:00,Web,Linux,50.1,52.99,53.29,60.75,1396.67,1050.21,21.07,244.01,558,6956,4,225,1276.65,47.34,Tuesday,5,0
SRV-027,03-02-2026 06:00,Database,Linux,68.1,64.46,48.71,50.07,1485.47,1090.85,21.63,306.42,598,7439,5,281,1263.28,55.96,Tuesday,6,0
SRV-011,03-02-2026 06:00,Database,Linux,71.15,54.95,68.06,76.88,1432.55,1164.1,22.75,344.84,825,7403,18,281,674.51,60.49,Tuesday,6,0
SRV-003,03-02-2026 06:00,API,Linux,61.81,73.96,49.08,48.76,1456.33,1066.03,30.47,352.4,554,7329,11,239,263.42,54.46,Tuesday,6,0
SRV-051,03-02-2026 07:30,Web,Windows Server,68.15,70.42,59.03,73.49,1393.61,1083.76,17.07,304.59,377,7192,11,309,1582.44,58.09,Tuesday,7,0
SRV-047,03-02-2026 08:30,Database,Linux,51.39,63.73,43.7,59.94,1483.51,1062.01,23.0,254.13,529,7431,6,299,114.81,55.68,Tuesday,8,0
SRV-017,03-02-2026 08:30,Application,Windows Server,54.9,77.0,40.01,39.94,1254.8,996.92,13.28,255.4,693,6790,11,254,1033.4,49.87,Tuesday,8,0
SRV-018,03-02-2026 09:00,Web,Windows Server,85.79,72.6,53.36,94.39,2009.67,1476.13,24.5,345.83,1117,10487,13,269,635.5,64.46,Tuesday,9,0
SRV-063,03-02-2026 09:00,Application,Linux,85.38,75.48,39.7,64.99,2098.24,1547.83,27.38,443.61,973,9868,13,340,350.28,61.03,Tuesday,9,1
SRV-006,03-02-2026 10:30,API,Windows Server,77.1,70.37,41.79,89.18,2069.75,1530.65,19.76,337.82,833,10605,8,272,230.4,62.79,Tuesday,10,0
SRV-084,03-02-2026 10:30,Web,Linux,69.83,85.55,89.67,92.31,2077.52,1522.69,31.83,415.44,1230,10402,19,212,746.43,54.85,Tuesday,10,1
SRV-078,03-02-2026 13:30,Application,Windows Server,51.32,54.82,53.81,77.04,1944.39,1458.56,22.93,235.02,758,10131,4,279,1514.4,49.58,Tuesday,13,0
SRV-005,03-02-2026 14:00,Web,Windows Server,84.05,70.14,57.12,83.64,2093.18,1433.66,31.3,294.25,1085,10347,8,365,711.67,62.77,Tuesday,14,0
SRV-086,03-02-2026 16:30,Web,Windows Server,77.73,93.14,42.17,81.68,1929.2,1543.52,29.18,374.32,980,10297,14,300,1174.33,59.83,Tuesday,16,0
SRV-069,03-02-2026 17:00,Web,Linux,70.46,78.39,66.02,80.3,1970.87,1493.88,25.97,320.9,703,10333,21,293,958.11,58.17,Tuesday,17,0
SRV-041,03-02-2026 17:30,Database,Linux,68.99,97.05,39.01,99.0,2093.03,1714.68,23.82,358.36,956,11038,15,246,568.25,62.42,Tuesday,17,1
SRV-086,03-02-2026 18:00,Web,Windows Server,77.52,42.15,56.66,75.39,2137.39,1595.83,27.56,314.98,1239,10259,12,260,326.93,61.14,Tuesday,18,0
SRV-074,03-02-2026 18:30,Web,Windows Server,65.61,61.26,43.55,52.07,1339.07,1093.61,17.01,279.0,516,6966,7,211,445.05,56.62,Tuesday,18,0
SRV-042,03-02-2026 18:30,File,Linux,55.62,52.08,64.02,64.37,1129.57,853.63,20.66,231.93,609,5870,9,286,1104.89,50.07,Tuesday,18,0
SRV-036,03-02-2026 19:00,Web,Linux,72.43,64.46,48.77,58.14,1287.97,958.38,27.3,382.79,733,6954,13,326,909.95,57.32,Tuesday,19,0
SRV-089,03-02-2026 19:00,Web,Windows Server,69.92,54.08,43.75,41.0,1328.93,1009.75,12.82,279.11,640,7064,6,266,1405.64,47.83,Tuesday,19,0
SRV-093,03-02-2026 21:00,Database,Linux,64.62,48.39,44.75,50.35,1572.33,1118.22,34.22,280.86,776,7433,5,267,777.82,52.87,Tuesday,21,0
SRV-077,03-02-2026 21:30,Web,Linux,62.74,57.75,61.98,53.49,1393.38,997.33,24.5,271.14,763,7045,9,225,321.51,55.44,Tuesday,21,0
SRV-077,03-02-2026 22:00,Web,Linux,57.73,67.27,66.95,44.06,1282.19,985.87,26.08,297.84,579,7047,11,263,1041.13,52.82,Tuesday,22,0
SRV-073,03-02-2026 22:30,API,Linux,65.34,72.56,36.46,69.13,1431.66,1042.6,26.47,337.07,679,7254,9,312,659.08,53.29,Tuesday,22,0
SRV-015,03-02-2026 23:00,Database,Linux,65.2,45.89,76.4,67.84,1388.65,1154.96,24.01,286.64,581,7769,10,299,724.52,57.3,Tuesday,23,0
SRV-095,03-02-2026 23:00,Database,Linux,75.05,57.61,59.06,58.27,1344.75,1139.14,21.77,320.2,660,7299,19,240,623.84,58.4,Tuesday,23,0
SRV-046,04-02-2026 00:00,File,Linux,65.77,64.27,72.12,68.61,1086.92,823.94,20.33,266.54,347,5842,8,295,552.54,53.46,Wednesday,0,0
SRV-085,04-02-2026 00:00,Web,Windows Server,65.24,73.94,89.6,44.43,1476.52,992.62,23.78,316.17,684,7037,11,278,1342.8,53.27,Wednesday,0,0
SRV-076,04-02-2026 00:00,Web,Linux,57.82,55.5,55.71,38.28,1383.73,1008.9,28.56,247.84,622,6888,8,276,1125.25,56.0,Wednesday,0,0
SRV-074,04-02-2026 01:00,Web,Windows Server,49.36,65.09,65.57,50.89,1315.42,1036.57,26.71,281.23,635,7087,5,282,1235.92,44.43,Wednesday,1,0
SRV-100,04-02-2026 03:00,API,Linux,74.55,53.36,62.69,51.65,1417.26,1050.61,31.06,346.05,732,7361,8,310,429.38,59.77,Wednesday,3,0
SRV-077,04-02-2026 03:30,Web,Linux,59.55,60.27,36.08,49.4,1288.07,1039.38,22.9,310.58,550,6972,13,185,1329.92,58.76,Wednesday,3,0
SRV-019,04-02-2026 04:00,File,Linux,53.49,59.55,50.49,55.25,1105.98,912.98,18.89,236.29,490,5931,3,232,602.58,53.25,Wednesday,4,0
SRV-033,04-02-2026 04:30,Database,Linux,65.98,49.73,59.22,50.45,1377.91,1064.07,27.59,301.61,552,7445,12,226,619.6,55.87,Wednesday,4,0
SRV-038,04-02-2026 06:00,Database,Linux,64.51,69.76,79.67,46.9,1482.72,1103.26,21.72,331.09,647,7448,12,238,414.32,50.99,Wednesday,6,0
SRV-081,04-02-2026 07:30,Application,Windows Server,72.62,58.66,53.69,77.44,1339.95,1036.83,20.88,323.55,659,7055,11,310,616.33,60.28,Wednesday,7,0
SRV-100,04-02-2026 08:00,API,Linux,58.17,57.31,56.14,72.02,1356.88,1060.84,31.03,309.45,691,7143,13,359,654.64,50.95,Wednesday,8,0
SRV-093,04-02-2026 09:30,Database,Linux,76.95,81.74,79.5,90.02,2147.42,1628.26,23.77,321.31,1129,11050,9,342,1203.54,60.94,Wednesday,9,0
SRV-038,04-02-2026 09:30,Database,Linux,90.46,72.72,71.51,80.21,2197.6,1597.75,34.25,384.95,1051,11191,21,324,548.25,64.38,Wednesday,9,0
SRV-010,04-02-2026 09:30,Database,Windows Server,95.87,82.47,52.1,85.77,2213.67,1632.59,20.41,417.86,691,11059,13,322,532.78,68.02,Wednesday,9,1
SRV-073,04-02-2026 10:00,API,Linux,80.37,74.88,48.37,81.78,2241.34,1593.57,32.35,385.87,914,10676,11,237,450.03,66.29,Wednesday,10,0
SRV-098,04-02-2026 11:00,Web,Windows Server,78.36,77.81,44.16,78.66,1931.29,1578.31,32.57,345.16,844,10459,8,325,741.21,54.34,Wednesday,11,0
SRV-054,04-02-2026 12:00,Application,Linux,58.39,63.39,57.57,93.5,1848.03,1378.27,13.07,316.52,1005,9910,8,284,2020.0,62.7,Wednesday,12,0
SRV-099,04-02-2026 12:30,Web,Linux,70.12,81.23,50.79,81.31,2036.95,1549.91,27.77,260.25,1097,10347,9,300,1187.15,59.38,Wednesday,12,0
SRV-016,04-02-2026 13:00,Web,Windows Server,70.61,85.3,60.3,81.32,2052.88,1436.89,18.71,336.93,759,10261,10,338,321.14,56.375,Wednesday,13,0
SRV-030,04-02-2026 16:00,Application,Linux,68.85,57.56,63.8,71.07,1946.5,1503.52,25.24,344.39,865,10019,10,230,558.17,59.8,Wednesday,16,0
SRV-043,04-02-2026 17:30,Application,Windows Server,78.38,73.97,48.07,58.97,1975.6,1385.52,28.04,344.41,1087,9899,11,224,538.44,57.86,Wednesday,17,0
SRV-048,04-02-2026 18:30,Web,Linux,68.85,41.58,72.66,63.87,1291.15,970.0,26.88,239.07,537,7049,10,258,649.38,54.08,Wednesday,18,0
SRV-093,04-02-2026 19:00,Database,Linux,52.34,78.73,73.42,56.97,1501.01,1084.12,28.92,352.99,735,7503,15,318,1147.35,53.74,Wednesday,19,0
SRV-040,04-02-2026 19:00,Application,Linux,53.25,50.85,31.64,49.2,1357.69,979.71,17.91,267.87,468,6968,10,209,326.68,46.8,Wednesday,19,0
SRV-010,04-02-2026 19:30,Database,Windows Server,51.06,72.19,67.18,61.92,1401.41,1089.4,21.01,295.71,708,7335,12,203,755.11,52.1,Wednesday,19,0
SRV-093,04-02-2026 20:00,Database,Linux,45.11,76.53,80.2,28.56,1488.6,1108.55,31.6,285.56,784,7496,4,199,805.39,45.85,Wednesday,20,0
SRV-042,04-02-2026 22:00,File,Linux,66.88,56.93,49.89,26.06,1095.12,826.09,26.02,286.06,703,5898,8,321,677.61,56.43,Wednesday,22,0
SRV-053,05-02-2026 00:00,File,Linux,46.0,37.79,41.87,62.74,1144.45,876.34,25.15,264.31,623,5900,7,199,591.35,51.84,Thursday,0,0
SRV-088,05-02-2026 01:00,Database,Linux,81.0,65.21,48.01,79.75,1426.94,1165.48,33.96,402.38,562,7488,15,321,828.19,56.11,Thursday,1,0
SRV-009,05-02-2026 01:30,Web,Linux,67.25,57.83,55.38,59.59,1311.21,1005.75,17.12,295.91,397,7115,9,157,843.18,53.7,Thursday,1,0
SRV-062,05-02-2026 03:30,Database,Windows Server,88.07,73.25,65.48,75.27,1495.47,1137.31,31.52,359.16,736,7578,14,324,1989.22,66.87,Thursday,3,0
SRV-029,05-02-2026 05:00,Web,Linux,82.6,64.6,44.54,34.44,1382.4,1053.66,22.69,307.5,706,6909,6,312,454.02,56.86,Thursday,5,0
SRV-095,05-02-2026 05:30,Database,Linux,72.3,58.1,65.33,78.34,1457.16,1089.98,28.07,296.45,576,7495,17,261,698.2,59.91,Thursday,5,0
SRV-007,05-02-2026 06:00,File,Linux,70.19,52.37,38.33,65.26,1193.63,821.71,22.09,335.3,758,5965,16,294,1242.58,61.33,Thursday,6,0
SRV-074,05-02-2026 06:30,Web,Windows Server,59.81,53.51,51.87,56.73,1331.15,973.3,24.43,333.92,749,6966,8,233,1079.33,56.79,Thursday,6,0
SRV-050,05-02-2026 06:30,Web,Linux,63.8,55.56,59.86,68.08,1256.6,1059.97,19.24,276.2,537,7025,6,256,629.51,53.18,Thursday,6,0
SRV-029,05-02-2026 07:00,Web,Linux,62.75,46.63,50.5,61.82,1516.09,1082.02,17.5,296.98,596,6970,6,282,940.46,53.19,Thursday,7,0
SRV-009,05-02-2026 07:30,Web,Linux,83.08,59.89,61.12,96.45,1432.05,1073.25,32.91,268.27,665,7031,8,339,563.1,64.96,Thursday,7,0
SRV-076,05-02-2026 08:00,Web,Linux,68.1,55.88,55.29,64.23,1409.21,1112.96,23.37,368.99,860,7098,10,318,2051.22,56.375,Thursday,8,0
SRV-033,05-02-2026 08:00,Database,Linux,59.25,56.89,63.49,52.45,1509.69,1057.83,26.68,176.97,566,7337,8,279,848.17,52.37,Thursday,8,0
SRV-077,05-02-2026 08:30,Web,Linux,77.78,56.46,88.61,64.34,1385.43,920.63,25.44,288.53,662,6861,9,230,366.48,56.93,Thursday,8,0
SRV-048,05-02-2026 10:00,Web,Linux,84.84,94.14,35.67,74.44,2086.52,1531.15,28.23,388.82,933,10547,15,263,585.11,56.18,Thursday,10,0
SRV-078,05-02-2026 13:00,Application,Windows Server,86.61,62.8,68.32,79.84,1969.75,1449.71,32.09,356.22,1188,9916,6,329,513.01,63.35,Thursday,13,0
SRV-054,05-02-2026 14:00,Application,Linux,73.98,82.41,55.5,69.26,1950.68,1453.02,28.76,339.06,1046,10006,14,279,594.92,62.73,Thursday,14,0
SRV-024,05-02-2026 15:30,API,Linux,84.92,82.64,75.4,74.99,2088.2,1636.83,35.25,383.64,1003,10697,14,273,590.34,61.97,Thursday,15,0
SRV-050,05-02-2026 15:30,Web,Linux,70.35,91.55,59.92,95.29,1998.97,1531.94,27.49,374.51,1031,10395,19,316,816.25,60.92,Thursday,15,0
SRV-089,05-02-2026 16:00,Web,Windows Server,71.35,65.49,52.71,75.9,2039.59,1455.3,35.72,281.22,988,10331,8,324,447.59,62.29,Thursday,16,0
SRV-020,05-02-2026 19:00,Application,Linux,64.81,43.24,41.94,81.32,1386.83,1048.69,22.14,254.22,488,6998,7,273,900.45,52.49,Thursday,19,0
SRV-001,05-02-2026 19:00,File,Windows Server,28.81,64.87,55.14,33.43,1143.3,890.55,13.98,269.26,335,5977,8,223,736.78,41.96,Thursday,19,0
SRV-059,05-02-2026 20:30,Web,Windows Server,65.29,76.66,63.54,73.68,1404.0,960.56,24.77,313.27,599,6919,18,279,794.77,54.07,Thursday,20,0
SRV-033,06-02-2026 00:00,Database,Linux,85.88,73.08,54.66,82.89,1443.66,1047.35,25.63,396.23,407,7210,14,295,1199.57,54.7,Friday,0,0
SRV-100,06-02-2026 00:00,API,Linux,65.13,53.46,63.37,51.13,1450.73,1051.08,33.32,289.35,756,7076,5,244,515.7,53.58,Friday,0,0
SRV-083,06-02-2026 00:30,File,Linux,61.43,44.39,70.26,48.64,1027.61,778.38,32.18,282.3,427,5927,6,306,1233.4,54.13,Friday,0,0
SRV-086,06-02-2026 03:00,Web,Windows Server,75.82,56.86,58.86,50.44,1375.12,1000.77,17.94,266.53,640,7117,8,330,828.51,57.27,Friday,3,0
SRV-092,06-02-2026 03:30,Application,Linux,69.7,63.3,60.69,55.01,1372.07,1113.28,22.78,291.81,737,6842,12,309,750.47,59.13,Friday,3,0
SRV-052,06-02-2026 04:00,Web,Windows Server,56.21,54.16,62.57,76.95,1240.21,1000.89,22.31,252.04,400,7093,6,205,358.94,56.92,Friday,4,0
SRV-093,06-02-2026 05:30,Database,Linux,71.86,57.26,56.4,88.17,1401.51,1154.3,23.94,282.03,521,7333,5,316,358.23,60.14,Friday,5,0
SRV-025,06-02-2026 05:30,File,Linux,83.19,47.13,35.87,51.79,1193.75,887.74,27.29,340.99,621,5882,19,257,1198.35,58.04,Friday,5,0
SRV-019,06-02-2026 06:00,File,Linux,55.59,51.44,67.39,48.47,1203.41,906.78,14.48,265.87,416,5865,7,239,454.67,49.73,Friday,6,0
SRV-010,06-02-2026 06:00,Database,Windows Server,58.47,63.38,53.6,63.09,1405.41,1120.76,23.67,248.67,775,7335,8,261,643.16,55.02,Friday,6,0
SRV-001,06-02-2026 06:00,File,Windows Server,51.72,60.58,61.24,56.98,1143.31,903.57,20.45,310.04,788,5805,9,238,159.86,54.25,Friday,6,0
SRV-020,06-02-2026 07:00,Application,Linux,49.03,77.58,48.94,78.52,1362.49,1035.74,14.68,322.28,533,6878,9,218,601.72,49.68,Friday,7,0
SRV-090,06-02-2026 07:30,Application,Linux,62.52,55.76,51.21,59.38,1364.76,978.61,23.95,303.42,623,6917,11,305,598.67,53.76,Friday,7,0
SRV-028,06-02-2026 08:00,Web,Linux,67.61,73.94,54.47,71.87,1389.42,989.4,21.12,301.89,602,7139,17,260,1065.51,58.91,Friday,8,0
SRV-017,06-02-2026 09:00,Application,Windows Server,82.37,70.59,69.07,99.0,1996.48,1578.97,25.25,318.31,1084,10205,13,296,1058.91,66.31,Friday,9,0
SRV-023,06-02-2026 09:00,API,Linux,68.72,76.71,67.19,78.07,2089.46,1473.18,13.8,330.17,1057,10709,17,304,1471.41,59.63,Friday,9,0
SRV-074,06-02-2026 11:30,Web,Windows Server,77.09,81.12,61.63,91.52,2006.46,1547.24,30.24,309.42,1148,10430,9,322,736.47,61.34,Friday,11,0
SRV-006,06-02-2026 12:00,API,Windows Server,99.0,99.0,64.43,71.99,2071.69,1550.0,27.53,378.23,976,10674,9,323,1006.46,67.04,Friday,12,1
SRV-048,06-02-2026 12:00,Web,Linux,99.0,87.8,64.54,98.94,2055.82,1442.2,29.89,410.91,1028,10324,12,370,123.65,71.35,Friday,12,1
SRV-051,06-02-2026 14:00,Web,Windows Server,57.3,60.37,55.3,71.36,2077.23,1495.13,16.96,262.14,948,10343,10,283,525.54,61.9,Friday,14,0
SRV-051,06-02-2026 14:30,Web,Windows Server,77.42,82.98,64.65,76.04,2038.45,1554.65,21.02,408.85,1032,10481,13,294,907.7,54.87,Friday,14,0
SRV-058,06-02-2026 15:00,Application,Windows Server,85.8,65.3,32.72,99.0,1870.51,1438.83,26.31,329.24,1084,9912,10,278,1638.32,67.58,Friday,15,0
SRV-029,06-02-2026 15:30,Web,Linux,77.15,69.8,65.78,81.13,1947.71,1584.36,27.08,330.38,825,10455,9,220,824.77,62.09,Friday,15,0
SRV-020,06-02-2026 16:00,Application,Linux,95.84,80.06,60.52,64.04,1825.96,1458.11,34.14,394.29,1142,9827,10,315,1098.13,68.04,Friday,16,0
SRV-022,06-02-2026 16:30,Database,Linux,99.0,77.85,81.62,94.43,2219.64,1685.46,31.85,396.37,1133,10991,13,378,1513.04,70.13,Friday,16,1
SRV-003,06-02-2026 16:30,API,Linux,74.97,84.53,73.83,87.72,2101.55,1645.1,30.48,346.98,1054,10635,9,273,763.48,60.3,Friday,16,0
SRV-056,06-02-2026 17:00,File,Windows Server,78.89,75.67,48.77,75.83,1704.77,1206.43,16.59,367.22,675,8178,14,263,327.62,58.58,Friday,17,0
SRV-089,06-02-2026 17:00,Web,Windows Server,90.02,74.99,45.03,83.25,2051.43,1427.34,22.84,404.79,1109,10348,13,351,501.16,68.31,Friday,17,0
SRV-016,06-02-2026 18:00,Web,Windows Server,67.53,70.4,45.6,94.45,1917.95,1508.12,24.33,324.48,1015,10293,18,306,756.65,56.375,Friday,18,0
SRV-093,06-02-2026 19:30,Database,Linux,86.67,61.8,51.73,62.46,1522.04,1097.04,31.76,275.79,710,7580,11,266,620.19,62.98,Friday,19,0
SRV-095,06-02-2026 20:30,Database,Linux,69.33,41.41,40.85,66.57,1470.38,1114.61,30.58,239.34,694,7390,11,241,756.47,59.83,Friday,20,0
SRV-030,06-02-2026 22:00,Application,Linux,69.71,71.94,57.63,56.76,1294.61,1045.58,32.92,253.06,682,6841,9,267,731.99,66.08,Friday,22,0
SRV-012,06-02-2026 23:30,API,Linux,72.67,72.0,62.94,48.53,1324.57,1083.55,20.85,355.45,598,7207,10,289,762.77,59.71,Friday,23,0
SRV-007,07-02-2026 02:30,File,Linux,39.96,54.4,57.19,38.68,1011.58,711.6,17.0,254.39,347,5025,7,229,676.97,48.15,Saturday,2,0
SRV-092,07-02-2026 02:30,Application,Linux,66.34,69.78,82.94,34.72,1094.95,726.04,21.52,279.8,577,5734,6,282,1385.95,51.77,Saturday,2,0
SRV-018,07-02-2026 03:30,Web,Windows Server,71.23,66.73,56.17,45.63,1198.86,876.53,21.96,308.45,563,5873,11,342,1371.67,56.89,Saturday,3,0
SRV-036,07-02-2026 05:30,Web,Linux,58.23,70.29,56.63,69.67,1128.49,826.49,12.78,276.07,421,5864,7,277,2149.49,54.46,Saturday,5,0
SRV-007,07-02-2026 06:00,File,Linux,73.01,37.36,63.85,43.73,1009.86,813.42,19.74,241.63,529,4978,6,354,580.81,59.78,Saturday,6,0
SRV-083,07-02-2026 06:00,File,Linux,62.98,56.19,54.59,40.95,1043.96,718.33,12.67,234.22,396,5070,10,278,1237.96,49.28,Saturday,6,0
SRV-096,07-02-2026 06:30,Application,Linux,70.11,57.52,43.27,55.74,1038.9,818.04,16.18,239.51,373,5717,10,303,842.92,51.35,Saturday,6,0
SRV-061,07-02-2026 08:00,Application,Linux,67.54,55.11,35.59,70.71,1140.66,845.9,34.35,312.49,830,5876,13,239,1140.64,61.73,Saturday,8,0
SRV-057,07-02-2026 09:30,Database,Linux,61.73,65.33,82.47,75.85,1758.18,1219.28,10.6,253.81,756,8782,7,233,573.03,59.1,Saturday,9,0
SRV-048,07-02-2026 09:30,Web,Linux,71.93,52.23,52.92,58.66,1571.21,1123.91,28.04,277.34,894,8157,6,320,766.22,56.01,Saturday,9,0
SRV-059,07-02-2026 10:00,Web,Windows Server,81.58,63.3,52.67,68.67,1721.97,1210.63,21.38,374.08,839,8018,13,336,1384.7,57.52,Saturday,10,0
SRV-099,07-02-2026 10:30,Web,Linux,77.38,66.64,76.72,67.02,1569.66,1221.26,26.51,267.75,844,8219,12,311,507.03,56.54,Saturday,10,0
SRV-030,07-02-2026 12:30,Application,Linux,77.94,57.74,56.75,67.45,1530.07,1164.55,26.0,248.94,507,8013,10,319,727.11,59.34,Saturday,12,0
SRV-037,07-02-2026 12:30,Web,Windows Server,64.99,63.17,44.76,64.35,1561.9,1243.96,22.37,263.72,954,8166,11,310,377.39,64.9,Saturday,12,0
SRV-004,07-02-2026 12:30,Application,Windows Server,91.45,58.5,59.09,49.28,1466.53,1206.46,29.16,325.63,927,7749,15,347,711.44,56.64,Saturday,12,0
SRV-078,07-02-2026 13:30,Application,Windows Server,70.46,67.05,45.92,64.31,1478.21,1120.44,25.0,303.13,794,7814,4,279,921.18,57.19,Saturday,13,0
SRV-061,07-02-2026 15:00,Application,Linux,60.1,77.19,63.04,56.02,1494.5,1160.57,22.15,322.73,571,7864,13,229,517.74,50.56,Saturday,15,0
SRV-039,07-02-2026 15:00,Web,Windows Server,74.37,66.58,52.98,74.23,1606.9,1191.84,30.12,236.32,709,8182,9,268,559.34,58.13,Saturday,15,0
SRV-020,07-02-2026 16:30,Application,Linux,70.86,68.01,40.18,64.24,1486.02,1176.44,26.89,296.39,802,7814,11,269,422.03,51.38,Saturday,16,0
SRV-051,07-02-2026 17:30,Web,Windows Server,79.51,52.46,48.73,62.32,1596.81,1168.47,23.6,333.8,809,8220,6,316,1494.48,63.13,Saturday,17,0
SRV-035,07-02-2026 18:00,Database,Linux,76.8,59.96,67.72,62.23,1686.69,1337.08,19.04,240.03,754,8685,8,312,687.25,54.99,Saturday,18,0
SRV-094,07-02-2026 18:00,Database,Windows Server,44.53,69.97,46.38,61.24,1711.09,1265.4,24.95,334.97,995,8580,17,280,595.86,53.15,Saturday,18,0
SRV-076,07-02-2026 18:30,Web,Linux,46.17,73.75,46.83,42.31,1102.72,861.45,19.31,261.1,779,5772,8,223,712.74,50.3,Saturday,18,0
SRV-030,07-02-2026 21:30,Application,Linux,52.68,64.17,59.47,66.18,1114.62,805.2,22.36,307.23,602,5679,12,236,641.79,51.46,Saturday,21,0
SRV-079,07-02-2026 21:30,Application,Windows Server,53.5,56.22,46.99,61.53,1176.79,828.18,29.91,222.13,499,5666,11,264,1249.36,53.69,Saturday,21,0
SRV-092,07-02-2026 23:00,Application,Linux,30.96,58.2,69.92,30.49,1092.19,881.37,21.94,240.03,247,5814,8,211,279.79,44.06,Saturday,23,0
SRV-025,08-02-2026 00:00,File,Linux,47.6,50.9,55.74,65.92,890.22,728.26,25.61,285.32,537,4988,11,255,496.05,46.12,Sunday,0,0
SRV-063,08-02-2026 00:30,Application,Linux,59.86,43.01,40.5,34.64,1129.15,805.68,24.5,263.44,417,5611,11,237,455.29,55.44,Sunday,0,0
SRV-088,08-02-2026 01:00,Database,Linux,78.99,66.58,79.25,66.91,1081.65,924.34,22.31,352.01,490,6105,12,294,1321.89,56.81,Sunday,1,0
SRV-059,08-02-2026 01:30,Web,Windows Server,61.5,53.29,31.95,42.12,1117.16,895.86,25.37,320.16,512,5940,10,284,404.98,58.73,Sunday,1,0
SRV-051,08-02-2026 02:30,Web,Windows Server,78.3,65.52,51.99,65.76,1152.02,832.88,22.57,375.77,439,5928,13,318,749.8,60.62,Sunday,2,0
SRV-068,08-02-2026 03:00,Database,Windows Server,45.12,56.76,60.4,63.75,1217.07,828.45,12.57,244.99,501,6072,8,210,539.84,55.06,Sunday,3,0
SRV-051,08-02-2026 03:30,Web,Windows Server,59.47,66.06,63.73,43.98,1060.31,853.18,17.56,254.62,622,5864,14,181,1470.64,55.77,Sunday,3,0
SRV-087,08-02-2026 05:00,Application,Linux,61.06,44.5,49.13,63.23,1136.44,827.38,24.01,302.99,553,5679,11,212,197.79,50.47,Sunday,5,0
SRV-083,08-02-2026 05:00,File,Linux,61.5,44.02,46.54,37.38,944.15,704.06,17.54,207.1,553,4977,8,227,874.17,48.23,Sunday,5,0
SRV-019,08-02-2026 05:30,File,Linux,64.71,46.46,63.49,65.31,897.04,758.62,17.85,278.44,411,5171,5,262,599.41,59.42,Sunday,5,0
SRV-083,08-02-2026 05:30,File,Linux,40.66,53.37,51.35,33.59,1021.24,709.79,20.55,255.97,547,5053,8,244,344.03,50.25,Sunday,5,0
SRV-091,08-02-2026 06:00,Web,Windows Server,75.5,64.52,59.25,55.76,1033.11,772.57,28.44,249.99,476,5805,5,317,1103.22,56.375,Sunday,6,0
SRV-064,08-02-2026 06:30,File,Linux,50.96,37.35,54.7,53.86,989.96,623.52,19.69,248.88,516,5076,7,249,336.25,52.29,Sunday,6,0
SRV-064,08-02-2026 07:00,File,Linux,63.0,34.7,46.79,60.9,994.8,757.99,22.67,270.79,409,5003,6,189,669.61,62.07,Sunday,7,0
SRV-048,08-02-2026 08:00,Web,Linux,64.76,36.24,57.04,57.81,1152.69,775.56,21.2,216.72,396,5676,5,265,1090.64,53.34,Sunday,8,0
SRV-099,08-02-2026 08:00,Web,Linux,80.85,53.43,58.26,52.08,1059.87,783.47,30.16,290.71,390,5718,17,248,234.2,56.09,Sunday,8,0
SRV-086,08-02-2026 08:30,Web,Windows Server,63.36,67.47,51.95,35.2,1166.56,822.71,23.52,290.03,386,5896,10,258,792.45,54.26,Sunday,8,0
SRV-030,08-02-2026 09:30,Application,Linux,62.15,58.34,45.12,36.73,1629.19,1129.6,22.63,278.46,941,7949,5,280,386.09,54.25,Sunday,9,0
SRV-004,08-02-2026 11:30,Application,Windows Server,69.84,55.27,52.04,76.25,1454.49,1132.38,18.07,341.54,950,7889,10,293,744.35,55.43,Sunday,11,0
SRV-034,08-02-2026 13:30,Database,Linux,74.09,50.13,55.28,63.76,1702.43,1272.03,21.77,342.06,890,8635,17,304,309.55,60.14,Sunday,13,0
SRV-015,08-02-2026 13:30,Database,Linux,75.08,68.29,66.24,62.82,1786.95,1204.89,32.86,402.53,1001,8721,11,325,758.31,61.29,Sunday,13,0
SRV-035,08-02-2026 16:30,Database,Linux,69.29,59.38,53.67,70.52,1675.09,1286.85,24.32,279.96,897,8626,11,255,1153.87,59.72,Sunday,16,0
SRV-068,08-02-2026 19:00,Database,Windows Server,60.63,42.39,42.22,47.77,1190.96,840.06,27.14,201.76,552,6029,7,305,1017.9,52.64,Sunday,19,0
SRV-073,08-02-2026 19:00,API,Linux,45.17,41.52,67.92,65.88,1174.36,888.55,15.66,308.82,417,6075,12,249,914.69,54.19,Sunday,19,0
SRV-079,08-02-2026 20:30,Application,Windows Server,67.6,45.13,42.69,69.71,1076.05,905.44,22.46,297.67,525,5847,13,268,1274.41,50.75,Sunday,20,0
SRV-057,08-02-2026 22:00,Database,Linux,77.37,59.12,58.72,42.18,1065.05,871.17,28.28,268.63,796,6212,8,312,615.95,55.78,Sunday,22,0
SRV-100,08-02-2026 22:00,API,Linux,59.93,60.54,46.66,61.83,1097.18,801.55,23.31,246.3,566,5834,6,216,626.95,52.2,Sunday,22,0
SRV-028,08-02-2026 23:30,Web,Linux,57.76,64.34,39.55,37.95,1199.98,867.16,17.82,246.83,493,5785,7,281,929.42,56.84,Sunday,23,0
SRV-059,09-02-2026 00:00,Web,Windows Server,54.4,79.79,57.63,41.97,1413.7,1060.34,29.44,347.74,864,7102,11,282,280.28,56.04,Monday,0,0
SRV-007,09-02-2026 02:30,File,Linux,62.93,65.49,57.78,51.07,1223.12,911.95,25.66,216.08,549,5938,12,287,1294.26,55.79,Monday,2,0
SRV-090,09-02-2026 03:00,Application,Linux,68.39,64.48,55.95,45.8,1303.05,974.12,28.76,345.61,594,6831,14,289,452.5,48.31,Monday,3,0
SRV-069,09-02-2026 03:30,Web,Linux,59.53,54.36,67.45,36.93,1424.81,1009.73,29.93,295.08,553,7050,8,209,651.28,55.76,Monday,3,0
SRV-094,09-02-2026 05:00,Database,Windows Server,64.24,58.43,57.82,66.94,1429.94,1099.0,28.17,287.67,548,7396,11,297,1082.51,55.56,Monday,5,0
SRV-043,09-02-2026 05:00,Application,Windows Server,74.96,64.54,60.61,53.54,1267.55,951.72,15.81,325.49,768,6707,14,335,1173.56,57.25,Monday,5,0
SRV-058,09-02-2026 05:00,Application,Windows Server,99.0,60.71,61.76,85.11,1227.79,1010.58,24.25,303.0,525,6843,9,445,430.29,63.59,Monday,5,0
SRV-015,09-02-2026 05:30,Database,Linux,78.05,68.92,39.29,76.97,1392.42,1097.24,26.38,276.51,730,7358,14,201,772.11,62.67,Monday,5,0
SRV-068,09-02-2026 06:30,Database,Windows Server,69.88,74.19,50.67,68.14,1552.07,1130.31,22.08,310.02,767,7495,12,243,608.36,63.62,Monday,6,0
SRV-075,09-02-2026 08:00,Web,Linux,75.82,57.88,65.72,62.22,1354.09,1032.37,24.61,266.7,675,7223,12,249,382.41,65.25,Monday,8,0
SRV-071,09-02-2026 10:00,Web,Linux,84.28,72.59,52.18,95.9,2000.54,1397.1,25.8,436.57,866,10384,10,346,473.59,63.16,Monday,10,1
SRV-100,09-02-2026 10:00,API,Linux,67.39,82.08,57.78,82.11,2133.23,1551.34,24.58,349.73,984,10855,12,239,459.25,65.9,Monday,10,0
SRV-041,09-02-2026 10:30,Database,Linux,92.82,99.0,77.59,77.84,2033.5,1533.14,23.33,330.77,862,10929,15,368,1232.68,64.34,Monday,10,0
SRV-004,09-02-2026 11:30,Application,Windows Server,62.95,68.51,76.46,75.36,1997.25,1378.34,28.35,279.53,885,9975,11,218,677.12,50.83,Monday,11,0
SRV-062,09-02-2026 12:00,Database,Windows Server,97.62,77.93,60.23,97.69,2057.68,1586.41,21.98,374.92,896,10878,16,322,1261.9,63.99,Monday,12,0
SRV-050,09-02-2026 12:30,Web,Linux,93.27,75.86,51.53,81.61,2053.51,1517.5,19.18,333.49,755,10355,13,291,666.89,63.43,Monday,12,0
SRV-069,09-02-2026 13:30,Web,Linux,61.23,70.85,43.54,97.76,2021.59,1506.43,24.95,284.45,1031,10349,5,288,988.35,54.35,Monday,13,0
SRV-001,09-02-2026 13:30,File,Windows Server,76.14,68.95,50.26,80.35,1711.05,1189.14,36.32,312.79,1038,8258,16,314,790.81,57.57,Monday,13,0
SRV-011,09-02-2026 14:00,Database,Linux,98.28,79.56,45.54,99.0,2201.19,1501.18,32.03,364.13,1288,11192,11,288,678.39,63.64,Monday,14,0
SRV-084,09-02-2026 14:30,Web,Linux,57.75,74.47,59.31,62.34,2018.1,1513.6,24.04,279.56,863,10319,6,219,906.98,48.74,Monday,14,0
SRV-091,09-02-2026 15:30,Web,Windows Server,67.83,98.55,64.85,66.01,2017.82,1498.03,33.81,345.36,700,10496,12,315,557.97,55.07,Monday,15,0
SRV-003,09-02-2026 15:30,API,Linux,93.4,78.92,60.05,74.56,2008.28,1532.76,35.86,315.11,1150,10584,15,345,755.05,62.94,Monday,15,0
SRV-010,09-02-2026 16:00,Database,Windows Server,69.83,83.57,47.84,93.21,2151.03,1585.04,32.19,360.15,1205,11028,11,291,257.6,59.19,Monday,16,0
SRV-052,09-02-2026 16:30,Web,Windows Server,83.76,78.75,58.8,82.6,2037.0,1532.32,33.62,365.77,1400,10408,11,343,765.16,57.27,Monday,16,0
SRV-084,09-02-2026 16:30,Web,Linux,77.68,93.43,66.6,78.31,2093.3,1539.54,28.05,325.87,948,10391,14,284,1626.32,56.91,Monday,16,0
SRV-089,09-02-2026 17:30,Web,Windows Server,64.93,67.84,55.06,76.83,2042.05,1465.89,30.15,304.95,904,10307,9,333,1042.98,51.23,Monday,17,0
SRV-071,09-02-2026 18:00,Web,Linux,88.05,70.8,59.51,56.49,2015.19,1571.85,35.53,395.67,1072,10346,21,384,564.52,62.5,Monday,18,1
SRV-003,09-02-2026 19:00,API,Linux,50.73,79.88,43.6,65.24,1488.39,949.08,20.41,257.36,515,7193,8,268,591.6,54.36,Monday,19,0
SRV-084,09-02-2026 19:30,Web,Linux,62.85,73.98,57.98,78.34,1333.16,1076.48,21.91,301.54,748,7206,11,229,1505.19,53.2,Monday,19,0
SRV-054,09-02-2026 19:30,Application,Linux,67.84,57.85,61.65,67.53,1350.25,1000.29,24.43,289.78,454,6807,9,275,532.55,64.62,Monday,19,0
SRV-099,09-02-2026 20:00,Web,Linux,32.31,60.66,51.72,58.92,1354.85,949.98,14.83,244.82,536,7076,0,207,725.16,44.82,Monday,20,0
SRV-042,09-02-2026 20:00,File,Linux,65.16,52.49,81.36,47.71,1119.04,787.37,21.69,294.89,734,5859,3,316,881.3,53.18,Monday,20,0
SRV-023,09-02-2026 21:30,API,Linux,75.19,61.43,62.47,54.69,1511.06,974.23,28.55,283.87,759,7193,11,280,830.47,53.67,Monday,21,0
SRV-059,09-02-2026 21:30,Web,Windows Server,62.32,60.19,62.18,66.33,1431.44,1060.31,23.23,279.49,508,7051,10,299,691.12,52.54,Monday,21,0
SRV-010,09-02-2026 22:30,Database,Windows Server,55.49,71.08,74.82,73.58,1464.35,1034.75,19.5,242.09,766,7387,4,179,656.06,54.33,Monday,22,0
SRV-026,09-02-2026 23:00,Web,Linux,72.52,66.78,44.97,59.03,1382.41,971.09,25.31,301.22,724,7046,5,282,941.96,56.69,Monday,23,0
SRV-085,09-02-2026 23:30,Web,Windows Server,42.59,58.77,60.47,62.29,1332.03,1042.82,21.92,259.6,635,6951,14,246,868.87,50.33,Monday,23,0
SRV-099,10-02-2026 01:30,Web,Linux,78.07,49.4,29.31,62.95,1383.87,987.36,19.26,241.15,368,6931,7,328,1197.22,66.86,Tuesday,1,0
SRV-047,10-02-2026 02:00,Database,Linux,82.28,81.59,69.11,76.66,1403.56,1059.83,25.69,356.97,842,7433,18,317,1688.63,54.98,Tuesday,2,0
SRV-028,10-02-2026 02:00,Web,Linux,50.97,61.27,56.22,31.23,1317.61,1067.94,22.68,288.84,538,7067,5,307,788.84,50.29,Tuesday,2,0
SRV-098,10-02-2026 02:00,Web,Windows Server,64.02,77.22,46.38,46.42,1437.83,1130.72,27.86,326.61,585,7190,8,295,1083.24,56.34,Tuesday,2,0
SRV-030,10-02-2026 03:00,Application,Linux,63.33,70.37,56.28,51.81,1308.2,963.9,20.66,280.08,607,6694,12,250,300.83,56.46,Tuesday,3,0
SRV-088,10-02-2026 03:30,Database,Linux,57.36,70.82,76.61,51.14,1317.08,1152.16,16.21,378.39,701,7312,12,216,755.81,50.64,Tuesday,3,0
SRV-099,10-02-2026 03:30,Web,Linux,79.58,68.34,43.11,73.22,1405.19,1005.6,27.53,361.39,770,7126,9,323,319.21,65.1,Tuesday,3,0
SRV-050,10-02-2026 04:00,Web,Linux,64.94,65.4,61.1,66.54,1325.08,997.13,20.95,295.46,655,7057,5,310,841.61,57.25,Tuesday,4,0
SRV-074,10-02-2026 04:00,Web,Windows Server,68.79,60.34,25.63,49.45,1348.27,948.3,16.44,288.29,671,7012,9,268,1073.84,54.72,Tuesday,4,0
SRV-033,10-02-2026 05:30,Database,Linux,62.4,63.89,62.81,72.02,1509.08,1229.45,24.46,251.38,715,7394,11,322,564.29,55.3,Tuesday,5,0
SRV-016,10-02-2026 06:00,Web,Windows Server,83.2,55.47,42.66,40.23,1376.73,979.12,21.31,293.84,802,6919,12,350,444.42,57.53,Tuesday,6,0
SRV-081,10-02-2026 06:30,Application,Windows Server,52.09,54.11,53.76,37.86,1270.57,968.6,25.36,252.12,768,6861,6,279,1005.37,47.76,Tuesday,6,0
SRV-098,10-02-2026 08:00,Web,Windows Server,60.45,45.11,51.75,34.13,1409.6,1034.01,12.16,244.15,488,7049,12,261,1044.22,51.37,Tuesday,8,0
SRV-026,10-02-2026 08:30,Web,Linux,69.5,51.37,51.63,72.3,1371.87,1030.68,28.72,325.34,716,7082,14,267,1132.53,59.15,Tuesday,8,0
SRV-062,10-02-2026 10:00,Database,Windows Server,66.84,77.09,55.54,93.68,2196.49,1593.69,31.9,385.29,1221,10925,16,252,1328.76,60.96,Tuesday,10,0
SRV-053,10-02-2026 11:00,File,Linux,77.69,78.06,67.87,73.98,1549.8,1165.55,26.65,289.12,660,8364,10,235,1467.03,56.46,Tuesday,11,0
SRV-024,10-02-2026 12:30,API,Linux,81.13,93.44,67.79,99.0,2200.08,1527.11,32.41,340.86,1018,10589,12,305,653.24,63.75,Tuesday,12,0
SRV-069,10-02-2026 12:30,Web,Linux,85.35,60.11,55.29,86.41,2014.8,1551.76,29.11,318.45,903,10342,7,307,318.97,66.9,Tuesday,12,0
SRV-074,10-02-2026 15:00,Web,Windows Server,61.42,57.92,61.47,63.62,1979.72,1563.79,27.41,312.28,1055,10207,9,277,712.95,59.95,Tuesday,15,0
SRV-054,10-02-2026 15:00,Application,Linux,78.49,72.32,44.43,64.42,1941.57,1438.52,24.09,400.53,1010,9905,8,267,957.26,56.62,Tuesday,15,0
SRV-085,10-02-2026 16:30,Web,Windows Server,63.81,67.32,52.2,56.42,1955.71,1547.55,28.09,348.93,932,10333,7,287,453.36,53.27,Tuesday,16,0
SRV-041,10-02-2026 17:30,Database,Linux,98.6,77.43,54.69,92.25,2121.25,1576.33,34.85,401.96,1157,11032,11,346,199.0,62.53,Tuesday,17,1
SRV-060,10-02-2026 17:30,Web,Windows Server,75.66,60.74,70.06,71.56,2001.69,1630.35,31.7,330.75,1047,10436,12,266,365.31,58.69,Tuesday,17,0
SRV-067,10-02-2026 18:00,Application,Windows Server,74.11,66.44,54.74,88.35,1993.08,1419.94,36.72,312.15,1046,10014,8,249,839.23,71.15,Tuesday,18,0
SRV-066,10-02-2026 18:30,Application,Linux,45.35,64.59,26.41,49.03,1326.55,1062.2,24.42,256.35,905,6995,9,191,566.06,53.44,Tuesday,18,0
SRV-019,10-02-2026 19:00,File,Linux,56.26,53.19,72.21,56.4,1197.55,833.23,31.06,354.61,618,5902,13,206,1009.87,53.88,Tuesday,19,0
SRV-055,10-02-2026 19:30,Application,Linux,46.45,65.56,40.13,46.28,1317.65,889.83,24.65,271.14,713,6827,10,230,737.29,48.87,Tuesday,19,0
SRV-007,10-02-2026 20:00,File,Linux,52.3,54.4,51.25,64.05,1163.77,788.39,20.0,231.12,608,5864,10,262,535.65,53.37,Tuesday,20,0
SRV-020,10-02-2026 20:30,Application,Linux,65.51,55.38,60.45,55.57,1337.67,976.69,30.35,320.71,725,6881,13,278,689.6,57.29,Tuesday,20,0
SRV-064,10-02-2026 22:30,File,Linux,48.04,54.25,61.57,20.43,1094.43,811.01,17.55,288.88,492,5890,5,273,634.28,50.79,Tuesday,22,0
SRV-074,10-02-2026 23:00,Web,Windows Server,62.46,57.36,63.41,53.85,1310.17,1085.82,18.7,294.78,626,7014,7,184,284.44,54.08,Tuesday,23,0
SRV-009,10-02-2026 23:00,Web,Linux,74.68,43.76,59.58,82.76,1462.59,1040.81,26.12,300.1,818,7104,13,252,1032.68,58.58,Tuesday,23,0
SRV-034,11-02-2026 00:00,Database,Linux,51.05,64.35,57.57,40.45,1417.49,1136.59,18.36,331.8,708,7301,11,147,680.51,55.1,Wednesday,0,0
SRV-067,11-02-2026 01:00,Application,Windows Server,78.22,61.98,67.32,49.18,1310.0,1037.56,15.01,357.44,633,6872,10,265,245.28,53.64,Wednesday,1,0
SRV-083,11-02-2026 03:30,File,Linux,29.88,64.64,71.75,50.31,920.47,917.09,12.25,223.84,308,5953,10,94,872.47,46.47,Wednesday,3,0
SRV-066,11-02-2026 05:30,Application,Linux,60.45,58.78,65.59,57.33,1372.91,994.28,19.83,254.67,638,6939,6,231,968.73,59.98,Wednesday,5,0
SRV-063,11-02-2026 05:30,Application,Linux,76.29,55.39,49.79,75.71,1327.76,944.73,17.74,316.19,733,6759,11,278,1249.34,59.97,Wednesday,5,0
SRV-001,11-02-2026 06:30,File,Windows Server,71.66,64.19,65.19,48.84,1225.82,993.29,14.06,326.77,356,5958,11,261,540.87,58.33,Wednesday,6,0
SRV-035,11-02-2026 07:30,Database,Linux,74.63,62.64,25.66,79.46,1527.9,1123.45,23.71,324.68,923,7634,11,259,538.64,65.67,Wednesday,7,0
SRV-036,11-02-2026 08:00,Web,Linux,82.39,56.61,63.87,59.2,1422.85,1098.75,28.7,332.04,824,7066,13,362,829.32,56.81,Wednesday,8,0
SRV-065,11-02-2026 09:30,Application,Linux,63.47,59.83,60.13,82.1,1904.43,1548.1,30.34,282.22,1101,9942,14,260,558.7,63.23,Wednesday,9,0
SRV-055,11-02-2026 10:00,Application,Linux,84.3,76.42,60.67,61.53,2020.69,1449.67,20.57,328.65,711,9878,7,307,641.38,63.09,Wednesday,10,0
SRV-097,11-02-2026 13:30,Database,Linux,94.94,77.26,59.24,75.58,2196.41,1719.35,35.06,336.43,1101,11145,16,328,562.26,70.34,Wednesday,13,0
SRV-068,11-02-2026 14:30,Database,Windows Server,67.76,79.27,46.58,96.29,1965.48,1619.28,25.25,365.53,925,11039,8,280,534.94,53.65,Wednesday,14,0
SRV-064,11-02-2026 14:30,File,Linux,56.26,69.92,70.67,74.49,1597.21,1171.37,35.57,288.54,495,8248,14,208,398.23,56.38,Wednesday,14,0
SRV-065,11-02-2026 15:30,Application,Linux,83.73,69.63,73.56,63.44,1905.38,1418.76,26.13,310.48,884,9927,12,302,679.16,57.88,Wednesday,15,0
SRV-002,11-02-2026 17:00,Database,Windows Server,84.76,67.92,43.29,94.43,2094.52,1582.1,17.92,356.03,1272,10954,13,370,164.65,64.74,Wednesday,17,0
SRV-034,11-02-2026 17:00,Database,Linux,81.57,56.74,55.47,98.2,2201.37,1597.84,34.48,266.36,975,10986,19,359,252.49,61.95,Wednesday,17,0
SRV-026,11-02-2026 17:30,Web,Linux,73.94,85.24,53.99,86.48,2014.49,1567.75,28.65,304.37,940,10419,11,291,644.27,66.22,Wednesday,17,0
SRV-023,11-02-2026 18:00,API,Linux,76.57,81.77,62.11,94.73,2083.39,1571.58,27.48,352.92,1099,10693,14,318,1058.25,63.33,Wednesday,18,0
SRV-026,11-02-2026 18:30,Web,Linux,70.7,60.28,41.87,75.5,1366.54,1019.99,23.19,362.89,670,7071,9,270,931.79,68.22,Wednesday,18,0
SRV-029,11-02-2026 19:30,Web,Linux,55.31,58.09,59.65,41.96,1285.54,973.64,21.24,313.22,597,7126,14,267,324.98,51.58,Wednesday,19,0
SRV-044,11-02-2026 21:00,Database,Linux,44.27,57.86,59.64,46.32,1384.37,1050.39,24.5,302.52,751,7408,9,192,654.91,46.82,Wednesday,21,0
SRV-043,11-02-2026 22:30,Application,Windows Server,69.02,63.54,48.06,44.25,1392.08,950.49,33.97,301.52,432,6813,5,353,1057.21,52.55,Wednesday,22,0
SRV-096,12-02-2026 00:00,Application,Linux,57.37,54.45,61.94,85.5,1462.26,1068.27,15.9,275.77,317,6943,11,188,801.36,55.18,Thursday,0,0
SRV-095,12-02-2026 02:00,Database,Linux,75.23,66.71,64.84,47.0,1379.19,1106.79,43.8,287.1,850,7301,12,273,500.75,48.52,Thursday,2,0
SRV-084,12-02-2026 02:30,Web,Linux,58.74,53.78,53.71,38.72,1365.35,979.65,27.42,286.73,830,6991,8,228,370.7,54.83,Thursday,2,0
SRV-037,12-02-2026 04:30,Web,Windows Server,54.26,59.28,52.43,43.09,1417.91,1035.89,22.42,291.06,748,6993,9,235,903.55,56.58,Thursday,4,0
SRV-070,12-02-2026 04:30,Database,Windows Server,66.33,48.12,48.18,62.06,1427.59,1114.48,20.02,245.66,585,7436,3,272,385.17,62.3,Thursday,4,0
SRV-059,12-02-2026 06:00,Web,Windows Server,51.14,57.44,32.53,43.29,1235.2,1068.21,27.68,260.8,735,7078,7,210,1501.42,51.08,Thursday,6,0
SRV-045,12-02-2026 08:00,File,Linux,67.1,76.38,49.81,49.71,1103.78,808.59,17.66,309.42,328,5909,10,341,839.03,55.71,Thursday,8,0
SRV-062,12-02-2026 09:00,Database,Windows Server,93.97,67.3,50.68,74.8,2072.4,1653.57,22.25,383.15,1088,10871,21,293,547.36,67.24,Thursday,9,0
SRV-023,12-02-2026 09:00,API,Linux,86.01,69.44,54.32,73.98,2073.78,1587.87,22.47,338.9,1028,10778,11,245,412.12,57.67,Thursday,9,0
SRV-095,12-02-2026 09:30,Database,Linux,85.11,66.89,56.01,91.01,2098.79,1593.19,31.36,341.69,1033,11099,17,292,388.11,58.6,Thursday,9,0
SRV-054,12-02-2026 10:00,Application,Linux,75.24,73.78,34.11,75.84,2022.31,1491.54,26.13,344.68,1060,10039,11,279,645.2,53.15,Thursday,10,0
SRV-083,12-02-2026 11:00,File,Linux,70.41,71.24,64.81,74.57,1638.52,1248.15,26.71,397.29,884,8176,16,216,1278.31,58.09,Thursday,11,0
SRV-047,12-02-2026 12:30,Database,Linux,81.82,87.64,68.63,87.81,2102.54,1573.44,27.41,350.09,755,10857,14,323,674.9,57.82,Thursday,12,0
SRV-008,12-02-2026 12:30,File,Linux,75.32,58.06,56.05,69.39,1645.86,1255.96,22.57,321.4,870,8196,10,374,591.59,55.6,Thursday,12,0
SRV-029,12-02-2026 13:30,Web,Linux,46.32,77.53,53.77,75.83,1965.09,1375.12,19.93,270.01,1111,10434,12,275,619.16,53.2,Thursday,13,0
SRV-051,12-02-2026 14:30,Web,Windows Server,78.04,61.3,70.89,84.21,2068.37,1544.3,34.84,340.34,1020,10446,10,303,1216.97,59.7,Thursday,14,0
SRV-037,12-02-2026 14:30,Web,Windows Server,74.76,80.55,69.97,96.53,2075.35,1605.12,32.62,362.74,1016,10404,10,243,763.4,64.65,Thursday,14,0
SRV-009,12-02-2026 14:30,Web,Linux,75.15,83.05,51.35,75.1,2015.13,1533.3,28.43,368.3,1280,10351,9,233,945.97,58.62,Thursday,14,0
SRV-023,12-02-2026 15:30,API,Linux,93.24,78.26,64.03,86.98,2092.61,1466.64,29.6,422.62,1137,10720,10,327,596.85,68.87,Thursday,15,1
SRV-024,12-02-2026 15:30,API,Linux,73.13,87.15,42.83,99.0,2044.86,1533.32,23.37,309.25,901,10631,10,299,444.33,63.1,Thursday,15,0
SRV-096,12-02-2026 16:30,Application,Linux,40.5,73.76,61.35,82.31,1959.97,1533.23,21.38,252.13,1018,10255,7,183,855.17,56.73,Thursday,16,0
SRV-084,12-02-2026 17:00,Web,Linux,93.4,76.61,68.74,98.52,2062.59,1506.1,33.51,333.56,765,10436,17,338,783.61,66.96,Thursday,17,1
SRV-061,12-02-2026 18:00,Application,Linux,74.64,82.12,74.51,99.0,2027.67,1462.44,26.5,317.73,1034,10084,19,318,568.9,56.66,Thursday,18,0
SRV-042,12-02-2026 18:00,File,Linux,68.25,56.72,64.3,62.57,1654.8,1165.09,19.63,307.73,507,8328,17,277,807.81,61.24,Thursday,18,0
SRV-018,12-02-2026 18:30,Web,Windows Server,66.15,59.08,35.22,62.39,1366.27,955.76,31.25,299.6,429,6998,7,250,1061.88,51.1,Thursday,18,0
SRV-091,12-02-2026 19:00,Web,Windows Server,56.49,50.94,74.96,60.03,1395.98,1039.87,18.29,289.21,542,7039,10,225,1247.56,55.95,Thursday,19,0
SRV-015,12-02-2026 19:30,Database,Linux,80.78,60.53,77.18,62.02,1529.08,1118.82,20.41,338.57,714,7485,13,224,1079.01,60.54,Thursday,19,0
SRV-054,12-02-2026 20:00,Application,Linux,65.12,58.54,62.83,57.51,1279.54,994.68,18.19,258.21,560,7003,10,265,334.98,59.16,Thursday,20,0
SRV-095,12-02-2026 20:00,Database,Linux,78.89,63.97,62.3,72.39,1413.81,1108.86,19.09,338.84,723,7343,13,232,1451.98,62.29,Thursday,20,0
SRV-002,12-02-2026 20:30,Database,Windows Server,68.08,57.54,49.28,51.7,1475.76,1151.28,22.07,270.04,688,7530,8,212,556.68,54.03,Thursday,20,0
SRV-072,12-02-2026 20:30,Database,Linux,82.65,66.07,61.17,74.07,1445.98,1076.77,23.95,263.05,579,7439,9,258,836.49,61.51,Thursday,20,0
SRV-092,12-02-2026 22:30,Application,Linux,64.79,57.73,83.57,67.47,1292.26,1026.26,27.83,289.5,493,6844,9,304,705.45,55.72,Thursday,22,0
SRV-030,12-02-2026 22:30,Application,Linux,76.16,63.89,50.94,63.11,1327.18,857.67,11.22,246.72,422,6743,10,309,641.24,60.57,Thursday,22,0
SRV-096,13-02-2026 00:30,Application,Linux,69.33,71.64,59.76,46.92,1278.61,921.34,15.86,265.06,542,6772,12,243,553.8,60.7,Friday,0,0
SRV-043,13-02-2026 00:30,Application,Windows Server,63.04,55.29,69.62,65.08,1340.93,930.35,14.41,241.35,475,6893,13,307,381.83,50.71,Friday,0,0
SRV-095,13-02-2026 01:00,Database,Linux,58.74,62.85,61.41,55.44,1448.76,1222.45,31.15,290.77,737,7579,9,315,1332.14,57.04,Friday,1,0
SRV-042,13-02-2026 01:00,File,Linux,53.92,64.89,47.5,34.99,1077.1,942.57,25.91,264.79,404,5851,9,251,598.58,51.62,Friday,1,0
SRV-065,13-02-2026 01:00,Application,Linux,72.78,63.19,83.11,60.02,1278.22,964.84,25.19,290.03,533,6887,14,301,660.82,50.46,Friday,1,0
SRV-005,13-02-2026 01:30,Web,Windows Server,81.25,65.25,64.0,64.8,1357.24,959.87,18.54,373.39,684,7058,13,309,551.07,63.49,Friday,1,0
SRV-087,13-02-2026 01:30,Application,Linux,51.88,68.68,52.51,51.11,1337.01,997.9,23.99,256.96,606,6893,5,213,404.25,46.27,Friday,1,0
SRV-058,13-02-2026 04:30,Application,Windows Server,72.86,75.81,48.52,58.07,1375.54,991.7,25.11,293.33,679,6741,13,264,365.51,65.05,Friday,4,0
SRV-061,13-02-2026 04:30,Application,Linux,84.06,60.0,64.99,47.93,1322.09,1000.59,20.47,293.98,562,6736,10,329,844.64,53.16,Friday,4,0
SRV-059,13-02-2026 05:00,Web,Windows Server,56.85,69.07,72.75,60.8,1227.16,1011.98,24.22,236.73,895,7047,9,284,124.17,48.41,Friday,5,0
SRV-029,13-02-2026 05:00,Web,Linux,55.69,67.89,46.23,49.11,1291.4,1058.68,27.21,245.76,634,7102,5,243,552.93,46.18,Friday,5,0
SRV-036,13-02-2026 08:30,Web,Linux,82.55,76.19,48.09,78.1,1425.7,1023.72,22.2,337.9,500,7082,14,256,292.99,61.64,Friday,8,0
SRV-078,13-02-2026 10:00,Application,Windows Server,73.14,88.99,55.0,62.06,1947.06,1454.07,27.79,391.91,1010,10011,13,264,803.51,59.32,Friday,10,0
SRV-015,13-02-2026 12:30,Database,Linux,64.84,62.67,59.49,76.77,2260.22,1718.13,29.48,300.32,1081,11171,8,285,601.87,58.7,Friday,12,0
SRV-073,13-02-2026 13:00,API,Linux,91.67,87.38,35.77,60.91,2084.45,1662.28,31.33,353.9,1068,10769,17,408,243.53,66.23,Friday,13,0
SRV-051,13-02-2026 13:30,Web,Windows Server,99.0,86.04,47.49,67.66,2033.41,1536.81,30.87,403.57,813,10078,16,393,236.68,61.82,Friday,13,1
SRV-038,13-02-2026 14:30,Database,Linux,63.97,77.93,47.3,79.04,2130.62,1559.9,25.85,316.96,1121,11073,9,154,1314.75,63.37,Friday,14,0
SRV-043,13-02-2026 14:30,Application,Windows Server,69.79,85.96,53.87,67.43,1948.68,1477.18,30.12,359.39,996,9963,13,254,885.02,54.24,Friday,14,0
SRV-009,13-02-2026 15:30,Web,Linux,84.35,69.05,47.49,99.0,2007.32,1482.1,27.78,345.44,921,10222,10,373,1149.88,54.0,Friday,15,0
SRV-042,13-02-2026 16:00,File,Linux,52.98,66.64,52.09,59.94,1655.61,1248.54,12.95,214.25,592,8436,5,179,742.05,45.47,Friday,16,0
SRV-025,13-02-2026 17:00,File,Linux,84.02,77.63,76.23,67.47,1703.7,1218.95,27.95,325.59,737,8274,11,327,821.28,63.69,Friday,17,0
SRV-025,13-02-2026 17:00,File,Linux,75.99,62.36,45.61,81.13,1595.84,1223.68,21.68,230.4,794,8293,7,221,1053.06,53.48,Friday,17,0
SRV-098,13-02-2026 17:30,Web,Windows Server,70.68,85.14,43.91,65.88,2045.16,1521.17,31.03,307.09,870,10337,12,249,843.2,54.6,Friday,17,0
SRV-060,13-02-2026 19:30,Web,Windows Server,75.76,62.47,59.88,73.06,1426.88,1082.82,31.08,322.76,509,7128,8,281,606.9,53.27,Friday,19,0
SRV-046,13-02-2026 20:30,File,Linux,52.74,46.43,71.79,38.36,1169.88,931.71,20.62,190.09,401,5926,8,245,1062.02,50.15,Friday,20,0
SRV-027,13-02-2026 21:30,Database,Linux,75.41,40.74,46.85,44.87,1440.86,1181.65,21.31,250.25,649,7470,10,326,575.23,58.52,Friday,21,0
SRV-068,13-02-2026 22:00,Database,Windows Server,56.14,66.42,46.4,27.36,1374.4,1127.73,31.7,301.7,713,7258,6,243,191.95,46.2,Friday,22,0
SRV-050,13-02-2026 22:00,Web,Linux,63.08,65.14,69.55,52.47,1415.59,1142.87,21.76,313.79,653,7186,16,243,604.77,58.02,Friday,22,0
SRV-059,13-02-2026 22:30,Web,Windows Server,52.74,41.28,31.28,42.67,1342.64,972.94,27.6,239.41,757,7000,4,224,435.83,49.39,Friday,22,0
SRV-011,13-02-2026 23:30,Database,Linux,72.19,63.9,29.85,69.67,1437.57,1107.97,12.49,346.72,375,7341,5,284,594.15,58.38,Friday,23,0
SRV-077,14-02-2026 00:00,Web,Linux,68.37,55.89,46.5,33.76,1088.11,829.08,17.59,274.36,350,5803,7,312,751.91,56.02,Saturday,0,0
SRV-060,14-02-2026 02:30,Web,Windows Server,70.64,63.93,50.38,56.76,1146.9,840.18,22.67,334.06,464,5892,17,270,1225.35,57.04,Saturday,2,0
SRV-056,14-02-2026 04:00,File,Windows Server,70.16,49.4,37.75,33.03,949.39,678.28,23.89,187.75,316,4970,6,253,879.81,52.58,Saturday,4,0
SRV-015,14-02-2026 04:00,Database,Linux,65.71,51.94,51.02,42.62,1159.0,785.76,20.44,211.58,455,6133,10,223,538.22,54.6,Saturday,4,0
SRV-076,14-02-2026 05:00,Web,Linux,72.03,44.94,66.88,45.8,1123.11,811.22,22.66,264.02,377,5814,5,344,775.04,51.59,Saturday,5,0
SRV-057,14-02-2026 06:00,Database,Linux,71.1,57.88,34.74,55.55,1140.62,831.27,19.41,359.02,339,6022,14,242,1471.81,58.67,Saturday,6,0
SRV-009,14-02-2026 06:00,Web,Linux,83.68,56.61,64.84,44.05,1106.05,834.52,25.21,242.8,404,5765,10,331,428.51,58.62,Saturday,6,0
SRV-085,14-02-2026 06:00,Web,Windows Server,67.84,51.14,58.49,49.13,1114.98,949.95,21.71,288.69,290,5806,8,213,1149.37,54.0,Saturday,6,0
SRV-033,14-02-2026 06:00,Database,Linux,52.19,67.97,61.93,46.77,1245.08,951.19,27.63,290.42,484,6247,9,217,1057.42,56.02,Saturday,6,0
SRV-062,14-02-2026 06:30,Database,Windows Server,79.05,64.26,68.66,46.68,1114.07,948.06,18.33,270.22,451,6029,11,223,549.68,54.93,Saturday,6,0
SRV-075,14-02-2026 06:30,Web,Linux,58.23,53.06,68.07,37.3,1204.24,824.03,18.01,324.65,692,5829,7,245,792.74,58.16,Saturday,6,0
SRV-047,14-02-2026 07:00,Database,Linux,71.48,54.3,34.01,37.1,1140.61,846.21,18.88,297.97,638,6021,10,259,806.59,54.49,Saturday,7,0
SRV-093,14-02-2026 07:30,Database,Linux,57.11,57.46,40.23,42.44,1260.44,928.28,29.75,200.89,561,6212,5,345,1678.39,55.23,Saturday,7,0
SRV-004,14-02-2026 07:30,Application,Windows Server,47.11,59.16,70.4,52.51,1090.84,844.73,30.33,280.97,326,5737,6,264,763.98,51.99,Saturday,7,0
SRV-039,14-02-2026 08:30,Web,Windows Server,50.55,55.69,65.29,51.74,1097.34,813.86,24.74,259.86,427,5648,8,206,301.94,46.12,Saturday,8,0
SRV-001,14-02-2026 08:30,File,Windows Server,54.66,40.62,52.22,55.78,1021.48,676.5,28.41,219.32,768,5026,6,260,563.67,52.08,Saturday,8,0
SRV-056,14-02-2026 08:30,File,Windows Server,61.05,58.49,58.27,54.56,890.59,627.07,18.31,240.74,354,4964,12,226,1171.16,55.9,Saturday,8,0
SRV-038,14-02-2026 09:00,Database,Linux,65.71,71.74,75.63,38.33,1639.74,1203.71,27.77,315.53,1022,8524,9,262,1986.04,52.89,Saturday,9,0
SRV-060,14-02-2026 09:30,Web,Windows Server,73.26,53.38,45.67,86.24,1505.92,1193.77,21.37,238.77,547,8164,8,324,272.23,58.2,Saturday,9,0
SRV-046,14-02-2026 10:00,File,Linux,49.4,59.81,64.38,39.08,1252.45,951.51,18.68,168.28,477,6708,7,272,494.68,48.31,Saturday,10,0
SRV-053,14-02-2026 11:30,File,Linux,60.52,69.04,46.56,48.22,1304.17,960.02,15.56,313.4,631,6622,8,233,687.62,58.28,Saturday,11,0
SRV-046,14-02-2026 12:00,File,Linux,79.76,48.66,80.62,71.22,1250.97,985.52,33.07,344.97,797,6660,9,246,787.37,58.69,Saturday,12,0
SRV-035,14-02-2026 12:30,Database,Linux,69.86,53.66,67.04,59.66,1745.66,1240.74,28.29,313.64,903,8534,11,291,1300.53,57.88,Saturday,12,0
SRV-040,14-02-2026 14:30,Application,Linux,53.8,75.67,42.49,54.89,1547.27,1223.52,19.31,317.34,766,7851,10,209,561.52,54.3,Saturday,14,0
SRV-013,14-02-2026 15:30,Application,Linux,74.68,66.65,52.39,41.97,1514.43,1212.95,23.98,319.8,827,7990,19,256,558.63,58.11,Saturday,15,0
SRV-012,14-02-2026 17:00,API,Linux,66.98,62.01,48.03,55.04,1641.98,1298.62,22.5,272.45,939,8410,5,310,2408.2,56.37,Saturday,17,0
SRV-050,14-02-2026 17:00,Web,Linux,85.94,66.14,51.34,66.89,1629.19,1124.69,18.69,366.09,737,8008,12,360,963.37,63.23,Saturday,17,0
SRV-048,14-02-2026 17:30,Web,Linux,56.46,54.42,52.63,57.28,1554.98,1217.31,21.51,334.61,801,8106,9,240,330.94,55.35,Saturday,17,0
SRV-059,14-02-2026 18:00,Web,Windows Server,60.39,56.55,61.65,55.33,1488.82,1212.79,24.77,264.75,681,8118,10,269,630.23,54.6,Saturday,18,0
SRV-018,14-02-2026 20:00,Web,Windows Server,57.35,58.69,58.63,80.25,1101.38,701.08,29.13,277.16,393,5796,13,277,562.92,54.39,Saturday,20,0
SRV-077,14-02-2026 20:30,Web,Linux,55.36,61.89,43.53,50.05,1102.99,847.28,18.82,275.68,550,5817,6,228,452.33,52.32,Saturday,20,0
SRV-079,14-02-2026 21:00,Application,Windows Server,64.62,49.02,53.69,58.82,995.78,818.64,18.08,314.52,660,5649,10,262,458.2,53.0,Saturday,21,0
SRV-100,14-02-2026 23:00,API,Linux,71.79,62.04,59.12,46.57,1045.24,901.11,18.11,261.31,715,5949,7,267,935.98,54.98,Saturday,23,0
SRV-095,15-02-2026 00:00,Database,Linux,55.51,54.59,59.82,47.73,1140.32,874.38,28.16,288.23,761,6204,9,236,206.85,55.29,Sunday,0,0
SRV-044,15-02-2026 00:00,Database,Linux,62.57,52.49,44.79,51.24,1166.78,867.77,17.1,332.87,633,6092,11,216,550.15,53.19,Sunday,0,0
SRV-007,15-02-2026 00:30,File,Linux,22.21,47.85,69.79,34.07,983.77,827.26,22.76,235.25,752,5017,7,171,498.65,39.54,Sunday,0,0
SRV-048,15-02-2026 01:00,Web,Linux,58.03,58.41,57.43,54.23,1095.7,900.98,23.57,272.85,367,5957,13,285,333.98,52.58,Sunday,1,0
SRV-086,15-02-2026 01:00,Web,Windows Server,58.08,63.45,41.5,51.18,1135.91,804.51,19.51,315.37,358,5755,9,239,618.86,52.07,Sunday,1,0
SRV-012,15-02-2026 01:30,API,Linux,79.61,67.44,54.78,60.02,1223.78,962.36,29.62,370.68,598,5988,12,252,934.99,56.88,Sunday,1,0
SRV-088,15-02-2026 02:30,Database,Linux,62.49,36.66,39.91,54.01,1095.55,841.75,30.91,234.76,730,6102,7,286,325.47,50.72,Sunday,2,0
SRV-074,15-02-2026 03:00,Web,Windows Server,68.32,34.63,87.17,50.04,1122.68,896.36,25.04,207.85,593,5730,7,284,976.96,58.53,Sunday,3,0
SRV-032,15-02-2026 04:00,API,Windows Server,68.58,45.72,48.07,46.9,1174.15,870.62,31.46,278.92,710,6041,10,242,965.48,60.61,Sunday,4,0
SRV-052,15-02-2026 04:30,Web,Windows Server,57.05,53.97,72.26,77.71,1088.61,864.63,13.39,258.29,398,5766,8,264,538.49,62.68,Sunday,4,0
SRV-020,15-02-2026 04:30,Application,Linux,71.02,53.67,64.1,56.33,1099.65,790.36,31.31,333.26,678,5657,12,216,300.1,56.71,Sunday,4,0
SRV-027,15-02-2026 05:30,Database,Linux,69.69,48.31,65.19,56.01,1223.1,827.89,19.88,258.27,481,6156,12,316,1393.23,59.9,Sunday,5,0
SRV-007,15-02-2026 06:00,File,Linux,39.29,62.74,58.45,36.16,1039.92,789.9,14.08,237.1,286,5038,8,192,375.32,48.81,Sunday,6,0
SRV-062,15-02-2026 06:30,Database,Windows Server,59.72,66.28,44.05,74.5,1226.51,979.08,18.01,263.06,591,6239,6,192,835.82,53.2,Sunday,6,0
SRV-016,15-02-2026 07:00,Web,Windows Server,64.6,64.19,71.72,54.64,1095.36,863.08,21.37,246.15,512,5817,9,245,1214.24,54.06,Sunday,7,0
SRV-062,15-02-2026 07:30,Database,Windows Server,52.33,55.57,51.89,51.69,1117.35,795.43,19.64,287.12,550,6006,10,223,1226.31,50.77,Sunday,7,0
SRV-033,15-02-2026 07:30,Database,Linux,79.33,49.89,55.71,58.37,1100.64,941.94,22.3,315.13,446,6047,11,335,171.17,58.32,Sunday,7,0
SRV-012,15-02-2026 08:30,API,Linux,54.5,44.35,74.31,72.99,1130.38,748.73,30.19,265.48,752,5946,3,205,554.45,58.24,Sunday,8,0
SRV-033,15-02-2026 09:30,Database,Linux,66.01,72.33,78.11,62.35,1746.58,1355.87,27.75,349.69,792,8752,14,224,751.19,62.79,Sunday,9,0
SRV-093,15-02-2026 11:30,Database,Linux,46.47,66.35,56.57,59.25,1659.1,1367.58,21.51,246.43,665,8835,5,182,519.2,54.59,Sunday,11,0
SRV-051,15-02-2026 13:00,Web,Windows Server,54.4,61.91,35.59,59.87,1598.23,1226.67,27.68,261.1,874,8181,8,286,305.53,57.12,Sunday,13,0
SRV-012,15-02-2026 13:00,API,Linux,59.06,68.28,57.88,55.39,1632.14,1197.16,19.07,300.31,703,8516,11,245,869.54,55.76,Sunday,13,0
SRV-029,15-02-2026 14:00,Web,Linux,60.7,62.97,66.73,37.65,1677.93,1214.11,29.0,354.63,728,8168,10,275,687.21,51.97,Sunday,14,0
SRV-055,15-02-2026 15:30,Application,Linux,66.77,83.77,45.01,57.96,1613.04,1221.16,22.16,295.25,851,7808,2,296,722.99,51.09,Sunday,15,0
SRV-065,15-02-2026 19:00,Application,Linux,51.94,63.12,54.56,41.88,1217.66,785.3,17.7,309.32,254,5693,7,309,864.59,48.53,Sunday,19,0
SRV-074,15-02-2026 19:30,Web,Windows Server,47.34,57.97,79.01,64.19,1168.11,841.63,20.31,224.15,554,6027,3,258,1104.78,47.1,Sunday,19,0
SRV-061,15-02-2026 20:00,Application,Linux,54.12,78.66,63.58,20.3,1085.21,798.6,16.13,361.86,287,5701,11,226,651.2,46.75,Sunday,20,0
SRV-013,15-02-2026 21:30,Application,Linux,61.64,54.52,39.21,42.96,1088.54,755.51,25.32,296.18,363,5639,10,261,1625.04,57.64,Sunday,21,0
SRV-039,15-02-2026 22:30,Web,Windows Server,66.55,58.85,62.87,66.2,1075.17,820.31,28.35,279.81,583,5701,8,280,718.52,54.01,Sunday,22,0
SRV-084,15-02-2026 23:00,Web,Linux,76.51,55.96,55.73,38.53,1075.87,843.09,31.27,273.01,665,5873,11,302,765.49,57.39,Sunday,23,0
SRV-018,15-02-2026 23:00,Web,Windows Server,52.2,68.93,68.91,55.5,1119.37,865.32,22.32,285.66,541,5795,10,206,875.03,53.99,Sunday,23,0
SRV-097,16-02-2026 00:30,Database,Linux,82.08,69.54,49.55,90.88,1346.07,1020.06,26.27,323.08,835,7440,5,418,746.27,59.09,Monday,0,0
SRV-074,16-02-2026 01:00,Web,Windows Server,92.55,78.25,42.85,48.49,1347.63,1011.7,39.17,393.17,711,6928,17,311,301.99,61.73,Monday,1,0
SRV-005,16-02-2026 02:30,Web,Windows Server,81.49,49.84,49.91,59.2,1302.69,1067.42,21.2,332.38,625,6947,10,241,2006.87,61.81,Monday,2,0
SRV-024,16-02-2026 02:30,API,Linux,64.2,73.21,51.74,45.21,1441.73,1043.85,17.98,342.59,691,7483,10,284,1102.82,50.51,Monday,2,0
SRV-021,16-02-2026 03:30,File,Linux,55.49,50.98,48.85,81.42,1096.47,911.53,30.84,255.81,243,5965,6,242,425.64,56.64,Monday,3,0
SRV-047,16-02-2026 04:30,Database,Linux,57.95,66.86,53.29,86.31,1363.41,997.3,17.71,261.21,741,7388,14,218,847.61,61.64,Monday,4,0
SRV-066,16-02-2026 04:30,Application,Linux,65.07,58.36,57.82,58.92,1284.0,984.86,21.37,259.66,597,6840,8,232,1196.58,56.3,Monday,4,0
SRV-086,16-02-2026 04:30,Web,Windows Server,65.46,66.11,61.14,44.06,1297.49,1098.33,16.05,295.01,825,7085,8,237,1758.91,51.4,Monday,4,0
SRV-070,16-02-2026 05:00,Database,Windows Server,65.85,53.48,46.75,76.57,1494.11,1073.47,16.92,280.34,639,7361,5,349,841.62,58.9,Monday,5,0
SRV-097,16-02-2026 05:00,Database,Linux,66.56,52.7,52.8,56.02,1423.01,1089.58,13.6,337.64,689,7496,13,248,629.12,60.17,Monday,5,0
SRV-094,16-02-2026 06:30,Database,Windows Server,61.82,75.64,56.32,42.67,1531.21,1056.5,23.39,389.3,636,7538,17,268,449.35,58.71,Monday,6,0
SRV-066,16-02-2026 06:30,Application,Linux,67.47,43.24,43.5,48.22,1287.83,947.2,26.1,232.12,691,6826,7,224,381.32,55.37,Monday,6,0
SRV-040,16-02-2026 07:00,Application,Linux,52.95,45.96,44.47,52.68,1290.86,999.46,30.23,361.31,690,6755,10,234,1001.97,55.87,Monday,7,0
SRV-090,16-02-2026 07:30,Application,Linux,71.35,59.11,50.82,38.63,1328.43,999.36,34.39,334.11,649,6900,9,278,1240.65,53.93,Monday,7,0
SRV-049,16-02-2026 11:00,Application,Linux,88.12,79.95,66.14,79.9,2034.09,1525.45,28.81,397.11,745,10116,11,315,367.31,62.55,Monday,11,0
SRV-085,16-02-2026 11:30,Web,Windows Server,94.4,82.07,62.27,99.0,1961.36,1429.14,34.11,323.39,630,10399,15,341,113.77,65.23,Monday,11,0
SRV-099,16-02-2026 11:30,Web,Linux,68.9,85.07,45.45,94.98,2021.16,1476.98,16.17,303.3,1005,10360,13,315,1370.02,61.21,Monday,11,0
SRV-016,16-02-2026 12:00,Web,Windows Server,76.29,67.27,47.83,86.0,2061.67,1641.01,25.97,326.87,866,10493,11,281,228.75,66.83,Monday,12,0
SRV-058,16-02-2026 13:00,Application,Windows Server,75.62,82.73,48.45,69.97,1935.18,1450.04,20.02,358.05,759,10036,10,340,259.79,57.27,Monday,13,0
SRV-021,16-02-2026 13:30,File,Linux,93.96,55.41,35.2,71.56,1700.54,1147.36,28.65,322.86,664,8458,13,315,1280.24,65.64,Monday,13,0
SRV-014,16-02-2026 14:00,File,Linux,65.32,55.7,37.99,36.32,1633.06,1163.93,22.43,280.05,741,8302,10,309,1337.85,53.93,Monday,14,0
SRV-040,16-02-2026 14:30,Application,Linux,76.42,60.26,76.03,92.08,2033.97,1470.23,27.33,270.06,978,10188,10,187,725.59,59.85,Monday,14,0
SRV-099,16-02-2026 15:00,Web,Linux,65.43,55.83,52.48,64.78,2038.63,1507.64,31.89,366.83,833,10327,9,262,1864.02,56.375,Monday,15,0
SRV-006,16-02-2026 17:00,API,Windows Server,76.63,76.96,56.08,83.5,2167.61,1620.34,40.17,369.47,1259,10797,11,277,1940.68,64.12,Monday,17,0
SRV-027,16-02-2026 17:30,Database,Linux,86.29,74.21,47.21,71.43,2062.91,1597.58,40.21,347.8,1169,11033,11,327,727.56,59.6,Monday,17,0
SRV-075,16-02-2026 19:00,Web,Linux,71.56,82.22,36.22,62.37,1490.42,1049.14,25.37,316.9,521,6962,10,275,867.97,63.1,Monday,19,0
SRV-059,16-02-2026 19:30,Web,Windows Server,49.63,39.69,59.57,54.45,1449.32,1039.88,26.67,241.19,606,6873,7,266,760.96,55.04,Monday,19,0
SRV-027,16-02-2026 21:00,Database,Linux,64.33,49.59,59.35,34.34,1463.47,1083.73,21.51,214.98,741,7434,4,257,224.67,51.7,Monday,21,0
SRV-021,16-02-2026 21:30,File,Linux,63.39,61.84,70.92,28.43,1184.4,822.7,11.47,344.69,437,5833,18,319,360.18,54.3,Monday,21,0
SRV-007,16-02-2026 22:00,File,Linux,55.34,51.03,39.73,84.18,1157.34,877.16,24.13,219.23,382,5982,10,233,329.02,49.72,Monday,22,0
SRV-059,16-02-2026 23:30,Web,Windows Server,71.59,73.03,74.13,52.83,1372.33,1036.36,19.07,321.92,363,6910,16,248,2018.76,52.32,Monday,23,0
SRV-088,17-02-2026 00:00,Database,Linux,60.09,65.38,56.82,42.23,1443.2,1083.23,30.03,389.17,857,7420,16,273,798.68,50.65,Tuesday,0,0
SRV-093,17-02-2026 00:00,Database,Linux,61.43,78.7,48.57,63.68,1496.46,1074.34,25.01,362.65,630,7425,10,295,1421.1,58.57,Tuesday,0,0
SRV-040,17-02-2026 00:30,Application,Linux,67.2,63.18,61.27,46.47,1334.34,1041.59,28.37,274.89,645,6857,13,217,555.22,55.25,Tuesday,0,0
SRV-049,17-02-2026 04:00,Application,Linux,79.21,60.69,43.99,82.28,1365.99,1035.91,21.34,259.28,432,6949,12,246,201.58,60.75,Tuesday,4,0
SRV-098,17-02-2026 06:30,Web,Windows Server,46.77,70.51,43.34,63.62,1406.56,1021.04,22.14,278.65,526,7112,7,298,156.24,53.18,Tuesday,6,0
SRV-078,17-02-2026 07:30,Application,Windows Server,63.5,71.27,59.34,58.02,1347.82,1038.48,26.92,302.16,699,6883,13,281,1247.95,56.28,Tuesday,7,0
SRV-076,17-02-2026 08:30,Web,Linux,59.51,74.22,64.59,31.29,1395.63,1011.06,24.62,256.74,517,7143,17,235,717.86,50.58,Tuesday,8,0
SRV-047,17-02-2026 09:00,Database,Linux,87.79,75.18,45.06,91.62,2138.49,1719.71,27.96,353.43,1094,10882,12,292,452.21,62.33,Tuesday,9,0
SRV-032,17-02-2026 12:00,API,Windows Server,86.04,79.7,78.66,82.45,2080.75,1614.9,26.55,398.26,1058,10839,16,293,864.96,65.32,Tuesday,12,1
SRV-021,17-02-2026 14:00,File,Linux,78.27,64.11,39.53,40.84,1690.4,1251.5,30.79,307.72,1000,8322,10,279,770.12,60.83,Tuesday,14,0
SRV-058,17-02-2026 14:30,Application,Windows Server,65.37,98.54,46.97,94.58,2025.76,1346.38,21.2,354.35,1058,9886,10,295,735.48,55.62,Tuesday,14,0
SRV-007,17-02-2026 15:00,File,Linux,72.74,69.98,25.13,56.05,1543.71,1153.18,33.92,319.85,845,8167,13,275,1310.13,56.42,Tuesday,15,0
SRV-064,17-02-2026 15:30,File,Linux,55.52,64.97,39.66,68.62,1625.77,1210.65,24.33,313.63,858,8289,9,238,394.21,56.66,Tuesday,15,0
SRV-098,17-02-2026 16:30,Web,Windows Server,87.83,71.04,61.89,76.48,2029.82,1560.54,29.32,307.22,688,10343,12,283,862.66,58.67,Tuesday,16,0
SRV-014,17-02-2026 17:30,File,Linux,65.07,47.14,60.22,58.94,1636.06,1227.37,22.36,245.65,683,8307,16,245,908.78,50.42,Tuesday,17,0
SRV-027,17-02-2026 18:30,Database,Linux,61.99,62.89,43.52,49.32,1384.75,1032.9,15.32,313.82,631,7454,8,231,1347.55,54.95,Tuesday,18,0
SRV-099,17-02-2026 18:30,Web,Linux,66.93,72.07,60.04,55.35,1398.6,1033.22,25.03,338.9,774,7078,12,234,550.37,51.27,Tuesday,18,0
SRV-004,17-02-2026 20:30,Application,Windows Server,65.83,60.81,61.72,33.13,1318.15,1051.36,23.15,368.78,643,6826,5,286,1702.03,56.05,Tuesday,20,0
SRV-076,17-02-2026 23:00,Web,Linux,62.67,81.29,47.07,57.26,1406.15,1003.2,32.43,281.67,804,6981,6,278,753.6,48.66,Tuesday,23,0
SRV-018,17-02-2026 23:00,Web,Windows Server,87.52,42.47,68.14,54.96,1381.06,1034.18,23.68,345.44,603,7063,9,330,820.33,66.95,Tuesday,23,0
SRV-003,17-02-2026 23:00,API,Linux,48.1,70.86,66.36,59.91,1497.77,1044.59,20.78,304.26,642,7319,10,246,345.22,44.49,Tuesday,23,0
SRV-096,18-02-2026 07:30,Application,Linux,40.77,39.41,61.67,53.89,1280.44,1092.72,21.44,166.38,472,6910,8,202,501.66,50.12,Wednesday,7,0
SRV-035,18-02-2026 09:00,Database,Linux,92.69,72.12,56.12,79.79,2197.17,1757.55,27.39,376.39,1119,11067,12,337,957.77,64.73,Wednesday,9,0
SRV-042,18-02-2026 09:00,File,Linux,63.38,69.11,80.97,43.54,1639.67,1225.72,13.58,300.88,785,8305,10,251,489.69,56.09,Wednesday,9,0
SRV-020,18-02-2026 09:30,Application,Linux,79.45,71.69,57.86,75.59,1951.19,1450.02,22.54,388.79,899,9962,6,320,305.03,57.82,Wednesday,9,0
SRV-093,18-02-2026 10:00,Database,Linux,74.25,74.73,61.6,89.61,2096.58,1586.1,27.86,296.54,1109,11034,21,283,760.45,61.94,Wednesday,10,0
SRV-022,18-02-2026 11:30,Database,Linux,70.09,70.12,36.98,74.09,2192.26,1528.55,27.16,330.99,1050,10855,14,232,1012.82,63.37,Wednesday,11,0
SRV-055,18-02-2026 13:30,Application,Linux,79.5,59.45,77.26,70.6,1961.72,1545.61,28.06,291.28,1028,10057,14,272,296.12,60.08,Wednesday,13,0
SRV-069,18-02-2026 14:00,Web,Linux,80.92,68.14,48.19,74.29,1898.13,1551.7,35.11,329.0,1015,10315,12,255,291.65,58.19,Wednesday,14,0
SRV-002,18-02-2026 15:00,Database,Windows Server,66.73,66.6,62.87,92.6,2137.41,1628.62,21.24,299.17,997,11156,8,292,604.34,57.57,Wednesday,15,0
SRV-047,18-02-2026 17:30,Database,Linux,75.54,75.05,54.09,65.87,2101.64,1635.75,37.5,333.31,1253,11149,8,298,479.99,64.11,Wednesday,17,0
SRV-050,18-02-2026 20:00,Web,Linux,90.32,57.35,43.94,50.72,1420.51,949.05,17.35,277.96,420,6992,5,337,550.94,57.98,Wednesday,20,0
SRV-073,18-02-2026 22:30,API,Linux,77.06,44.73,51.48,59.52,1419.7,1049.25,36.7,340.35,832,7337,4,240,721.63,55.06,Wednesday,22,0
SRV-013,18-02-2026 23:30,Application,Linux,70.31,71.66,52.07,77.87,1304.7,961.83,14.12,320.79,767,6878,9,243,878.85,61.64,Wednesday,23,0
SRV-038,19-02-2026 00:00,Database,Linux,67.69,69.64,47.53,60.85,1442.07,1072.13,15.87,297.54,771,7286,11,323,661.74,56.71,Thursday,0,0
SRV-025,19-02-2026 00:30,File,Linux,39.02,59.85,51.7,54.52,1166.29,778.0,21.48,207.91,493,5902,8,229,1171.76,49.23,Thursday,0,0
SRV-011,19-02-2026 02:00,Database,Linux,80.41,71.23,53.74,42.25,1392.25,995.57,37.54,410.15,708,7473,8,310,1154.14,58.04,Thursday,2,0
SRV-093,19-02-2026 02:00,Database,Linux,57.4,49.72,66.58,45.19,1456.65,1160.65,22.09,293.92,848,7452,13,209,562.15,51.04,Thursday,2,0
SRV-048,19-02-2026 02:30,Web,Linux,62.68,57.34,52.37,40.25,1332.64,1038.56,20.99,246.95,533,7112,8,184,975.31,57.68,Thursday,2,0
SRV-048,19-02-2026 03:00,Web,Linux,59.45,49.03,53.88,34.28,1497.25,1031.95,24.68,314.18,481,7055,10,220,586.26,52.09,Thursday,3,0
SRV-087,19-02-2026 05:00,Application,Linux,69.73,68.34,61.09,36.23,1376.03,1020.78,23.63,237.22,739,6907,9,226,386.73,58.7,Thursday,5,0
SRV-094,19-02-2026 05:30,Database,Windows Server,84.41,60.75,53.75,56.38,1384.02,1052.7,28.49,336.76,753,7303,13,272,967.67,61.94,Thursday,5,0
SRV-017,19-02-2026 06:30,Application,Windows Server,61.33,71.34,63.03,53.86,1447.98,969.58,19.3,244.41,321,6934,9,280,449.39,50.56,Thursday,6,0
SRV-013,19-02-2026 07:30,Application,Linux,28.6,57.99,62.15,42.81,1321.99,1110.66,20.76,214.58,761,6846,4,186,378.91,40.6,Thursday,7,0
SRV-001,19-02-2026 08:00,File,Windows Server,42.78,42.42,45.62,60.08,1092.77,845.32,18.89,186.3,383,5890,6,194,347.68,57.92,Thursday,8,0
SRV-005,19-02-2026 09:00,Web,Windows Server,80.14,73.13,63.63,71.68,2113.86,1456.95,33.09,327.01,1018,10332,10,319,783.56,56.53,Thursday,9,0
SRV-021,19-02-2026 09:30,File,Linux,85.34,80.51,59.94,40.3,1652.51,1239.7,31.3,319.82,775,8347,13,348,728.68,53.83,Thursday,9,0
SRV-031,19-02-2026 09:30,Application,Linux,74.31,62.63,58.83,72.8,1888.4,1481.12,26.75,298.45,1148,9920,12,240,852.8,59.51,Thursday,9,0
SRV-016,19-02-2026 10:00,Web,Windows Server,80.43,87.34,47.53,67.23,2039.27,1524.88,33.28,380.71,1197,10362,16,301,829.1,61.6,Thursday,10,0
SRV-053,19-02-2026 10:00,File,Linux,76.48,69.77,52.81,62.54,1545.09,1243.69,35.02,289.99,721,8237,11,308,693.95,56.14,Thursday,10,0
SRV-079,19-02-2026 10:30,Application,Windows Server,90.68,91.56,43.4,63.65,1950.24,1439.97,33.04,327.91,732,9998,15,352,1036.02,59.64,Thursday,10,0
SRV-075,19-02-2026 12:00,Web,Linux,87.78,70.28,78.31,73.25,2084.57,1544.49,30.47,352.08,819,10403,22,277,754.68,61.08,Thursday,12,0
SRV-039,19-02-2026 12:00,Web,Windows Server,99.0,68.52,48.29,74.24,2092.02,1535.36,25.2,346.68,1066,10277,8,391,569.77,59.57,Thursday,12,0
SRV-068,19-02-2026 12:30,Database,Windows Server,79.6,77.98,71.5,57.22,2274.58,1672.06,25.99,404.24,993,11117,10,311,983.16,55.37,Thursday,12,0
SRV-051,19-02-2026 12:30,Web,Windows Server,75.05,82.72,37.66,77.93,2085.42,1572.05,23.34,334.24,933,10406,12,340,953.67,58.44,Thursday,12,0
SRV-033,19-02-2026 13:30,Database,Linux,76.54,73.82,57.44,94.86,2115.37,1554.79,31.11,391.2,1045,10988,9,320,770.16,60.96,Thursday,13,0
SRV-049,19-02-2026 13:30,Application,Linux,75.57,85.03,35.93,71.69,1966.69,1479.36,22.83,374.78,773,10281,16,245,1321.88,56.84,Thursday,13,0
SRV-051,19-02-2026 15:00,Web,Windows Server,77.4,79.44,64.07,74.65,2044.25,1600.93,24.16,356.76,820,10560,10,167,415.71,60.8,Thursday,15,0
SRV-052,19-02-2026 15:00,Web,Windows Server,74.19,69.36,52.65,57.28,1965.38,1471.75,26.99,322.43,877,10396,10,232,774.33,57.11,Thursday,15,0
SRV-032,19-02-2026 15:00,API,Windows Server,81.12,64.04,61.26,72.03,2045.74,1526.19,30.74,335.11,1117,10794,21,224,392.26,69.17,Thursday,15,0
SRV-096,19-02-2026 15:00,Application,Linux,57.94,82.97,54.93,66.64,1982.13,1555.51,27.64,326.26,1027,10106,11,290,1592.09,56.74,Thursday,15,0
SRV-062,19-02-2026 15:00,Database,Windows Server,98.08,73.97,53.2,77.1,2085.99,1648.69,22.41,382.81,1157,11077,15,358,607.03,72.38,Thursday,15,0
SRV-007,19-02-2026 16:00,File,Linux,68.74,69.61,37.64,68.72,1702.17,1173.12,24.26,265.12,695,8294,12,290,689.27,51.41,Thursday,16,0
SRV-094,19-02-2026 16:30,Database,Windows Server,65.92,87.65,48.1,82.24,2266.07,1736.51,27.39,298.51,992,11166,11,251,570.26,54.25,Thursday,16,0
SRV-007,19-02-2026 17:00,File,Linux,79.27,62.27,36.0,87.3,1605.48,1179.92,25.26,397.92,788,8256,5,309,390.91,63.17,Thursday,17,0
SRV-070,19-02-2026 17:00,Database,Windows Server,93.53,93.17,36.93,96.67,2224.86,1711.34,28.44,386.7,935,11037,16,292,693.88,63.42,Thursday,17,1
SRV-056,19-02-2026 18:00,File,Windows Server,67.81,57.2,68.28,67.5,1579.76,1207.16,29.03,321.41,748,8295,11,242,1128.67,58.55,Thursday,18,0
SRV-005,19-02-2026 18:00,Web,Windows Server,73.94,84.62,56.77,99.0,2016.85,1491.93,29.87,331.39,1174,10446,12,238,682.87,64.96,Thursday,18,0
SRV-073,19-02-2026 18:00,API,Linux,99.0,80.5,55.28,59.63,2081.03,1645.79,28.05,353.53,955,10620,15,325,1061.57,64.71,Thursday,18,0
SRV-054,19-02-2026 18:30,Application,Linux,53.97,71.18,36.97,40.04,1375.44,1066.43,20.19,289.06,619,6919,5,221,617.77,49.64,Thursday,18,0
SRV-058,19-02-2026 19:00,Application,Windows Server,59.07,58.03,75.32,48.32,1290.22,930.22,22.91,317.68,764,6869,10,262,944.09,54.56,Thursday,19,0
SRV-008,19-02-2026 19:30,File,Linux,62.27,58.2,37.8,40.26,1184.09,781.25,22.54,296.44,333,5863,9,239,804.16,50.4,Thursday,19,0
SRV-087,19-02-2026 21:00,Application,Linux,69.66,52.21,38.68,72.74,1371.94,1072.16,23.6,269.9,639,6730,6,231,700.2,58.15,Thursday,21,0
SRV-046,19-02-2026 21:00,File,Linux,55.04,57.18,68.3,46.12,1104.42,874.27,24.5,291.84,541,5918,10,210,409.85,45.78,Thursday,21,0
SRV-077,19-02-2026 21:30,Web,Linux,70.42,59.56,51.51,52.76,1373.51,1061.95,32.33,292.75,611,7106,15,212,379.57,58.33,Thursday,21,0
SRV-034,19-02-2026 22:30,Database,Linux,67.7,57.07,50.78,69.03,1383.48,1146.72,21.99,281.95,780,7316,15,289,516.68,53.81,Thursday,22,0
SRV-066,20-02-2026 00:00,Application,Linux,70.66,67.29,65.98,64.56,1424.23,980.93,15.64,304.16,717,6944,16,255,750.89,61.72,Friday,0,0
SRV-036,20-02-2026 01:00,Web,Linux,57.4,89.79,62.4,53.21,1360.72,975.43,21.66,317.5,728,7073,10,270,386.79,54.57,Friday,1,0
SRV-085,20-02-2026 02:00,Web,Windows Server,63.9,64.1,66.75,55.27,1422.76,1032.54,25.09,271.06,527,7172,11,249,420.92,50.67,Friday,2,0
SRV-017,20-02-2026 04:00,Application,Windows Server,75.42,46.82,56.38,63.46,1334.85,944.12,22.47,316.0,732,6806,10,271,908.96,62.06,Friday,4,0
SRV-099,20-02-2026 04:30,Web,Linux,57.73,49.33,60.86,65.11,1402.12,1001.15,20.16,200.7,759,6996,8,245,843.42,48.62,Friday,4,0
SRV-084,20-02-2026 05:00,Web,Linux,56.9,66.11,40.43,40.76,1429.92,1000.09,24.98,329.43,805,7055,12,207,1064.49,55.16,Friday,5,0
SRV-012,20-02-2026 05:30,API,Linux,81.59,62.52,54.75,85.88,1348.21,1098.24,25.68,404.85,889,7131,16,364,732.84,61.66,Friday,5,0
SRV-084,20-02-2026 06:00,Web,Linux,64.56,59.12,38.63,60.05,1432.03,1053.52,24.9,276.17,845,7156,9,195,638.58,57.1,Friday,6,0
SRV-002,20-02-2026 07:00,Database,Windows Server,62.54,42.48,35.41,40.91,1487.89,1108.06,18.86,216.35,617,7470,5,241,1044.81,52.17,Friday,7,0
SRV-094,20-02-2026 07:30,Database,Windows Server,69.63,60.89,29.6,50.41,1481.59,1211.66,20.74,301.56,647,7486,11,228,364.39,55.54,Friday,7,0
SRV-047,20-02-2026 07:30,Database,Linux,63.79,69.4,37.69,65.82,1455.25,1085.6,22.35,320.87,718,7453,4,264,492.79,61.42,Friday,7,0
SRV-082,20-02-2026 08:00,Database,Windows Server,78.15,54.46,49.09,82.19,1242.78,990.39,31.31,374.7,889,7450,20,309,1404.95,52.01,Friday,8,0
SRV-022,20-02-2026 08:00,Database,Linux,61.92,41.87,53.04,52.31,1427.16,1144.44,26.55,259.22,974,7374,9,216,488.67,48.27,Friday,8,0
SRV-022,20-02-2026 08:30,Database,Linux,62.45,65.19,47.59,71.23,1383.88,1047.7,22.47,270.58,622,7284,16,286,824.98,50.67,Friday,8,0
SRV-024,20-02-2026 09:00,API,Linux,92.96,77.39,38.1,91.53,2093.16,1565.25,23.06,377.03,942,10715,18,277,1026.25,57.21,Friday,9,1
SRV-034,20-02-2026 10:00,Database,Linux,93.64,55.84,55.38,85.86,2102.11,1639.69,33.52,363.5,959,10998,16,348,752.68,63.41,Friday,10,0
SRV-097,20-02-2026 10:00,Database,Linux,93.92,71.12,66.17,79.37,2133.21,1707.91,31.11,344.73,1066,11053,13,268,936.48,63.12,Friday,10,0
SRV-016,20-02-2026 10:30,Web,Windows Server,99.0,65.13,52.06,94.79,1867.26,1562.93,25.53,362.68,1088,10218,8,323,1166.88,60.89,Friday,10,0
SRV-093,20-02-2026 12:00,Database,Linux,84.3,60.53,63.64,71.96,2033.12,1697.35,27.12,302.92,1017,10922,9,267,743.53,67.08,Friday,12,0
SRV-068,20-02-2026 15:00,Database,Windows Server,87.18,95.91,69.23,99.0,2176.84,1595.48,35.11,421.85,1095,11118,18,275,264.7,63.9,Friday,15,1
SRV-003,20-02-2026 15:30,API,Linux,81.21,88.0,58.49,62.01,2055.76,1587.11,27.1,371.39,765,10546,16,264,1057.67,64.07,Friday,15,0
SRV-044,20-02-2026 15:30,Database,Linux,72.14,90.84,52.25,73.79,2140.64,1739.6,22.12,396.72,1161,11095,14,340,383.69,57.05,Friday,15,0
SRV-064,20-02-2026 17:00,File,Linux,74.17,73.92,62.64,71.93,1585.67,1235.85,14.88,322.16,602,8181,15,225,992.13,56.3,Friday,17,0
SRV-093,20-02-2026 17:00,Database,Linux,77.48,62.07,28.15,67.84,2201.16,1667.21,27.27,299.79,948,11008,9,262,330.62,55.63,Friday,17,0
SRV-029,20-02-2026 17:30,Web,Linux,67.34,77.68,44.43,82.33,2083.85,1408.18,22.25,297.73,820,10239,10,328,580.93,49.13,Friday,17,0
SRV-032,20-02-2026 18:00,API,Windows Server,99.0,65.78,55.31,78.61,1995.48,1538.89,28.3,368.63,1101,10580,16,350,532.23,60.09,Friday,18,0
SRV-066,20-02-2026 18:30,Application,Linux,69.33,53.59,28.81,38.7,1262.52,962.96,22.73,349.66,648,6852,15,234,720.22,56.57,Friday,18,0
SRV-076,20-02-2026 18:30,Web,Linux,69.77,53.56,43.5,66.01,1360.36,1030.8,22.36,330.32,388,7148,11,259,988.54,49.51,Friday,18,0
SRV-031,20-02-2026 18:30,Application,Linux,60.92,55.23,49.73,49.79,1397.73,992.59,22.41,218.49,489,6800,9,304,389.58,56.54,Friday,18,0
SRV-086,20-02-2026 19:30,Web,Windows Server,55.7,68.37,78.26,70.37,1361.71,1036.56,26.98,313.92,685,7105,12,221,835.49,59.97,Friday,19,0
SRV-085,20-02-2026 20:00,Web,Windows Server,71.04,63.49,43.1,57.83,1386.49,1030.71,26.32,302.16,593,6974,10,262,971.44,56.88,Friday,20,0
SRV-016,20-02-2026 21:30,Web,Windows Server,77.99,71.14,44.45,72.91,1350.42,1026.11,14.06,246.77,639,7169,10,284,404.28,58.78,Friday,21,0
SRV-009,20-02-2026 22:00,Web,Linux,70.51,58.02,64.61,59.59,1403.44,1090.12,21.79,323.43,719,7040,11,241,583.76,52.56,Friday,22,0
SRV-065,20-02-2026 22:00,Application,Linux,82.91,57.81,45.78,55.97,1227.78,886.48,24.68,366.88,576,6840,16,286,1062.51,58.22,Friday,22,0
SRV-088,20-02-2026 22:30,Database,Linux,66.63,46.25,58.16,55.76,1494.99,1043.42,25.77,239.46,604,7456,10,317,1146.19,55.0,Friday,22,0
SRV-042,20-02-2026 23:30,File,Linux,40.06,50.88,65.7,55.58,1204.29,897.33,18.39,158.54,876,5875,7,223,630.46,46.89,Friday,23,0
SRV-085,21-02-2026 00:30,Web,Windows Server,73.02,44.17,61.12,53.26,1171.41,863.66,23.33,311.44,488,5793,12,282,229.53,60.13,Saturday,0,0
SRV-011,21-02-2026 02:30,Database,Linux,49.49,61.62,30.2,54.96,1216.72,950.23,20.17,280.92,491,6176,10,197,1006.38,48.46,Saturday,2,0
SRV-038,21-02-2026 03:00,Database,Linux,50.48,55.78,72.11,48.02,1263.27,745.19,21.22,272.64,900,6089,6,205,486.98,52.37,Saturday,3,0
SRV-038,21-02-2026 05:00,Database,Linux,62.9,58.95,53.26,38.54,1258.41,790.73,21.85,322.86,820,6203,7,217,527.89,57.38,Saturday,5,0
SRV-022,21-02-2026 05:30,Database,Linux,66.75,53.55,71.18,55.01,1248.34,881.42,27.15,340.02,666,6138,13,263,839.81,52.5,Saturday,5,0
SRV-034,21-02-2026 06:00,Database,Linux,67.2,73.02,60.32,48.72,1261.32,871.29,19.81,286.34,415,6080,10,269,831.55,51.5,Saturday,6,0
SRV-043,21-02-2026 06:30,Application,Windows Server,49.84,61.54,48.65,67.77,1156.37,886.92,25.89,281.99,526,5688,10,219,563.69,53.77,Saturday,6,0
SRV-012,21-02-2026 06:30,API,Linux,49.0,66.34,65.18,60.01,1124.5,863.67,26.24,271.76,660,6173,9,202,1099.62,48.86,Saturday,6,0
SRV-095,21-02-2026 07:00,Database,Linux,53.77,70.79,49.8,47.37,1106.62,876.92,18.39,302.98,623,6102,7,255,659.46,50.12,Saturday,7,0
SRV-062,21-02-2026 07:00,Database,Windows Server,65.8,78.84,66.28,50.98,1215.47,892.59,21.66,230.04,352,6067,10,242,1223.14,51.45,Saturday,7,0
SRV-084,21-02-2026 07:30,Web,Linux,62.31,37.91,46.53,48.87,1103.63,883.69,23.79,293.01,671,5768,8,250,494.93,58.88,Saturday,7,0
SRV-028,21-02-2026 07:30,Web,Linux,74.88,54.61,44.5,50.85,1047.33,885.39,31.17,310.8,479,5867,8,268,429.7,60.52,Saturday,7,0
SRV-037,21-02-2026 07:30,Web,Windows Server,59.53,62.12,61.05,36.32,1099.12,751.97,26.69,290.09,499,5724,7,204,703.71,56.58,Saturday,7,0
SRV-033,21-02-2026 08:00,Database,Linux,71.13,64.9,60.6,53.46,1196.07,841.5,28.69,309.43,622,6114,13,285,1120.56,55.73,Saturday,8,0
SRV-034,21-02-2026 08:30,Database,Linux,68.08,36.38,42.52,50.24,1123.28,891.16,19.34,206.46,296,6036,7,278,304.01,52.18,Saturday,8,0
SRV-031,21-02-2026 09:30,Application,Linux,80.26,88.9,62.43,64.43,1590.26,1268.13,22.18,379.12,755,7893,16,266,1301.79,61.19,Saturday,9,0
SRV-048,21-02-2026 10:30,Web,Linux,82.03,52.76,49.91,71.6,1538.61,1119.81,19.41,296.85,813,8039,5,336,646.58,56.375,Saturday,10,0
SRV-071,21-02-2026 10:30,Web,Linux,83.21,47.21,50.51,52.87,1653.14,1210.35,15.22,364.53,771,8228,13,317,478.66,55.93,Saturday,10,0
SRV-030,21-02-2026 10:30,Application,Linux,78.72,64.0,57.08,69.58,1500.54,1269.42,34.76,295.08,736,7738,7,323,939.59,62.48,Saturday,10,0
SRV-048,21-02-2026 11:00,Web,Linux,60.78,66.55,72.07,69.0,1601.73,1296.59,21.82,383.6,812,8150,9,259,486.85,53.81,Saturday,11,0
SRV-063,21-02-2026 11:30,Application,Linux,83.69,60.4,51.58,43.98,1457.39,1176.19,27.02,379.82,818,7981,13,365,744.76,61.55,Saturday,11,0
SRV-054,21-02-2026 12:30,Application,Linux,57.87,50.26,64.97,43.05,1559.59,1261.98,27.84,337.79,572,7943,11,233,605.93,52.06,Saturday,12,0
SRV-031,21-02-2026 13:00,Application,Linux,56.02,59.52,65.71,49.11,1493.32,1148.28,22.93,247.71,790,7698,7,275,1493.13,49.13,Saturday,13,0
SRV-082,21-02-2026 16:00,Database,Windows Server,57.89,68.33,59.56,63.37,1677.18,1272.82,14.32,296.48,728,8481,8,238,464.13,58.05,Saturday,16,0
SRV-008,21-02-2026 16:00,File,Linux,43.32,68.78,53.36,37.18,1341.47,998.51,18.56,325.44,599,6532,10,224,282.72,46.49,Saturday,16,0
SRV-026,21-02-2026 18:00,Web,Linux,88.32,64.19,47.26,76.79,1526.33,1141.51,24.4,377.95,532,8132,8,234,641.17,61.95,Saturday,18,0
SRV-099,21-02-2026 18:30,Web,Linux,72.74,65.33,49.71,48.24,1154.77,832.38,30.01,326.99,709,5813,10,305,560.55,56.77,Saturday,18,0
SRV-035,21-02-2026 19:00,Database,Linux,74.26,54.1,46.48,61.86,1197.24,913.39,17.35,282.85,575,6102,7,303,600.56,56.375,Saturday,19,0
SRV-033,21-02-2026 20:30,Database,Linux,54.95,67.42,53.68,52.39,1180.59,887.06,18.7,214.07,508,6079,6,251,847.31,54.31,Saturday,20,0
SRV-076,21-02-2026 21:00,Web,Linux,58.84,64.79,54.2,52.29,1024.5,829.91,19.3,187.33,600,5781,8,300,1272.58,52.63,Saturday,21,0
SRV-093,21-02-2026 21:30,Database,Linux,55.79,76.45,46.41,52.99,1196.58,775.61,27.53,276.19,647,6254,9,272,780.22,50.2,Saturday,21,0
SRV-041,21-02-2026 21:30,Database,Linux,69.9,65.27,48.09,64.92,1254.89,928.16,23.33,354.08,632,6168,10,191,733.96,61.24,Saturday,21,0
SRV-001,21-02-2026 22:00,File,Windows Server,56.67,49.87,67.66,44.71,942.97,785.16,22.58,243.59,511,4899,5,275,524.42,49.25,Saturday,22,0
SRV-088,22-02-2026 01:30,Database,Linux,61.32,36.26,52.66,21.22,1224.74,952.03,28.11,268.9,718,6125,10,244,723.08,48.99,Sunday,1,0
SRV-092,22-02-2026 02:00,Application,Linux,38.3,62.48,38.31,26.99,1132.76,818.43,28.65,268.05,499,5679,10,281,779.41,51.15,Sunday,2,0
SRV-024,22-02-2026 03:00,API,Linux,53.83,52.26,61.76,35.55,1115.85,912.51,17.78,282.36,412,6082,3,267,200.64,47.25,Sunday,3,0
SRV-013,22-02-2026 03:30,Application,Linux,67.47,49.58,46.58,32.14,1032.67,919.23,24.26,251.55,525,5704,10,268,413.38,55.58,Sunday,3,0
SRV-055,22-02-2026 04:00,Application,Linux,53.64,57.09,30.12,32.14,1039.86,875.18,22.27,252.94,264,5754,6,183,614.68,48.56,Sunday,4,0
SRV-099,22-02-2026 04:30,Web,Linux,46.97,46.48,47.13,45.68,1124.89,800.06,11.67,291.13,421,5841,5,214,528.62,51.6,Sunday,4,0
SRV-080,22-02-2026 05:00,File,Windows Server,53.75,66.54,44.68,49.21,897.25,774.38,22.57,289.74,339,5100,11,179,997.52,54.72,Sunday,5,0
SRV-094,22-02-2026 06:00,Database,Windows Server,58.37,50.16,26.04,51.93,1171.45,860.67,31.1,257.03,528,6041,11,246,507.38,47.88,Sunday,6,0
SRV-066,22-02-2026 07:00,Application,Linux,41.93,58.54,73.84,23.41,1072.58,884.93,23.04,216.06,222,5737,4,188,641.8,46.85,Sunday,7,0
SRV-035,22-02-2026 07:30,Database,Linux,59.48,62.9,44.19,49.11,1134.2,876.07,20.68,322.08,587,6067,9,306,912.57,51.65,Sunday,7,0
SRV-020,22-02-2026 11:00,Application,Linux,62.22,65.23,74.73,50.78,1528.25,1203.2,27.86,282.99,619,8021,9,310,647.18,53.79,Sunday,11,0
SRV-039,22-02-2026 12:00,Web,Windows Server,77.58,58.76,52.62,67.37,1541.69,1190.27,19.64,299.14,613,8160,10,363,284.41,57.79,Sunday,12,0
SRV-097,22-02-2026 13:00,Database,Linux,86.3,69.13,44.83,74.76,1639.46,1269.67,29.16,377.6,768,8576,11,325,773.88,63.86,Sunday,13,0
SRV-041,22-02-2026 13:30,Database,Linux,53.96,65.13,43.96,58.62,1717.69,1295.83,21.87,281.57,589,8634,5,206,433.88,54.49,Sunday,13,0
SRV-029,22-02-2026 14:00,Web,Linux,87.14,63.23,57.31,82.01,1514.76,1141.09,23.47,247.14,672,8025,14,302,510.46,61.73,Sunday,14,0
SRV-099,22-02-2026 15:00,Web,Linux,58.48,73.21,40.62,61.37,1551.44,1165.06,30.43,348.19,697,8178,11,211,794.89,48.48,Sunday,15,0
SRV-084,22-02-2026 17:00,Web,Linux,62.33,56.36,58.81,77.01,1511.81,1207.42,26.29,321.72,673,8268,4,238,287.63,57.49,Sunday,17,0
SRV-013,22-02-2026 19:30,Application,Linux,40.17,52.08,42.45,40.03,949.1,755.88,14.2,218.96,370,5737,3,218,1010.16,47.22,Sunday,19,0
SRV-005,22-02-2026 20:00,Web,Windows Server,60.03,48.89,41.86,50.37,1126.9,889.47,17.29,225.42,446,5813,9,222,856.78,55.91,Sunday,20,0
SRV-042,22-02-2026 21:30,File,Linux,73.78,41.54,47.05,19.72,1035.0,786.54,19.15,283.8,311,4985,8,253,697.68,56.17,Sunday,21,0
SRV-087,22-02-2026 21:30,Application,Linux,61.76,75.36,55.42,64.68,1058.26,821.03,20.99,265.1,568,5689,8,259,356.06,56.12,Sunday,21,0
SRV-029,22-02-2026 22:00,Web,Linux,40.74,39.06,30.2,53.25,1148.62,888.74,14.17,210.68,641,5782,5,229,785.78,52.64,Sunday,22,0
SRV-054,22-02-2026 23:00,Application,Linux,43.28,50.98,46.26,40.03,1036.14,786.68,21.52,278.64,573,5641,9,229,1287.42,48.5,Sunday,23,0
SRV-046,22-02-2026 23:00,File,Linux,45.59,62.94,52.57,21.43,1058.54,676.74,26.02,290.97,573,5112,9,232,970.88,54.4,Sunday,23,0
SRV-094,23-02-2026 00:30,Database,Windows Server,61.97,58.18,59.24,57.27,1430.23,1175.88,19.18,272.95,712,7505,5,213,870.72,54.27,Monday,0,0
SRV-008,23-02-2026 00:30,File,Linux,53.65,64.05,57.13,33.47,1293.17,795.43,24.06,264.0,315,5958,11,252,846.74,53.2,Monday,0,0
SRV-027,23-02-2026 02:00,Database,Linux,55.56,83.35,66.86,57.47,1467.2,1149.26,25.92,271.25,574,7474,14,221,971.89,51.03,Monday,2,0
SRV-007,23-02-2026 02:00,File,Linux,55.4,56.64,68.87,36.16,1128.04,872.13,24.07,267.63,614,5977,5,198,1377.28,47.84,Monday,2,0
SRV-013,23-02-2026 03:00,Application,Linux,38.25,65.31,23.95,34.51,1364.25,1079.69,27.93,385.73,757,6822,10,214,1307.68,47.61,Monday,3,0
SRV-066,23-02-2026 05:00,Application,Linux,62.13,62.42,50.98,42.13,1365.79,1021.8,31.46,366.67,795,6722,8,239,743.88,55.25,Monday,5,0
SRV-067,23-02-2026 05:30,Application,Windows Server,62.51,68.82,49.07,62.11,1372.96,958.85,13.62,237.4,524,6901,4,277,711.93,51.76,Monday,5,0
SRV-002,23-02-2026 06:30,Database,Windows Server,63.97,74.1,78.16,60.24,1403.14,1077.68,30.27,282.95,620,7325,12,231,651.61,58.04,Monday,6,0
SRV-067,23-02-2026 07:30,Application,Windows Server,87.14,59.86,38.12,60.0,1385.27,1042.76,30.66,340.03,600,6835,8,290,759.08,56.9,Monday,7,0
SRV-013,23-02-2026 09:30,Application,Linux,67.77,71.91,20.49,85.47,1984.08,1430.19,28.4,295.66,786,10016,16,257,338.35,58.12,Monday,9,0
SRV-092,23-02-2026 09:30,Application,Linux,69.06,89.32,59.1,82.22,1900.87,1460.87,26.75,329.8,972,9987,14,281,523.59,60.52,Monday,9,0
SRV-099,23-02-2026 10:00,Web,Linux,63.33,61.22,37.55,52.76,1998.88,1500.8,23.97,341.46,908,10258,16,295,972.41,61.62,Monday,10,0
SRV-021,23-02-2026 10:30,File,Linux,69.38,81.79,39.2,82.23,1581.49,1247.21,33.02,333.57,521,8137,7,245,1169.71,58.41,Monday,10,0
SRV-040,23-02-2026 10:30,Application,Linux,81.92,65.99,29.9,58.48,1975.22,1480.2,28.24,299.28,921,9972,14,301,935.14,56.51,Monday,10,0
SRV-001,23-02-2026 12:00,File,Windows Server,70.91,99.0,55.83,62.01,1648.45,1221.19,26.4,416.7,723,8350,15,307,720.06,59.81,Monday,12,0
SRV-054,23-02-2026 14:00,Application,Linux,78.04,83.38,58.99,87.33,1965.59,1478.57,24.05,328.27,992,9949,12,294,2618.76,57.28,Monday,14,0
SRV-026,23-02-2026 14:30,Web,Linux,72.9,81.84,71.96,83.08,2011.34,1504.48,23.56,315.45,906,10420,14,305,663.59,57.22,Monday,14,0
SRV-003,23-02-2026 15:00,API,Linux,99.0,72.72,57.73,80.98,2120.49,1519.41,25.84,413.82,928,10893,17,316,1259.32,68.94,Monday,15,1
SRV-025,23-02-2026 15:30,File,Linux,85.44,86.36,45.36,72.02,1689.33,1259.39,27.37,412.29,730,8316,20,356,616.98,57.24,Monday,15,1
SRV-059,23-02-2026 17:30,Web,Windows Server,60.75,86.44,41.63,77.78,1925.44,1510.79,18.54,349.03,882,10064,18,282,572.16,47.85,Monday,17,0
SRV-058,23-02-2026 18:30,Application,Windows Server,66.76,72.89,68.71,44.09,1320.27,903.76,29.59,248.0,414,6774,13,291,756.33,57.57,Monday,18,0
SRV-054,23-02-2026 19:00,Application,Linux,47.88,58.65,55.68,77.87,1276.42,997.66,18.75,231.6,745,6782,12,233,1984.49,59.28,Monday,19,0
SRV-015,23-02-2026 19:30,Database,Linux,88.64,44.84,69.23,65.75,1450.95,1089.38,30.47,321.43,838,7471,12,303,713.74,63.17,Monday,19,0
SRV-044,23-02-2026 19:30,Database,Linux,73.47,74.36,62.6,52.53,1361.07,1065.42,35.63,302.97,732,7367,9,280,462.74,60.89,Monday,19,0
SRV-061,23-02-2026 22:00,Application,Linux,55.35,56.11,69.62,66.4,1378.41,890.44,27.84,303.67,509,6822,17,269,676.52,51.93,Monday,22,0
SRV-061,23-02-2026 22:00,Application,Linux,62.37,71.47,39.67,51.83,1349.97,927.64,23.09,321.5,595,6764,10,264,488.22,54.19,Monday,22,0
SRV-042,23-02-2026 22:00,File,Linux,55.91,63.3,45.1,32.17,1192.05,875.49,29.17,330.36,440,5925,8,241,784.98,46.77,Monday,22,0
SRV-019,23-02-2026 23:00,File,Linux,67.64,40.3,69.74,34.71,1167.68,862.8,25.06,265.62,515,5886,6,315,688.39,53.27,Monday,23,0
SRV-004,24-02-2026 00:30,Application,Windows Server,77.45,63.42,71.57,59.09,1338.18,932.41,27.16,287.0,750,6731,12,230,568.09,59.33,Tuesday,0,0
SRV-042,24-02-2026 01:30,File,Linux,58.37,65.93,41.78,55.57,1175.85,935.19,25.76,362.71,823,5895,11,333,932.85,52.15,Tuesday,1,0
SRV-029,24-02-2026 03:00,Web,Linux,61.95,58.29,56.63,81.69,1388.92,1098.86,23.62,307.97,690,7093,10,284,341.56,56.88,Tuesday,3,0
SRV-042,24-02-2026 03:30,File,Linux,75.08,60.69,45.52,42.41,1127.59,891.41,29.48,333.59,791,5751,8,237,399.96,51.77,Tuesday,3,0
SRV-038,24-02-2026 04:00,Database,Linux,54.68,71.39,43.77,54.83,1390.02,1106.59,23.24,271.47,827,7397,8,239,771.67,47.31,Tuesday,4,0
SRV-069,24-02-2026 04:00,Web,Linux,57.38,57.06,48.46,75.38,1281.91,1026.1,18.16,274.77,583,7060,10,239,1029.38,57.84,Tuesday,4,0
SRV-023,24-02-2026 04:30,API,Linux,68.61,55.09,48.98,57.14,1378.8,1031.37,27.36,250.24,582,7133,11,268,332.83,64.33,Tuesday,4,0
SRV-099,24-02-2026 05:00,Web,Linux,59.17,79.59,43.34,52.68,1341.96,1013.85,28.63,346.05,654,7146,10,235,395.74,56.92,Tuesday,5,0
SRV-035,24-02-2026 05:00,Database,Linux,50.42,54.66,62.83,79.76,1397.12,1080.46,21.56,256.14,695,7365,9,273,407.07,57.68,Tuesday,5,0
SRV-020,24-02-2026 05:00,Application,Linux,71.12,62.01,76.32,54.08,1218.27,957.15,24.13,208.86,567,6774,12,328,1021.7,52.77,Tuesday,5,0
SRV-009,24-02-2026 05:30,Web,Linux,63.14,52.29,85.23,70.7,1379.09,1049.46,19.39,247.36,618,7057,9,161,545.12,60.24,Tuesday,5,0
SRV-074,24-02-2026 06:00,Web,Windows Server,75.52,73.1,43.11,56.59,1430.07,960.15,23.64,381.22,728,7036,17,248,1208.65,60.93,Tuesday,6,0
SRV-001,24-02-2026 06:30,File,Windows Server,78.13,41.22,61.16,69.74,1144.49,898.45,27.43,269.6,499,5956,6,321,941.53,60.04,Tuesday,6,0
SRV-053,24-02-2026 08:30,File,Linux,55.12,67.19,55.95,57.33,1179.03,887.34,9.55,308.27,270,5796,7,217,391.49,45.31,Tuesday,8,0
SRV-042,24-02-2026 10:00,File,Linux,88.17,55.74,78.58,99.0,1536.95,1232.45,22.69,299.3,651,8288,6,297,1266.85,67.05,Tuesday,10,0
SRV-062,24-02-2026 10:30,Database,Windows Server,98.98,75.85,57.72,95.95,2145.65,1600.12,30.0,414.5,1224,11084,15,332,1082.4,66.57,Tuesday,10,1
SRV-054,24-02-2026 11:00,Application,Linux,61.88,78.68,58.97,65.31,1997.13,1487.7,20.23,243.58,983,9995,12,267,732.99,58.29,Tuesday,11,0
SRV-017,24-02-2026 12:30,Application,Windows Server,77.33,91.56,59.41,70.54,1873.72,1470.45,30.9,337.7,1140,9864,15,302,342.67,58.19,Tuesday,12,0
SRV-063,24-02-2026 13:00,Application,Linux,61.29,57.15,63.9,72.26,1971.27,1463.19,29.0,273.61,894,10020,7,222,780.51,56.42,Tuesday,13,0
SRV-007,24-02-2026 13:30,File,Linux,63.0,65.34,39.78,77.63,1640.85,1147.28,22.82,285.35,872,8377,10,304,1739.35,54.17,Tuesday,13,0
SRV-072,24-02-2026 14:00,Database,Linux,95.13,64.71,73.32,99.0,2209.32,1601.44,27.33,379.11,1208,11115,12,319,637.96,65.57,Tuesday,14,0
SRV-047,24-02-2026 14:30,Database,Linux,85.19,69.72,59.26,93.82,2118.71,1548.53,26.42,344.45,1056,10847,14,231,1458.8,64.84,Tuesday,14,0
SRV-056,24-02-2026 14:30,File,Windows Server,75.27,66.13,55.08,54.29,1564.88,1154.7,20.96,301.9,697,8274,8,278,1249.28,63.31,Tuesday,14,0
SRV-023,24-02-2026 14:30,API,Linux,80.31,75.74,45.25,76.13,2059.24,1626.19,31.41,367.03,1386,10544,16,275,818.98,57.71,Tuesday,14,0
SRV-005,24-02-2026 14:30,Web,Windows Server,75.62,74.69,81.32,88.73,2067.29,1486.03,30.99,321.98,993,10297,7,300,472.81,61.18,Tuesday,14,0
SRV-026,24-02-2026 15:00,Web,Linux,56.21,83.35,59.13,64.5,2014.47,1566.07,24.43,294.93,1100,10291,12,214,1132.17,58.12,Tuesday,15,0
SRV-092,24-02-2026 15:30,Application,Linux,77.96,76.0,55.11,74.5,1913.76,1466.59,25.87,356.88,803,9979,8,316,787.51,62.06,Tuesday,15,0
SRV-075,24-02-2026 16:00,Web,Linux,83.76,82.46,69.34,66.77,1959.63,1445.29,28.28,248.51,821,10451,13,333,497.36,60.75,Tuesday,16,0
SRV-003,24-02-2026 18:00,API,Linux,86.28,67.58,76.58,93.21,2081.85,1593.82,25.46,367.24,876,10814,16,348,602.59,62.97,Tuesday,18,0
SRV-013,24-02-2026 21:00,Application,Linux,76.22,82.05,52.35,43.43,1338.45,952.74,18.12,326.57,740,6791,15,275,412.31,55.9,Tuesday,21,0
SRV-074,24-02-2026 21:30,Web,Windows Server,49.39,62.16,62.32,65.68,1380.15,1006.68,20.09,254.68,484,7039,6,263,1176.82,52.39,Tuesday,21,0
SRV-086,24-02-2026 22:00,Web,Windows Server,63.43,65.21,46.89,41.86,1345.81,992.38,15.87,338.01,440,7058,7,259,283.88,48.85,Tuesday,22,0
SRV-013,24-02-2026 22:30,Application,Linux,59.51,64.81,62.92,36.98,1398.47,1051.96,27.04,264.45,671,6758,7,217,1561.63,53.42,Tuesday,22,0
SRV-054,24-02-2026 23:00,Application,Linux,87.71,73.5,90.13,66.32,1293.9,1006.49,27.72,349.38,671,6829,21,364,2530.45,71.18,Tuesday,23,0
SRV-033,25-02-2026 03:00,Database,Linux,75.33,62.74,60.42,58.2,1465.22,1086.61,31.82,271.59,669,7439,13,322,105.26,51.42,Wednesday,3,0
SRV-080,25-02-2026 04:30,File,Windows Server,52.14,53.88,42.24,33.52,1141.16,858.22,31.0,249.19,528,5894,9,230,891.03,47.36,Wednesday,4,0
SRV-050,25-02-2026 04:30,Web,Linux,66.38,69.71,49.79,59.38,1334.11,1012.64,20.82,284.46,748,6878,9,302,1419.68,55.13,Wednesday,4,0
SRV-056,25-02-2026 07:00,File,Windows Server,55.16,61.76,67.82,41.44,1294.96,848.63,20.08,274.53,416,5918,8,230,1331.16,59.67,Wednesday,7,0
SRV-082,25-02-2026 08:30,Database,Windows Server,54.28,67.34,31.39,54.71,1481.35,1071.77,27.49,302.84,836,7547,6,225,605.08,50.47,Wednesday,8,0
SRV-026,25-02-2026 11:00,Web,Linux,84.03,78.03,47.64,34.33,2070.24,1467.28,27.42,271.82,1370,10464,17,204,843.16,60.62,Wednesday,11,0
SRV-096,25-02-2026 12:30,Application,Linux,98.73,90.0,46.37,80.74,1946.17,1441.37,22.04,368.31,794,10084,16,347,1593.51,63.22,Wednesday,12,0
SRV-041,25-02-2026 12:30,Database,Linux,76.56,67.33,51.76,64.75,2302.66,1533.4,28.12,278.92,959,11184,10,282,691.29,68.25,Wednesday,12,0
SRV-045,25-02-2026 13:30,File,Linux,96.3,51.76,68.09,73.42,1676.14,1237.64,29.28,369.73,909,8149,20,315,842.44,62.82,Wednesday,13,1
SRV-082,25-02-2026 14:00,Database,Windows Server,68.34,74.63,44.77,88.41,2138.43,1661.34,23.12,294.2,1035,11220,15,324,359.6,61.57,Wednesday,14,0
SRV-074,25-02-2026 14:30,Web,Windows Server,73.64,77.44,72.63,54.9,2001.08,1478.78,28.0,307.66,1005,10308,9,282,575.53,54.52,Wednesday,14,0
SRV-046,25-02-2026 15:00,File,Linux,78.81,53.2,61.29,73.0,1587.79,1157.0,40.33,338.26,824,8273,17,319,296.6,62.59,Wednesday,15,0
SRV-092,25-02-2026 16:00,Application,Linux,85.53,72.32,51.82,99.0,1987.02,1430.25,31.24,362.48,1074,9997,10,315,423.84,60.48,Wednesday,16,0
SRV-060,25-02-2026 17:00,Web,Windows Server,79.63,73.57,67.78,63.61,2070.31,1645.15,34.01,333.17,1144,10422,12,297,549.89,58.98,Wednesday,17,0
SRV-057,25-02-2026 18:00,Database,Linux,65.16,81.95,53.46,87.51,2104.99,1587.32,27.03,323.51,1171,11082,11,246,553.91,54.55,Wednesday,18,0
SRV-065,25-02-2026 18:30,Application,Linux,77.82,56.16,58.27,66.54,1323.38,990.08,17.69,282.59,631,6788,12,284,803.88,62.48,Wednesday,18,0
SRV-054,25-02-2026 19:30,Application,Linux,72.16,68.2,46.16,48.87,1360.22,940.22,27.04,323.87,658,6902,18,253,479.7,55.22,Wednesday,19,0
SRV-007,25-02-2026 19:30,File,Linux,58.14,76.41,56.88,37.63,1188.58,718.08,25.28,289.96,482,5709,5,284,784.54,52.95,Wednesday,19,0
SRV-043,25-02-2026 20:30,Application,Windows Server,62.69,61.47,29.03,46.13,1379.17,949.63,19.1,308.78,736,6881,10,218,1345.08,57.93,Wednesday,20,0
SRV-094,25-02-2026 21:00,Database,Windows Server,52.39,51.2,56.52,50.7,1539.38,1005.0,24.46,262.5,702,7438,9,214,1151.19,50.99,Wednesday,21,0
SRV-004,25-02-2026 21:30,Application,Windows Server,74.42,65.92,46.96,42.79,1256.9,1022.9,28.4,272.15,794,6751,5,310,650.42,54.23,Wednesday,21,0
SRV-062,25-02-2026 21:30,Database,Windows Server,66.39,49.83,54.32,59.3,1470.9,1064.37,35.8,274.56,794,7489,7,273,676.21,57.37,Wednesday,21,0
SRV-010,25-02-2026 23:00,Database,Windows Server,62.06,50.06,52.56,68.82,1472.09,1116.99,19.63,282.53,497,7396,13,305,876.8,51.08,Wednesday,23,0
SRV-070,26-02-2026 00:30,Database,Windows Server,77.34,53.03,52.46,70.41,1482.0,1100.35,26.96,289.46,640,7473,10,258,800.41,55.84,Thursday,0,0
SRV-066,26-02-2026 00:30,Application,Linux,61.59,69.96,62.39,41.34,1218.13,1015.07,20.77,224.82,541,6971,8,257,1229.42,58.89,Thursday,0,0
SRV-089,26-02-2026 00:30,Web,Windows Server,82.31,50.64,37.43,87.04,1274.88,1005.58,29.03,233.6,564,6972,7,302,784.78,63.52,Thursday,0,0
SRV-030,26-02-2026 01:00,Application,Linux,48.56,71.27,52.98,36.99,1274.41,1046.57,24.25,232.11,726,6969,8,230,550.39,49.92,Thursday,1,0
SRV-027,26-02-2026 01:00,Database,Linux,77.07,72.64,71.27,60.79,1450.77,1137.66,28.19,305.48,514,7407,13,323,707.21,63.03,Thursday,1,0
SRV-094,26-02-2026 02:30,Database,Windows Server,47.01,64.56,60.5,78.3,1314.92,1034.89,20.79,310.14,750,7416,8,198,1283.54,56.66,Thursday,2,0
SRV-078,26-02-2026 02:30,Application,Windows Server,52.2,64.38,52.36,46.54,1351.29,955.55,20.55,201.73,465,6884,6,219,1150.11,45.38,Thursday,2,0
SRV-056,26-02-2026 04:00,File,Windows Server,78.9,60.82,31.92,45.89,1130.37,803.48,27.32,322.11,380,5992,12,250,186.96,60.62,Thursday,4,0
SRV-011,26-02-2026 05:30,Database,Linux,60.74,50.43,67.84,51.37,1497.22,1019.76,22.94,270.93,763,7446,8,243,615.3,55.65,Thursday,5,0
SRV-037,26-02-2026 05:30,Web,Windows Server,48.28,53.3,65.56,60.78,1357.45,1072.45,23.52,275.02,623,7137,4,190,653.67,51.7,Thursday,5,0
SRV-002,26-02-2026 07:00,Database,Windows Server,72.25,61.39,54.4,81.59,1500.47,1140.53,26.33,254.86,869,7410,8,287,290.33,61.24,Thursday,7,0
SRV-054,26-02-2026 07:00,Application,Linux,66.64,55.74,34.56,62.24,1284.66,1001.22,26.37,236.71,943,6887,11,276,285.38,59.54,Thursday,7,0
SRV-030,26-02-2026 07:00,Application,Linux,63.0,80.57,58.43,56.86,1304.89,942.16,28.17,307.73,628,6926,10,268,266.62,55.56,Thursday,7,0
SRV-028,26-02-2026 07:30,Web,Linux,64.64,35.89,50.5,59.53,1427.62,1039.28,27.55,315.01,632,7138,8,226,746.13,55.44,Thursday,7,0
SRV-093,26-02-2026 08:30,Database,Linux,59.06,65.61,51.15,56.36,1511.07,996.51,17.07,293.96,804,7518,10,258,452.65,56.08,Thursday,8,0
SRV-013,26-02-2026 10:30,Application,Linux,70.66,67.41,56.38,69.92,1901.0,1513.03,24.06,309.13,970,9985,11,350,1409.1,54.7,Thursday,10,0
SRV-040,26-02-2026 11:30,Application,Linux,80.46,89.43,72.45,77.08,2035.64,1548.61,31.44,343.36,1080,10104,12,325,389.49,58.43,Thursday,11,0
SRV-076,26-02-2026 13:00,Web,Linux,93.24,74.97,38.09,95.72,2113.24,1567.64,26.77,353.62,1039,10318,15,300,235.09,61.65,Thursday,13,0
SRV-009,26-02-2026 14:00,Web,Linux,71.87,67.13,54.24,81.06,2082.29,1515.57,22.26,284.68,878,10314,9,200,246.24,62.23,Thursday,14,0
SRV-079,26-02-2026 17:00,Application,Windows Server,70.42,67.19,45.74,93.81,1949.97,1441.81,29.06,373.35,940,9957,12,269,1031.95,53.09,Thursday,17,0
SRV-043,26-02-2026 18:00,Application,Windows Server,61.76,64.37,54.36,70.87,1938.34,1459.45,22.02,356.7,929,10054,10,272,622.04,53.87,Thursday,18,0
SRV-047,26-02-2026 18:30,Database,Linux,67.78,44.76,43.98,59.85,1534.42,1111.11,34.21,266.8,612,7669,9,240,826.47,51.32,Thursday,18,0
SRV-049,26-02-2026 18:30,Application,Linux,64.72,67.06,42.94,50.21,1272.64,1087.11,13.69,309.18,375,6863,8,248,1530.56,56.67,Thursday,18,0
SRV-029,26-02-2026 19:30,Web,Linux,62.84,57.53,75.75,88.88,1491.91,1008.06,31.18,348.56,434,7146,7,309,420.07,57.21,Thursday,19,0
SRV-012,26-02-2026 20:30,API,Linux,47.33,63.83,35.18,27.16,1384.36,1141.77,22.57,319.87,848,7176,16,252,1463.15,47.13,Thursday,20,0
SRV-065,26-02-2026 21:00,Application,Linux,66.05,36.93,30.33,73.28,1327.13,1039.06,25.92,269.21,588,6940,6,286,1200.38,56.51,Thursday,21,0
SRV-033,26-02-2026 22:30,Database,Linux,73.41,69.59,24.7,74.27,1321.8,1106.68,27.37,368.54,747,7371,6,361,457.56,57.58,Thursday,22,0
SRV-037,26-02-2026 22:30,Web,Windows Server,50.7,78.32,42.84,36.43,1457.66,1083.18,29.1,349.42,629,7153,11,286,921.37,44.11,Thursday,22,0
SRV-070,26-02-2026 23:00,Database,Windows Server,75.73,58.66,60.17,66.39,1356.71,1169.01,29.37,374.33,489,7612,11,284,433.22,64.89,Thursday,23,0
SRV-046,26-02-2026 23:00,File,Linux,71.48,50.82,71.27,66.85,1062.76,901.12,8.65,276.3,676,5835,9,282,344.89,54.92,Thursday,23,0
SRV-011,26-02-2026 23:00,Database,Linux,62.19,46.13,52.12,64.03,1410.46,1096.27,21.2,292.04,609,7433,14,172,869.87,52.37,Thursday,23,0
SRV-020,26-02-2026 23:30,Application,Linux,69.13,62.96,44.03,64.79,1376.94,938.28,27.04,277.09,843,6847,11,241,877.8,53.58,Thursday,23,0
SRV-089,26-02-2026 23:30,Web,Windows Server,71.37,78.38,47.47,59.34,1361.42,1018.41,19.27,274.76,483,6985,13,266,761.55,59.19,Thursday,23,0
SRV-078,27-02-2026 02:30,Application,Windows Server,60.15,58.22,57.2,65.36,1210.1,1025.98,28.16,261.78,678,6890,10,318,934.6,54.72,Friday,2,0
SRV-039,27-02-2026 02:30,Web,Windows Server,62.73,56.66,65.07,46.07,1323.66,1056.69,12.79,302.16,558,7043,8,301,813.19,53.96,Friday,2,0
SRV-015,27-02-2026 03:30,Database,Linux,48.81,80.36,32.07,68.14,1380.99,1033.43,23.53,224.81,733,7330,13,273,721.33,57.42,Friday,3,0
SRV-030,27-02-2026 03:30,Application,Linux,42.18,47.78,54.74,63.41,1274.54,990.72,24.47,291.14,970,6869,6,262,333.25,48.52,Friday,3,0
SRV-034,27-02-2026 05:30,Database,Linux,64.83,58.38,44.73,74.18,1575.58,1174.85,21.78,231.17,764,7571,10,244,569.66,55.24,Friday,5,0
SRV-064,27-02-2026 05:30,File,Linux,66.64,58.58,66.02,37.67,1162.52,843.3,15.72,271.21,99,5904,13,256,569.37,50.82,Friday,5,0
SRV-025,27-02-2026 06:00,File,Linux,40.82,44.28,54.61,9.66,1202.83,867.69,21.75,197.4,588,5853,3,181,792.28,40.48,Friday,6,0
SRV-034,27-02-2026 06:30,Database,Linux,55.87,56.59,51.85,61.13,1372.14,1027.27,33.27,193.13,726,7372,2,255,436.22,51.6,Friday,6,0
SRV-017,27-02-2026 07:00,Application,Windows Server,59.54,54.77,48.45,76.63,1217.26,1033.42,23.94,318.05,444,6906,6,270,816.73,50.97,Friday,7,0
SRV-089,27-02-2026 07:30,Web,Windows Server,62.37,50.58,56.15,65.84,1327.04,1090.36,23.81,240.83,588,7077,5,288,552.05,56.54,Friday,7,0
SRV-054,27-02-2026 07:30,Application,Linux,71.07,59.63,58.43,73.07,1385.16,998.95,26.99,283.19,569,6878,8,295,548.83,54.69,Friday,7,0
SRV-073,27-02-2026 09:00,API,Linux,81.6,66.95,64.75,76.39,2068.01,1547.24,27.79,316.41,1130,10910,14,363,645.78,60.25,Friday,9,0
SRV-052,27-02-2026 09:30,Web,Windows Server,84.25,68.19,52.49,99.0,2056.61,1562.9,31.13,380.33,1055,10353,13,321,833.94,61.89,Friday,9,0
SRV-087,27-02-2026 11:00,Application,Linux,57.68,91.4,60.27,68.03,1944.94,1594.11,23.75,299.35,928,9966,9,291,662.99,59.42,Friday,11,0
SRV-054,27-02-2026 11:30,Application,Linux,65.76,76.06,39.68,52.35,1974.21,1462.76,25.59,324.46,1105,9999,11,287,472.93,52.92,Friday,11,0
SRV-012,27-02-2026 12:00,API,Linux,66.44,73.1,57.04,69.32,2061.26,1592.69,21.71,310.53,1145,10776,12,244,663.41,52.17,Friday,12,0
SRV-033,27-02-2026 12:30,Database,Linux,80.52,81.64,55.93,85.21,2210.36,1608.8,27.06,325.01,1041,10869,13,352,599.34,64.73,Friday,12,0
SRV-100,27-02-2026 13:00,API,Linux,68.92,81.88,54.46,60.77,2164.19,1561.85,18.12,335.86,946,10756,11,291,723.34,58.75,Friday,13,0
SRV-075,27-02-2026 13:30,Web,Linux,68.19,65.1,69.02,54.67,1987.61,1520.16,31.01,310.77,946,10274,8,302,958.68,51.85,Friday,13,0
SRV-060,27-02-2026 14:00,Web,Windows Server,88.09,63.48,46.28,68.42,2039.79,1459.12,29.37,293.34,866,10502,13,330,563.26,63.96,Friday,14,0
SRV-085,27-02-2026 14:00,Web,Windows Server,63.98,81.65,27.99,60.44,1996.54,1581.91,31.24,302.16,1225,10459,14,293,308.85,63.4,Friday,14,0
SRV-065,27-02-2026 14:00,Application,Linux,88.49,76.28,49.58,79.01,1956.45,1477.79,32.03,360.28,964,10026,15,310,608.98,66.96,Friday,14,0
SRV-089,27-02-2026 17:00,Web,Windows Server,92.92,92.34,31.88,72.93,2038.35,1512.38,32.71,364.34,877,10344,14,341,502.49,65.63,Friday,17,1
SRV-058,27-02-2026 17:30,Application,Windows Server,85.19,90.33,44.57,83.15,2007.11,1501.63,24.5,399.36,800,10083,22,312,784.12,70.69,Friday,17,1
SRV-032,27-02-2026 18:00,API,Windows Server,87.2,73.24,53.36,72.83,2045.39,1488.36,33.15,326.16,884,10606,12,333,1180.56,64.42,Friday,18,0
SRV-048,27-02-2026 19:30,Web,Linux,66.52,64.01,53.61,43.87,1455.33,1006.28,25.69,275.33,570,7031,11,260,593.59,54.18,Friday,19,0
SRV-056,27-02-2026 20:00,File,Windows Server,56.23,43.91,67.26,77.12,1200.25,827.58,22.29,272.7,365,5925,11,242,549.16,54.08,Friday,20,0
SRV-007,27-02-2026 20:00,File,Linux,74.33,47.99,42.63,47.65,1140.84,845.69,15.67,299.19,478,5954,4,268,417.99,57.1,Friday,20,0
SRV-064,27-02-2026 22:30,File,Linux,49.52,71.51,46.47,49.89,1184.41,888.77,16.67,225.58,559,5898,8,228,1011.21,52.25,Friday,22,0
SRV-065,28-02-2026 00:00,Application,Linux,69.68,53.25,42.45,40.51,965.23,896.59,25.57,211.61,601,5608,9,236,1007.12,58.68,Saturday,0,0
SRV-028,28-02-2026 00:30,Web,Linux,42.2,58.75,48.07,38.94,1006.39,808.13,16.26,198.43,557,5815,6,229,1076.19,53.31,Saturday,0,0
SRV-013,28-02-2026 01:00,Application,Linux,38.96,58.04,46.9,50.4,1051.23,819.92,30.11,238.52,616,5733,9,206,1143.71,47.54,Saturday,1,0
SRV-058,28-02-2026 01:30,Application,Windows Server,76.35,51.27,69.44,67.85,999.42,686.89,24.38,310.65,483,5582,10,258,1267.2,60.79,Saturday,1,0
SRV-085,28-02-2026 01:30,Web,Windows Server,37.92,79.57,36.24,21.39,1220.52,866.57,24.57,284.33,530,5852,10,210,966.5,45.46,Saturday,1,0
SRV-072,28-02-2026 02:30,Database,Linux,52.93,42.15,52.33,60.46,1212.67,909.82,27.18,221.31,415,6092,8,256,825.49,56.375,Saturday,2,0
SRV-053,28-02-2026 03:30,File,Linux,83.59,39.95,40.08,74.62,929.38,681.48,21.06,344.8,420,5019,12,287,1031.54,69.66,Saturday,3,0
SRV-069,28-02-2026 04:00,Web,Linux,72.96,56.08,32.66,27.37,1181.4,853.12,26.43,253.45,664,5941,8,248,1999.49,53.26,Saturday,4,0
SRV-013,28-02-2026 04:30,Application,Linux,67.45,46.26,47.47,39.38,1145.44,853.68,18.87,274.63,226,5678,9,258,526.21,54.12,Saturday,4,0
SRV-058,28-02-2026 04:30,Application,Windows Server,48.78,47.95,75.66,38.1,1033.37,877.53,22.96,182.88,640,5553,3,205,1312.39,47.96,Saturday,4,0
SRV-026,28-02-2026 05:00,Web,Linux,57.75,54.42,76.34,55.84,1204.79,746.93,21.26,273.92,379,5819,10,247,301.59,53.9,Saturday,5,0
SRV-072,28-02-2026 06:00,Database,Linux,80.63,66.1,60.93,62.92,1102.41,900.72,29.41,289.41,511,5993,17,255,346.61,57.37,Saturday,6,0
SRV-047,28-02-2026 06:30,Database,Linux,59.3,66.41,63.11,38.35,1223.87,902.49,26.3,264.43,710,6005,10,239,945.59,45.65,Saturday,6,0
SRV-037,28-02-2026 06:30,Web,Windows Server,66.23,53.61,48.37,64.97,1191.11,851.08,21.16,273.89,496,5848,10,270,416.65,59.44,Saturday,6,0
SRV-041,28-02-2026 07:00,Database,Linux,70.79,46.87,70.92,64.55,1126.6,983.6,30.02,297.71,679,5978,7,288,578.54,63.7,Saturday,7,0
SRV-042,28-02-2026 07:00,File,Linux,38.39,41.05,38.59,41.7,977.88,767.14,27.84,231.01,492,5015,4,209,436.33,49.04,Saturday,7,0
SRV-091,28-02-2026 07:00,Web,Windows Server,46.72,80.37,63.55,39.43,1207.16,873.7,21.02,272.05,444,5928,12,164,883.46,49.62,Saturday,7,0
SRV-083,28-02-2026 08:00,File,Linux,53.84,45.21,57.23,50.03,946.32,689.39,25.52,304.17,691,4993,6,258,708.39,51.99,Saturday,8,0
SRV-100,28-02-2026 08:00,API,Linux,78.74,60.88,61.43,58.16,1055.52,920.93,27.54,349.35,428,5846,14,321,916.1,58.76,Saturday,8,0
SRV-086,28-02-2026 08:00,Web,Windows Server,38.36,68.85,53.95,28.61,1087.46,889.36,20.86,296.38,661,5780,8,183,264.92,42.2,Saturday,8,0
SRV-013,28-02-2026 08:00,Application,Linux,56.71,52.65,59.69,50.72,1109.11,725.84,20.53,327.59,642,5726,11,229,881.63,50.28,Saturday,8,0
SRV-085,28-02-2026 10:00,Web,Windows Server,76.63,55.1,54.24,72.88,1655.75,1247.65,21.2,312.8,576,8325,16,268,1312.0,60.81,Saturday,10,0
SRV-052,28-02-2026 11:30,Web,Windows Server,69.71,63.41,39.75,73.67,1598.47,1249.76,28.38,359.65,751,8250,10,362,1196.27,61.96,Saturday,11,0
SRV-002,28-02-2026 11:30,Database,Windows Server,83.14,67.2,45.73,84.4,1716.74,1244.69,16.69,309.47,698,8594,10,288,940.15,66.61,Saturday,11,0
SRV-030,28-02-2026 12:00,Application,Linux,49.66,60.43,76.3,76.73,1532.62,1184.19,16.52,269.49,709,7912,8,149,976.1,50.73,Saturday,12,0
SRV-069,28-02-2026 12:00,Web,Linux,79.66,65.08,42.92,61.72,1555.96,1178.98,20.87,300.17,742,7983,7,266,840.61,57.79,Saturday,12,0
SRV-079,28-02-2026 13:30,Application,Windows Server,63.03,61.73,41.16,57.68,1565.03,1159.48,15.11,314.6,475,8046,11,280,505.88,51.25,Saturday,13,0
SRV-078,28-02-2026 14:30,Application,Windows Server,67.28,60.96,51.68,50.66,1512.64,1257.97,17.75,306.63,875,7837,8,231,1327.32,56.32,Saturday,14,0
SRV-049,28-02-2026 15:00,Application,Linux,65.86,69.24,45.65,45.41,1547.78,1141.86,30.82,290.26,854,8047,10,292,1474.66,48.88,Saturday,15,0
SRV-094,28-02-2026 15:30,Database,Windows Server,68.26,68.21,73.19,64.88,1817.61,1195.54,22.98,317.4,890,8662,15,247,417.28,53.26,Saturday,15,0
SRV-053,28-02-2026 15:30,File,Linux,33.29,52.78,60.25,72.83,1295.95,995.71,16.87,197.68,609,6678,2,229,769.62,49.95,Saturday,15,0
SRV-029,28-02-2026 16:00,Web,Linux,57.32,56.98,64.64,74.0,1581.01,1284.31,22.14,260.33,647,8091,11,241,548.05,52.5,Saturday,16,0
SRV-099,28-02-2026 17:00,Web,Linux,79.56,76.15,62.28,52.09,1553.75,1218.65,24.04,381.6,985,8135,8,329,698.28,59.65,Saturday,17,0
SRV-066,28-02-2026 18:30,Application,Linux,60.35,61.12,71.98,60.62,1092.34,859.85,20.2,242.89,525,5731,8,290,712.08,57.07,Saturday,18,0
SRV-040,28-02-2026 18:30,Application,Linux,64.23,66.23,73.46,50.85,1072.22,811.66,21.88,338.05,331,5716,8,265,422.02,53.59,Saturday,18,0
SRV-071,28-02-2026 19:30,Web,Linux,56.95,40.98,49.83,46.5,1138.92,852.93,25.38,250.38,487,5782,4,280,834.41,52.8,Saturday,19,0
SRV-055,28-02-2026 20:00,Application,Linux,63.87,61.54,40.83,51.5,1041.43,792.33,20.27,248.89,530,5464,5,286,980.87,56.88,Saturday,20,0
SRV-100,28-02-2026 23:30,API,Linux,73.05,45.37,64.8,46.99,962.71,922.76,18.17,230.61,417,5973,12,270,673.18,52.89,Saturday,23,0
SRV-002,01-03-2026 00:30,Database,Windows Server,44.69,63.26,55.6,43.39,1201.88,869.03,14.62,304.87,475,6010,16,209,606.98,48.27,Sunday,0,0
SRV-044,01-03-2026 01:00,Database,Linux,74.82,71.37,65.49,40.79,1237.52,896.24,33.56,360.47,605,6107,19,323,1092.83,56.44,Sunday,1,0
SRV-073,01-03-2026 03:00,API,Linux,54.85,41.18,52.73,34.08,1186.63,740.47,26.12,240.25,650,5880,4,182,362.9,51.26,Sunday,3,0
SRV-041,01-03-2026 04:00,Database,Linux,70.6,57.39,49.29,71.57,1244.73,869.06,15.18,319.86,376,6070,3,251,1163.45,50.28,Sunday,4,0
SRV-058,01-03-2026 05:00,Application,Windows Server,53.43,61.28,55.16,62.22,1144.93,855.32,23.62,288.06,637,5732,11,296,520.69,41.98,Sunday,5,0
SRV-013,01-03-2026 06:00,Application,Linux,56.59,59.24,80.14,47.22,1138.11,773.71,18.06,302.32,549,5717,13,255,573.71,47.59,Sunday,6,0
SRV-043,01-03-2026 06:30,Application,Windows Server,47.82,66.68,68.59,37.46,1146.32,852.94,19.31,337.02,770,5647,13,304,293.24,46.03,Sunday,6,0
SRV-057,01-03-2026 08:00,Database,Linux,57.27,59.26,63.29,40.78,1213.92,927.03,18.03,276.93,497,6165,9,218,1234.53,56.05,Sunday,8,0
SRV-065,01-03-2026 09:00,Application,Linux,68.88,47.67,47.8,54.22,1520.03,1197.46,17.02,328.55,822,7810,10,227,1178.38,55.46,Sunday,9,0
SRV-088,01-03-2026 09:00,Database,Linux,67.11,64.7,66.2,73.43,1704.67,1266.6,21.57,314.1,741,8681,14,277,447.28,57.64,Sunday,9,0
SRV-095,01-03-2026 12:00,Database,Linux,72.21,82.13,55.2,62.23,1660.48,1307.58,24.12,352.91,741,8559,16,248,645.4,60.24,Sunday,12,0
SRV-039,01-03-2026 12:00,Web,Windows Server,75.33,71.2,52.7,67.77,1561.96,1158.2,26.74,398.62,841,8016,15,282,950.16,61.65,Sunday,12,0
SRV-092,01-03-2026 12:30,Application,Linux,74.63,50.86,62.93,63.97,1516.44,1083.25,32.06,375.88,820,7879,13,305,182.67,56.96,Sunday,12,0
SRV-048,01-03-2026 13:30,Web,Linux,82.83,57.67,36.65,74.73,1593.24,1263.27,12.22,213.08,688,8085,6,317,430.57,60.1,Sunday,13,0
SRV-087,01-03-2026 13:30,Application,Linux,69.8,68.12,64.08,74.98,1496.78,1102.23,20.8,272.64,758,8021,11,317,709.11,58.04,Sunday,13,0
SRV-036,01-03-2026 14:30,Web,Linux,71.63,43.56,50.8,58.54,1513.89,1214.4,24.8,287.91,690,8140,7,193,491.28,52.07,Sunday,14,0
SRV-037,01-03-2026 15:30,Web,Windows Server,75.77,64.27,76.56,54.91,1755.55,1225.67,18.84,262.85,596,8411,8,267,536.01,57.86,Sunday,15,0
SRV-020,01-03-2026 15:30,Application,Linux,82.51,49.85,61.45,60.27,1458.1,1161.61,20.57,313.38,905,7902,17,258,1635.96,62.45,Sunday,15,0
SRV-056,01-03-2026 16:30,File,Windows Server,99.0,52.65,39.03,97.42,1415.48,934.27,23.05,414.2,482,6541,16,388,338.74,69.82,Sunday,16,1
SRV-012,01-03-2026 17:00,API,Linux,73.45,63.12,36.77,65.4,1660.37,1284.63,23.64,261.46,488,8301,7,255,386.27,62.48,Sunday,17,0
SRV-002,01-03-2026 17:30,Database,Windows Server,92.74,66.16,43.83,85.71,1617.67,1238.59,26.19,382.51,694,8726,13,301,1923.62,67.35,Sunday,17,0
SRV-025,01-03-2026 18:30,File,Linux,43.18,64.01,53.94,25.89,950.07,704.94,25.0,284.33,559,4949,8,198,558.31,49.43,Sunday,18,0
SRV-091,01-03-2026 18:30,Web,Windows Server,47.7,66.9,43.99,38.88,1167.14,806.93,22.65,277.61,480,5939,4,313,431.63,48.98,Sunday,18,0
SRV-074,01-03-2026 19:30,Web,Windows Server,71.33,49.61,58.9,41.27,1055.76,842.7,20.83,312.44,572,5865,11,261,918.61,47.2,Sunday,19,0
SRV-096,01-03-2026 20:00,Application,Linux,45.1,60.98,53.07,45.73,1138.69,859.63,19.82,299.48,670,5728,10,221,967.55,48.42,Sunday,20,0
SRV-033,01-03-2026 21:30,Database,Linux,50.35,67.3,62.78,31.43,1213.06,897.9,16.14,291.66,669,5978,15,224,332.08,49.43,Sunday,21,0
SRV-066,01-03-2026 21:30,Application,Linux,59.18,48.54,72.76,41.82,1109.71,805.42,21.12,264.1,603,5750,6,204,1265.78,60.34,Sunday,21,0
SRV-055,01-03-2026 22:30,Application,Linux,48.31,57.65,50.82,59.13,1177.19,779.68,15.66,221.12,199,5647,4,260,1141.45,57.14,Sunday,22,0
SRV-099,01-03-2026 22:30,Web,Linux,89.94,53.03,40.97,31.57,1023.32,866.79,20.75,341.05,492,5854,7,340,720.04,64.57,Sunday,22,0
SRV-030,01-03-2026 22:30,Application,Linux,65.3,41.19,59.06,34.27,1088.16,858.33,22.7,314.97,582,5720,11,187,672.06,55.56,Sunday,22,0
SRV-061,01-03-2026 23:00,Application,Linux,48.04,57.88,69.89,49.24,1130.0,872.6,30.49,303.26,947,5740,6,209,1094.51,50.87,Sunday,23,0
SRV-087,01-03-2026 23:30,Application,Linux,68.67,51.97,60.29,65.43,1020.51,884.71,33.91,276.83,548,5607,8,303,860.86,57.42,Sunday,23,0
SRV-013,01-03-2026 23:30,Application,Linux,58.22,56.35,80.58,38.31,1155.13,731.86,18.29,251.34,413,5847,8,191,945.48,47.15,Sunday,23,0
SRV-035,02-03-2026 01:00,Database,Linux,68.97,65.53,34.95,65.05,1421.4,1058.02,29.22,380.09,811,7356,15,261,973.21,60.16,Monday,1,0
SRV-039,02-03-2026 01:00,Web,Windows Server,81.13,76.34,78.9,59.45,1284.94,992.02,24.63,298.26,794,7063,18,313,1293.81,55.07,Monday,1,0
SRV-047,02-03-2026 01:00,Database,Linux,69.06,72.84,42.27,48.09,1532.62,1097.83,18.64,325.29,618,7502,14,312,1168.52,56.96,Monday,1,0
SRV-043,02-03-2026 03:00,Application,Windows Server,56.05,49.31,62.93,42.28,1366.08,1052.67,22.25,218.1,662,6836,11,240,668.98,49.92,Monday,3,0
SRV-049,02-03-2026 03:30,Application,Linux,61.83,67.73,62.98,32.09,1232.63,896.87,28.27,343.16,615,6896,8,235,402.36,53.47,Monday,3,0
SRV-083,02-03-2026 05:30,File,Linux,67.07,62.6,69.54,56.0,1211.66,916.85,20.42,258.56,447,5821,5,212,522.95,57.87,Monday,5,0
SRV-039,02-03-2026 05:30,Web,Windows Server,50.2,68.81,36.43,46.55,1343.67,982.85,18.95,278.21,801,7085,5,226,564.07,48.94,Monday,5,0
SRV-069,02-03-2026 09:00,Web,Linux,96.03,78.04,43.59,83.94,2085.88,1588.19,31.24,331.52,945,10353,16,376,727.39,69.17,Monday,9,0
SRV-027,02-03-2026 10:30,Database,Linux,82.6,75.09,46.69,83.37,2134.88,1646.59,30.38,357.54,1036,11318,18,360,616.43,59.64,Monday,10,0
SRV-060,02-03-2026 11:00,Web,Windows Server,61.0,75.48,49.17,66.22,1960.67,1435.72,18.47,259.6,917,10338,9,346,644.91,55.9,Monday,11,0
SRV-023,02-03-2026 11:00,API,Linux,74.81,78.54,70.5,82.87,2191.16,1608.56,19.78,363.63,1090,10767,15,330,480.52,61.0,Monday,11,0
SRV-056,02-03-2026 11:30,File,Windows Server,63.83,68.95,61.34,39.72,1617.96,1155.13,19.29,280.73,603,8310,15,260,758.05,54.66,Monday,11,0
SRV-098,02-03-2026 12:00,Web,Windows Server,87.26,66.61,65.76,70.82,2066.65,1501.01,25.66,312.68,1062,10381,16,271,1202.52,64.77,Monday,12,0
SRV-072,02-03-2026 12:30,Database,Linux,76.64,50.22,76.03,74.88,2215.85,1659.85,24.34,292.81,1040,11203,12,334,598.52,56.56,Monday,12,0
SRV-087,02-03-2026 13:00,Application,Linux,77.78,81.78,79.24,99.0,1913.57,1459.71,27.83,331.17,911,9924,21,244,1745.9,62.52,Monday,13,0
SRV-017,02-03-2026 14:00,Application,Windows Server,75.51,70.76,57.94,58.09,1844.06,1529.22,32.65,377.17,1231,9918,18,298,889.85,62.26,Monday,14,0
SRV-018,02-03-2026 16:30,Web,Windows Server,91.15,89.11,56.6,81.8,2058.18,1500.6,19.29,317.73,1201,10404,12,336,444.15,66.61,Monday,16,0
SRV-078,02-03-2026 17:30,Application,Windows Server,67.49,78.44,57.8,45.11,1971.9,1411.31,24.08,295.13,936,10050,12,220,245.28,51.81,Monday,17,0
SRV-018,02-03-2026 19:00,Web,Windows Server,52.5,47.7,33.35,54.22,1340.18,1065.91,23.63,232.53,777,6942,4,241,227.61,51.87,Monday,19,0
SRV-019,02-03-2026 21:00,File,Linux,58.31,53.28,45.72,68.72,1110.89,874.71,13.81,215.59,529,5825,5,271,965.32,43.23,Monday,21,0
SRV-026,02-03-2026 22:00,Web,Linux,71.87,67.04,66.93,60.28,1302.9,1080.4,26.02,257.6,757,7222,7,297,648.52,57.1,Monday,22,0
SRV-025,02-03-2026 22:00,File,Linux,56.29,58.67,57.66,25.4,1054.12,835.48,15.85,272.59,742,5908,11,238,725.9,53.06,Monday,22,0
SRV-076,02-03-2026 22:30,Web,Linux,59.12,61.7,65.61,64.17,1344.53,1044.51,14.08,268.86,337,6991,10,338,734.87,56.64,Monday,22,0
SRV-062,02-03-2026 23:30,Database,Windows Server,61.8,55.32,59.92,50.9,1291.53,1056.39,32.69,199.55,753,7313,7,253,900.65,52.71,Monday,23,0
SRV-098,02-03-2026 23:30,Web,Windows Server,67.28,51.28,52.6,33.81,1398.44,1041.12,24.66,210.84,570,7117,9,236,450.39,51.25,Monday,23,0
SRV-091,03-03-2026 02:00,Web,Windows Server,53.12,56.39,53.81,45.55,1430.2,1139.35,26.03,254.55,735,7122,11,233,472.17,50.93,Tuesday,2,0
SRV-024,03-03-2026 04:00,API,Linux,74.23,70.61,54.6,52.58,1373.62,1096.5,30.75,260.57,858,7176,5,278,1018.44,59.87,Tuesday,4,0
SRV-026,03-03-2026 06:00,Web,Linux,70.49,60.07,70.62,66.12,1357.73,1005.32,20.82,302.56,765,7030,6,221,429.71,58.28,Tuesday,6,0
SRV-092,03-03-2026 07:00,Application,Linux,80.02,46.12,55.04,70.07,1390.85,1029.94,17.22,272.74,618,6828,7,220,1173.05,60.11,Tuesday,7,0
SRV-020,03-03-2026 07:00,Application,Linux,72.5,61.81,66.1,62.09,1335.45,1146.76,21.95,308.73,575,6841,12,286,535.77,55.08,Tuesday,7,0
SRV-035,03-03-2026 07:00,Database,Linux,58.19,76.88,54.0,44.84,1443.13,1134.84,22.53,263.44,760,7352,11,259,890.82,54.06,Tuesday,7,0
SRV-033,03-03-2026 08:00,Database,Linux,55.06,54.55,66.05,53.53,1524.04,949.47,15.75,263.82,671,7466,4,263,576.87,53.07,Tuesday,8,0
SRV-074,03-03-2026 11:00,Web,Windows Server,87.66,75.76,59.81,68.74,2048.69,1506.36,23.88,385.53,1261,10404,15,287,1267.98,58.02,Tuesday,11,0
SRV-017,03-03-2026 11:00,Application,Windows Server,72.36,64.93,40.27,73.38,1832.74,1432.18,30.7,320.56,1187,9865,18,277,1030.08,57.74,Tuesday,11,0
SRV-035,03-03-2026 11:00,Database,Linux,82.79,72.58,33.27,78.23,2125.8,1612.6,26.87,302.62,1252,11021,8,306,876.82,63.91,Tuesday,11,0
SRV-027,03-03-2026 11:00,Database,Linux,80.57,88.7,59.43,85.07,2098.88,1667.94,21.1,299.46,948,11060,14,216,404.02,62.49,Tuesday,11,0
SRV-032,03-03-2026 12:30,API,Windows Server,84.97,74.88,54.25,77.41,2293.25,1541.0,21.83,302.16,1145,10699,12,353,702.23,71.57,Tuesday,12,0
SRV-056,03-03-2026 12:30,File,Windows Server,52.39,80.07,15.91,63.92,1639.28,1302.26,24.5,295.9,849,8283,12,239,307.89,55.22,Tuesday,12,0
SRV-015,03-03-2026 13:00,Database,Linux,90.22,78.66,48.58,99.0,2210.27,1610.77,25.64,325.58,1078,11043,12,363,2066.93,63.36,Tuesday,13,0
SRV-002,03-03-2026 13:30,Database,Windows Server,95.12,65.03,80.38,94.27,2116.71,1670.55,33.49,365.49,1209,11052,13,329,962.06,60.27,Tuesday,13,0
SRV-043,03-03-2026 14:00,Application,Windows Server,73.92,63.3,71.21,69.11,1983.79,1499.39,20.58,307.72,1056,10141,13,304,485.81,66.0,Tuesday,14,0
SRV-001,03-03-2026 14:00,File,Windows Server,84.88,71.0,36.53,57.91,1570.83,1205.78,31.08,373.66,842,8259,11,289,378.18,58.81,Tuesday,14,0
SRV-053,03-03-2026 14:00,File,Linux,57.64,81.64,58.77,59.9,1530.54,1181.8,27.08,357.95,671,8347,19,231,584.8,48.38,Tuesday,14,0
SRV-065,03-03-2026 14:00,Application,Linux,75.85,69.89,58.75,72.81,1994.11,1452.19,24.5,320.25,893,9848,7,321,369.72,59.15,Tuesday,14,0
SRV-032,03-03-2026 14:30,API,Windows Server,95.28,87.62,62.63,73.28,2109.91,1628.8,30.02,355.03,974,10767,10,363,1163.76,66.08,Tuesday,14,0
SRV-038,03-03-2026 15:30,Database,Linux,99.0,75.66,60.94,77.34,2110.46,1614.41,30.12,351.52,985,11064,11,365,432.52,63.88,Tuesday,15,0
SRV-007,03-03-2026 17:30,File,Linux,63.42,60.64,64.62,43.06,1625.48,1173.63,19.67,300.41,703,8171,16,244,1453.16,49.7,Tuesday,17,0
SRV-051,03-03-2026 18:00,Web,Windows Server,76.97,71.61,55.26,78.86,1949.46,1394.7,29.69,321.8,1109,10417,13,303,769.17,57.89,Tuesday,18,0
SRV-073,03-03-2026 18:30,API,Linux,68.33,70.4,57.55,54.94,1387.45,1098.74,25.15,295.3,525,7363,15,254,649.97,59.22,Tuesday,18,0
SRV-083,03-03-2026 19:00,File,Linux,47.07,44.59,69.72,41.56,1132.96,765.38,17.64,300.98,505,5896,6,251,623.12,50.71,Tuesday,19,0
SRV-067,03-03-2026 19:30,Application,Windows Server,46.54,71.34,69.75,51.79,1286.88,989.13,20.91,317.31,490,6734,5,169,1282.29,51.36,Tuesday,19,0
SRV-058,03-03-2026 21:00,Application,Windows Server,78.07,45.69,69.88,64.24,1435.3,1108.26,24.99,303.87,620,6796,10,298,329.22,51.84,Tuesday,21,0
SRV-091,03-03-2026 21:00,Web,Windows Server,59.38,59.13,42.95,48.99,1350.62,1076.48,28.12,328.66,590,7021,10,219,1403.27,53.61,Tuesday,21,0
SRV-085,03-03-2026 22:30,Web,Windows Server,77.04,61.07,81.04,66.47,1405.05,922.03,27.32,250.17,358,7052,3,293,673.68,55.6,Tuesday,22,0
SRV-090,03-03-2026 23:00,Application,Linux,61.39,65.75,68.96,43.49,1246.21,966.44,30.72,298.17,781,6790,10,273,304.64,49.99,Tuesday,23,0
SRV-067,03-03-2026 23:00,Application,Windows Server,51.8,74.69,59.07,41.41,1327.48,922.09,24.3,308.76,669,6730,15,250,967.05,52.31,Tuesday,23,0
SRV-019,04-03-2026 00:00,File,Linux,74.01,70.5,52.57,38.28,1162.94,978.67,16.66,298.43,478,5746,11,286,671.41,59.54,Wednesday,0,0
SRV-022,04-03-2026 00:30,Database,Linux,70.01,55.34,65.28,54.03,1381.53,1094.8,30.68,297.74,902,7275,10,285,951.4,53.58,Wednesday,0,0
SRV-002,04-03-2026 01:00,Database,Windows Server,77.8,72.73,58.18,71.8,1447.12,1001.41,27.65,304.93,460,7543,10,326,1168.52,59.26,Wednesday,1,0
SRV-010,04-03-2026 03:00,Database,Windows Server,47.26,37.68,49.48,45.88,1357.39,1239.53,27.35,227.05,846,7377,1,188,437.62,50.99,Wednesday,3,0
SRV-041,04-03-2026 03:30,Database,Linux,61.19,63.67,77.91,60.59,1411.9,1127.47,21.64,284.8,814,7305,7,217,492.96,66.88,Wednesday,3,0
SRV-066,04-03-2026 04:30,Application,Linux,65.39,60.7,45.1,87.67,1251.15,1029.98,25.72,302.82,693,6905,13,275,642.22,58.52,Wednesday,4,0
SRV-056,04-03-2026 04:30,File,Windows Server,55.53,41.66,60.94,38.08,1177.8,832.66,25.79,243.0,573,5886,6,260,599.63,47.28,Wednesday,4,0
SRV-005,04-03-2026 05:00,Web,Windows Server,96.17,62.29,57.48,56.33,1297.03,1095.2,27.38,282.09,809,7164,15,282,1012.9,62.81,Wednesday,5,0
SRV-017,04-03-2026 05:30,Application,Windows Server,64.96,63.7,44.77,60.9,1298.05,1035.56,27.5,285.63,723,6717,12,228,819.34,49.06,Wednesday,5,0
SRV-086,04-03-2026 05:30,Web,Windows Server,55.36,66.08,65.65,62.34,1232.01,980.94,20.83,261.62,466,7110,5,277,950.2,51.66,Wednesday,5,0
SRV-028,04-03-2026 06:00,Web,Linux,52.63,67.65,75.38,48.03,1357.36,1029.79,18.76,264.22,609,6953,10,273,495.23,49.86,Wednesday,6,0
SRV-045,04-03-2026 07:00,File,Linux,55.78,52.91,40.67,48.29,1141.04,795.97,22.0,308.67,652,5954,12,342,797.05,47.2,Wednesday,7,0
SRV-016,04-03-2026 08:30,Web,Windows Server,67.62,58.15,48.75,47.95,1341.35,1084.2,23.51,344.01,796,7081,8,209,218.79,63.1,Wednesday,8,0
SRV-004,04-03-2026 08:30,Application,Windows Server,68.45,70.47,42.88,42.14,1336.27,1029.92,17.96,293.16,500,6968,12,255,446.09,56.87,Wednesday,8,0
SRV-012,04-03-2026 09:30,API,Linux,86.99,90.45,52.25,72.95,1986.21,1517.7,33.15,333.0,1037,10571,14,272,956.45,57.8,Wednesday,9,0
SRV-066,04-03-2026 10:00,Application,Linux,76.16,75.76,50.46,79.31,1996.59,1431.47,20.93,331.67,854,9907,9,307,469.73,58.89,Wednesday,10,0
SRV-052,04-03-2026 10:30,Web,Windows Server,84.18,71.11,48.19,92.14,1949.5,1536.46,39.01,377.78,1139,10190,12,355,447.07,68.38,Wednesday,10,0
SRV-034,04-03-2026 13:00,Database,Linux,97.09,88.12,53.5,93.63,2267.02,1564.32,34.16,365.98,1127,10946,20,300,680.15,63.42,Wednesday,13,1
SRV-011,04-03-2026 13:30,Database,Linux,83.95,63.56,50.5,83.86,2239.78,1637.7,19.99,358.87,1106,11187,14,359,693.8,66.2,Wednesday,13,0
SRV-053,04-03-2026 14:00,File,Linux,82.59,76.83,59.87,66.01,1568.29,1269.3,22.92,352.88,741,8190,6,335,715.57,67.3,Wednesday,14,0
SRV-076,04-03-2026 14:00,Web,Linux,79.96,78.99,44.36,88.42,1989.0,1540.72,28.93,330.66,1090,10254,17,356,449.19,59.92,Wednesday,14,0
SRV-027,04-03-2026 15:00,Database,Linux,82.27,93.85,47.31,80.07,2191.05,1554.27,33.2,374.75,998,11050,17,270,602.33,58.57,Wednesday,15,0
SRV-046,04-03-2026 15:00,File,Linux,75.24,54.88,59.84,63.07,1477.48,1217.87,31.72,291.11,586,8264,12,255,459.07,56.56,Wednesday,15,0
SRV-035,04-03-2026 15:30,Database,Linux,72.9,81.22,50.67,97.49,2078.71,1639.07,23.65,340.44,1029,10998,12,223,449.64,54.88,Wednesday,15,0
SRV-074,04-03-2026 15:30,Web,Windows Server,91.42,64.1,64.65,84.75,2001.24,1594.18,35.76,394.03,1306,10286,19,326,1050.38,61.86,Wednesday,15,0
SRV-011,04-03-2026 16:30,Database,Linux,79.59,59.77,37.13,76.63,2163.5,1633.3,32.82,324.02,1146,10996,6,294,1542.94,56.62,Wednesday,16,0
SRV-018,04-03-2026 17:30,Web,Windows Server,68.11,70.07,37.36,96.22,2092.88,1528.33,20.97,302.01,1081,10427,8,311,667.93,66.45,Wednesday,17,0
SRV-063,04-03-2026 19:30,Application,Linux,41.76,53.62,50.28,65.85,1330.8,1017.86,18.4,259.9,430,6754,8,234,1076.42,50.48,Wednesday,19,0
SRV-094,04-03-2026 20:00,Database,Windows Server,71.62,43.48,64.72,80.2,1490.91,1049.62,17.82,275.71,663,7455,6,273,643.49,55.65,Wednesday,20,0
SRV-017,04-03-2026 23:00,Application,Windows Server,69.11,40.51,55.11,78.4,1352.86,954.69,27.43,233.41,506,6925,4,320,777.49,53.48,Wednesday,23,0
SRV-040,04-03-2026 23:30,Application,Linux,70.21,47.64,49.43,42.21,1272.13,1086.88,27.81,249.32,531,6849,7,289,797.76,52.84,Wednesday,23,0
SRV-037,05-03-2026 02:30,Web,Windows Server,61.96,61.02,41.41,73.35,1438.96,973.7,33.12,278.72,894,7073,13,261,150.22,59.68,Thursday,2,0
SRV-031,05-03-2026 03:30,Application,Linux,64.05,49.91,56.89,33.31,1292.3,1072.69,20.27,262.62,642,6844,3,270,874.38,55.12,Thursday,3,0
SRV-046,05-03-2026 04:00,File,Linux,61.5,47.81,58.38,70.51,1185.43,839.42,19.12,276.4,678,5950,10,243,1106.92,56.18,Thursday,4,0
SRV-027,05-03-2026 05:30,Database,Linux,64.67,56.94,44.64,57.56,1434.11,1060.11,24.51,367.6,804,7452,11,302,265.94,52.12,Thursday,5,0
SRV-077,05-03-2026 06:30,Web,Linux,76.37,58.11,65.0,71.54,1320.44,1121.28,19.68,309.87,511,7038,8,261,1512.69,62.58,Thursday,6,0
SRV-013,05-03-2026 08:00,Application,Linux,59.77,76.3,60.16,57.28,1273.31,1045.42,18.75,323.67,647,6901,12,307,1589.72,56.62,Thursday,8,0
SRV-075,05-03-2026 08:30,Web,Linux,67.63,63.49,70.52,47.72,1258.13,1044.98,22.23,284.47,629,7125,11,296,650.99,54.04,Thursday,8,0
SRV-099,05-03-2026 09:30,Web,Linux,59.64,75.03,59.34,65.57,2087.93,1539.57,25.98,265.45,875,10368,2,212,957.19,47.37,Thursday,9,0
SRV-009,05-03-2026 09:30,Web,Linux,86.91,63.18,65.4,79.13,1983.47,1477.83,33.29,313.88,1081,10418,7,373,982.96,63.9,Thursday,9,0
SRV-070,05-03-2026 09:30,Database,Windows Server,90.47,76.31,56.81,77.47,2081.41,1672.04,27.01,348.72,722,11064,11,291,739.79,71.45,Thursday,9,0
SRV-042,05-03-2026 10:30,File,Linux,75.7,69.73,66.11,69.72,1604.68,1181.4,28.31,335.51,573,8364,10,296,828.17,59.88,Thursday,10,0
SRV-057,05-03-2026 14:00,Database,Linux,89.56,82.57,58.11,55.99,2103.22,1612.36,30.93,352.73,1122,11037,16,331,557.14,59.96,Thursday,14,0
SRV-025,05-03-2026 14:30,File,Linux,82.1,77.68,52.47,80.43,1609.27,1235.06,29.35,316.99,842,8149,8,301,569.29,63.77,Thursday,14,0
SRV-100,05-03-2026 15:30,API,Linux,91.98,94.19,49.88,72.9,2063.58,1623.09,30.68,334.11,1130,10760,7,337,885.23,63.56,Thursday,15,0
SRV-097,05-03-2026 18:30,Database,Linux,66.96,57.68,40.61,56.29,1303.9,1096.11,24.05,171.67,635,7400,10,260,1132.6,51.57,Thursday,18,0
SRV-059,05-03-2026 20:00,Web,Windows Server,58.8,60.44,65.12,54.41,1377.69,1032.06,25.42,257.08,592,7037,8,233,479.98,52.76,Thursday,20,0
SRV-022,05-03-2026 20:00,Database,Linux,54.72,60.46,61.35,76.62,1473.15,1144.74,24.63,276.46,622,7445,7,230,647.18,51.18,Thursday,20,0
SRV-009,05-03-2026 20:30,Web,Linux,69.46,64.94,70.83,65.26,1271.27,1065.05,17.71,286.63,500,6817,8,211,765.78,53.88,Thursday,20,0
SRV-082,05-03-2026 22:00,Database,Windows Server,80.9,61.99,70.8,40.24,1482.01,1099.87,29.61,328.75,596,7325,13,266,904.35,62.9,Thursday,22,0
SRV-096,05-03-2026 22:00,Application,Linux,80.27,55.53,58.25,69.64,1219.5,956.55,22.82,335.01,725,6857,17,357,1259.04,51.67,Thursday,22,0
SRV-081,05-03-2026 22:30,Application,Windows Server,57.69,55.08,77.6,79.46,1308.78,955.07,24.02,304.21,512,6800,6,243,947.65,56.74,Thursday,22,0
SRV-068,06-03-2026 01:00,Database,Windows Server,64.7,60.9,62.73,77.11,1317.33,1036.42,28.1,441.13,612,7338,9,357,853.89,52.41,Friday,1,0
SRV-075,06-03-2026 02:30,Web,Linux,61.76,37.52,84.2,45.6,1327.93,994.5,22.48,217.3,494,7119,7,274,693.03,57.23,Friday,2,0
SRV-058,06-03-2026 02:30,Application,Windows Server,61.62,57.93,63.79,39.77,1276.96,982.51,18.74,279.38,531,6793,8,298,669.28,51.61,Friday,2,0
SRV-092,06-03-2026 03:00,Application,Linux,67.83,78.81,61.96,37.33,1297.11,938.46,16.66,280.89,629,7003,10,243,1315.08,52.69,Friday,3,0
SRV-040,06-03-2026 04:30,Application,Linux,68.54,44.04,75.75,62.41,1324.12,951.83,21.27,312.04,745,6883,10,287,1127.3,47.41,Friday,4,0
SRV-057,06-03-2026 05:00,Database,Linux,63.97,71.51,64.8,64.88,1436.6,1026.69,23.8,383.21,687,7338,5,285,820.67,52.39,Friday,5,0
SRV-013,06-03-2026 06:00,Application,Linux,57.92,44.74,63.5,37.5,1279.03,1005.17,24.5,211.45,667,6953,4,291,547.62,48.58,Friday,6,0
SRV-067,06-03-2026 07:00,Application,Windows Server,60.89,52.38,62.79,37.47,1322.55,946.01,19.99,312.65,316,6825,8,300,1173.14,51.17,Friday,7,0
SRV-040,06-03-2026 07:00,Application,Linux,83.9,44.36,74.67,69.88,1378.03,1029.83,24.3,317.9,558,6807,8,312,307.64,58.82,Friday,7,0
SRV-093,06-03-2026 07:30,Database,Linux,60.96,82.09,76.38,50.45,1369.21,1105.48,20.19,323.65,693,7273,15,235,489.48,55.39,Friday,7,0
SRV-080,06-03-2026 07:30,File,Windows Server,47.41,53.09,60.75,55.54,1244.55,771.83,22.55,314.12,757,5932,7,277,1705.19,46.84,Friday,7,0
SRV-066,06-03-2026 07:30,Application,Linux,70.43,56.4,68.66,60.89,1341.26,889.0,32.69,329.95,622,6778,11,225,505.91,59.57,Friday,7,0
SRV-058,06-03-2026 08:00,Application,Windows Server,50.44,73.83,70.43,62.37,1341.69,1015.6,22.36,318.39,563,6873,9,200,312.41,56.375,Friday,8,0
SRV-099,06-03-2026 08:00,Web,Linux,70.11,66.11,53.58,83.12,1388.21,1071.55,19.79,319.99,626,7150,10,248,1185.96,58.71,Friday,8,0
SRV-047,06-03-2026 11:30,Database,Linux,76.6,86.96,26.77,78.03,2187.44,1710.89,24.76,375.67,1078,11055,15,306,943.02,55.24,Friday,11,0
SRV-038,06-03-2026 12:00,Database,Linux,87.63,89.52,42.41,78.9,2163.67,1634.86,23.88,401.65,1183,11151,16,271,832.23,60.59,Friday,12,0
SRV-039,06-03-2026 13:00,Web,Windows Server,93.22,76.15,77.3,89.29,2035.36,1550.82,32.33,417.55,934,10448,13,298,1194.82,68.39,Friday,13,1
SRV-095,06-03-2026 14:00,Database,Linux,69.26,77.9,53.88,80.27,2124.35,1663.1,24.68,256.22,910,11024,6,269,947.72,57.86,Friday,14,0
SRV-014,06-03-2026 14:30,File,Linux,71.73,60.36,49.59,57.87,1676.65,1275.62,19.88,296.47,739,8169,9,306,1215.29,50.46,Friday,14,0
SRV-097,06-03-2026 15:00,Database,Linux,79.34,90.71,53.6,88.31,2082.04,1629.53,27.14,380.66,1209,11058,16,264,1071.05,64.19,Friday,15,1
SRV-012,06-03-2026 15:00,API,Linux,77.03,79.67,47.67,96.25,2125.2,1589.32,29.57,395.86,705,10723,14,313,1409.7,58.24,Friday,15,0
SRV-010,06-03-2026 16:30,Database,Windows Server,63.86,62.01,54.62,56.63,2125.67,1674.74,25.38,311.83,1198,11133,14,259,1119.22,59.6,Friday,16,0
SRV-076,06-03-2026 17:00,Web,Linux,74.98,90.66,58.7,80.4,2033.61,1490.23,20.46,314.06,980,10429,17,262,783.13,54.65,Friday,17,0
SRV-085,06-03-2026 19:30,Web,Windows Server,59.04,74.48,62.41,52.29,1226.08,1066.45,26.16,286.97,547,6920,9,279,1032.51,52.1,Friday,19,0
SRV-064,06-03-2026 20:00,File,Linux,69.46,67.56,68.95,55.4,1165.51,850.09,15.11,281.44,261,5943,9,226,1440.97,62.84,Friday,20,0
SRV-032,07-03-2026 00:30,API,Windows Server,52.03,51.08,63.66,70.01,1132.27,862.65,21.32,349.68,637,6047,7,245,801.35,53.75,Saturday,0,0
SRV-073,07-03-2026 02:30,API,Linux,66.64,79.79,60.03,57.46,1121.83,901.07,29.92,337.76,571,5986,14,289,780.3,59.86,Saturday,2,0
SRV-005,07-03-2026 03:00,Web,Windows Server,76.96,57.37,78.42,55.66,1043.04,849.63,22.95,343.78,615,5801,12,253,960.63,53.77,Saturday,3,0
SRV-040,07-03-2026 03:30,Application,Linux,50.67,55.24,60.27,38.13,1101.56,797.24,14.05,161.3,457,5577,4,195,1014.46,43.1,Saturday,3,0
SRV-070,07-03-2026 03:30,Database,Windows Server,60.22,45.29,54.51,60.25,1247.22,893.79,27.45,267.89,519,6149,10,255,1108.0,54.98,Saturday,3,0
SRV-061,07-03-2026 06:00,Application,Linux,38.77,51.07,42.98,52.87,1111.98,865.52,23.98,200.41,833,5721,9,152,1599.58,46.05,Saturday,6,0
SRV-028,07-03-2026 07:30,Web,Linux,55.65,58.52,59.35,70.22,1127.36,865.37,22.07,268.86,525,5870,8,242,638.25,49.01,Saturday,7,0
SRV-019,07-03-2026 09:00,File,Linux,58.21,35.1,35.81,58.86,1207.76,937.42,14.1,257.45,605,6767,7,260,1536.56,49.24,Saturday,9,0
SRV-027,07-03-2026 13:00,Database,Linux,89.86,60.85,69.95,81.85,1708.28,1232.92,20.34,313.89,824,8652,5,330,574.74,62.96,Saturday,13,0
SRV-070,07-03-2026 18:30,Database,Windows Server,51.45,68.32,22.87,42.65,1271.83,863.23,18.64,265.56,628,6067,10,249,1401.33,50.29,Saturday,18,0
SRV-081,07-03-2026 20:00,Application,Windows Server,75.9,60.66,45.07,47.09,1234.83,871.64,15.09,286.97,531,5733,10,254,565.77,56.12,Saturday,20,0
SRV-059,07-03-2026 20:00,Web,Windows Server,66.72,52.49,49.95,56.59,1051.3,841.9,22.76,322.7,539,5785,9,292,1209.98,57.12,Saturday,20,0
SRV-038,07-03-2026 21:30,Database,Linux,72.82,60.1,55.69,57.19,1128.07,830.7,14.24,328.48,352,5991,14,266,763.49,57.62,Saturday,21,0
SRV-086,07-03-2026 22:00,Web,Windows Server,68.5,32.5,56.71,61.79,1145.0,888.83,13.51,296.74,457,5795,6,261,639.81,54.0,Saturday,22,0
SRV-042,07-03-2026 22:30,File,Linux,70.54,49.62,52.26,43.98,966.4,774.17,31.19,293.16,561,5034,11,207,615.57,57.6,Saturday,22,0
SRV-013,07-03-2026 22:30,Application,Linux,66.56,50.19,49.47,60.97,992.91,801.69,32.52,289.24,408,5622,6,248,400.51,56.75,Saturday,22,0
SRV-050,08-03-2026 00:00,Web,Linux,75.97,64.14,59.39,42.07,1119.24,866.0,27.53,302.16,538,5841,11,256,1351.14,55.22,Sunday,0,0
SRV-006,08-03-2026 02:00,API,Windows Server,64.63,58.21,52.19,59.67,1142.58,868.27,24.49,314.45,398,6015,9,254,844.85,59.75,Sunday,2,0
SRV-055,08-03-2026 02:00,Application,Linux,56.33,58.67,65.35,54.29,1147.03,904.46,23.3,255.81,217,5703,7,226,949.52,53.25,Sunday,2,0
SRV-023,08-03-2026 03:00,API,Linux,80.45,67.8,76.64,60.73,1221.03,943.12,30.35,263.02,348,5921,7,274,501.52,59.83,Sunday,3,0
SRV-014,08-03-2026 03:30,File,Linux,63.6,37.16,54.66,37.21,1018.57,730.38,22.04,260.48,466,5020,9,265,740.87,58.38,Sunday,3,0
SRV-023,08-03-2026 04:30,API,Linux,75.57,70.74,51.32,36.47,1231.38,861.07,22.99,338.19,529,6059,15,330,761.47,66.2,Sunday,4,0
SRV-077,08-03-2026 06:00,Web,Linux,60.74,60.72,62.46,48.49,1023.89,816.54,18.22,329.0,591,5804,15,259,677.87,47.69,Sunday,6,0
SRV-090,08-03-2026 07:30,Application,Linux,69.07,45.49,64.04,35.27,1122.81,776.4,21.86,301.92,572,5680,5,294,820.59,55.41,Sunday,7,0
SRV-064,08-03-2026 07:30,File,Linux,56.19,70.04,49.7,8.13,1012.54,638.08,16.54,302.35,388,4969,9,259,718.04,44.28,Sunday,7,0
SRV-073,08-03-2026 08:30,API,Linux,64.61,47.82,38.33,56.75,1175.84,879.87,31.64,264.88,766,5985,8,217,990.25,57.52,Sunday,8,0
SRV-029,08-03-2026 09:00,Web,Linux,70.92,67.26,74.15,76.13,1660.72,1221.06,15.46,286.96,703,8152,14,288,640.2,56.29,Sunday,9,0
SRV-032,08-03-2026 09:00,API,Windows Server,70.09,61.51,57.93,74.04,1634.27,1185.29,26.54,296.78,1008,8363,8,287,610.08,58.01,Sunday,9,0
SRV-091,08-03-2026 10:00,Web,Windows Server,87.35,51.28,64.18,72.44,1528.12,1157.93,21.22,310.41,832,8137,7,359,815.18,58.01,Sunday,10,0
SRV-018,08-03-2026 12:00,Web,Windows Server,74.95,47.55,50.86,82.02,1564.04,1196.35,16.15,312.03,729,8156,6,269,138.44,61.23,Sunday,12,0
SRV-021,08-03-2026 12:30,File,Linux,78.94,75.43,53.23,22.63,1412.52,992.54,24.76,321.22,945,6583,14,248,744.69,51.71,Sunday,12,0
SRV-089,08-03-2026 12:30,Web,Windows Server,65.07,84.86,53.33,87.89,1581.75,1229.7,22.85,329.61,641,8010,13,234,638.04,58.77,Sunday,12,0
SRV-089,08-03-2026 18:30,Web,Windows Server,55.51,60.06,56.78,47.06,945.34,788.09,27.51,270.09,585,5668,6,277,799.75,49.4,Sunday,18,0
SRV-022,08-03-2026 19:30,Database,Linux,58.37,53.21,60.38,44.94,1196.94,895.84,29.01,274.04,628,5992,12,271,902.14,48.77,Sunday,19,0
SRV-073,08-03-2026 19:30,API,Linux,76.11,59.72,65.92,48.66,1176.06,939.92,20.35,289.65,853,5985,13,292,655.48,62.16,Sunday,19,0
SRV-089,08-03-2026 20:30,Web,Windows Server,63.14,50.65,41.06,55.95,1212.11,765.57,23.35,265.22,324,5862,12,272,827.4,48.08,Sunday,20,0
SRV-039,08-03-2026 23:30,Web,Windows Server,57.9,64.18,49.64,43.97,1025.36,798.8,18.26,225.98,404,5804,2,171,1040.04,50.82,Sunday,23,0
SRV-070,09-03-2026 00:30,Database,Windows Server,86.34,63.79,45.59,65.94,1540.13,1058.02,25.63,298.33,594,7343,20,302,467.54,62.72,Monday,0,0
SRV-055,09-03-2026 00:30,Application,Linux,67.26,41.91,70.67,66.95,1357.43,1026.77,29.42,248.22,874,6972,8,275,1653.91,47.09,Monday,0,0
SRV-096,09-03-2026 00:30,Application,Linux,54.87,49.78,51.24,46.57,1299.42,924.81,30.14,242.14,597,6841,15,233,562.19,56.375,Monday,0,0
SRV-083,09-03-2026 01:00,File,Linux,45.78,53.76,55.9,53.29,1193.76,901.93,28.39,229.81,488,5775,4,173,872.03,53.86,Monday,1,0
SRV-100,09-03-2026 01:30,API,Linux,86.11,60.71,61.91,74.08,1341.06,1036.09,29.41,331.35,863,7187,7,370,618.89,68.93,Monday,1,0
SRV-010,09-03-2026 02:00,Database,Windows Server,63.74,62.32,34.8,64.02,1436.91,1074.25,25.45,259.51,646,7436,11,253,1008.11,60.26,Monday,2,0
SRV-002,09-03-2026 04:30,Database,Windows Server,83.34,70.49,57.06,72.92,1504.32,1092.31,23.97,312.23,650,7461,8,277,407.43,54.22,Monday,4,0
SRV-046,09-03-2026 05:30,File,Linux,67.93,58.42,64.36,31.8,1108.31,823.09,18.96,272.46,333,5886,5,278,977.5,51.11,Monday,5,0
SRV-009,09-03-2026 06:30,Web,Linux,65.27,54.83,45.87,63.35,1348.72,1065.82,21.37,213.62,584,6906,13,269,828.21,55.04,Monday,6,0
SRV-082,09-03-2026 07:30,Database,Windows Server,83.33,65.58,48.67,57.83,1409.7,1085.95,23.1,321.93,815,7329,5,315,958.1,58.21,Monday,7,0
SRV-093,09-03-2026 07:30,Database,Linux,74.26,60.48,61.23,47.26,1503.83,1084.29,22.17,298.16,569,7494,6,297,1579.16,55.48,Monday,7,0
SRV-064,09-03-2026 08:00,File,Linux,36.15,60.1,52.34,60.98,1119.44,871.24,19.78,209.72,554,5772,10,179,538.96,44.4,Monday,8,0
SRV-001,09-03-2026 08:30,File,Windows Server,49.22,66.55,63.39,64.92,1133.7,834.88,22.8,236.38,508,5940,6,217,1311.49,54.24,Monday,8,0
SRV-040,09-03-2026 09:00,Application,Linux,78.57,78.58,50.14,57.63,1844.61,1417.0,27.41,348.89,831,9925,14,249,1314.72,59.05,Monday,9,0
SRV-076,09-03-2026 10:00,Web,Linux,91.96,72.58,51.55,85.35,2065.71,1542.37,26.94,373.61,1014,10464,19,269,248.63,65.84,Monday,10,0
SRV-020,09-03-2026 11:00,Application,Linux,85.81,62.78,59.52,92.69,1946.2,1445.58,17.91,269.92,769,9992,6,399,425.08,68.8,Monday,11,0
SRV-072,09-03-2026 13:00,Database,Linux,88.07,71.92,69.28,86.61,2163.92,1628.18,34.78,367.64,1044,10927,14,432,448.21,64.01,Monday,13,0
SRV-039,09-03-2026 13:30,Web,Windows Server,91.67,69.98,61.72,80.34,1921.46,1514.01,24.06,348.49,877,10246,13,298,1263.26,65.75,Monday,13,0
SRV-019,09-03-2026 14:30,File,Linux,66.16,66.17,50.07,76.38,1576.93,1274.54,24.74,325.95,492,8190,8,189,449.28,57.31,Monday,14,0
SRV-065,09-03-2026 16:00,Application,Linux,67.42,70.41,54.29,90.99,2037.62,1488.87,35.36,328.62,1079,9989,5,209,912.29,62.96,Monday,16,0
SRV-092,09-03-2026 17:00,Application,Linux,85.13,80.45,39.7,89.9,1981.46,1423.03,32.08,321.59,1109,9955,9,292,875.35,66.82,Monday,17,0
SRV-036,09-03-2026 17:00,Web,Linux,99.0,79.66,65.36,95.82,2001.7,1499.82,32.71,350.27,974,10241,10,328,1070.61,66.7,Monday,17,0
SRV-019,09-03-2026 18:00,File,Linux,75.62,75.31,52.51,58.99,1555.5,1221.05,20.12,314.17,562,8265,12,325,257.07,58.19,Monday,18,0
SRV-001,09-03-2026 21:00,File,Windows Server,59.12,46.11,48.4,39.63,1030.97,886.92,16.39,278.6,426,5848,12,264,503.17,56.04,Monday,21,0
SRV-075,09-03-2026 23:00,Web,Linux,59.67,56.2,62.0,76.52,1389.44,930.69,15.79,295.41,608,6911,11,266,502.77,57.98,Monday,23,0
SRV-008,09-03-2026 23:30,File,Linux,65.42,62.0,53.33,33.35,1157.35,944.75,19.53,236.54,565,5847,6,254,669.69,53.02,Monday,23,0
SRV-042,10-03-2026 00:00,File,Linux,56.77,65.43,53.51,42.94,1062.07,867.29,20.63,285.28,671,6013,8,228,523.43,49.06,Tuesday,0,0
SRV-010,10-03-2026 03:00,Database,Windows Server,66.83,65.46,50.31,61.53,1482.84,1112.48,19.23,292.06,785,7513,10,249,524.18,51.85,Tuesday,3,0
SRV-087,10-03-2026 03:30,Application,Linux,54.47,60.85,62.47,21.22,1224.27,1071.51,25.48,327.6,680,6773,8,227,626.37,46.34,Tuesday,3,0
SRV-038,10-03-2026 05:30,Database,Linux,66.84,75.29,24.27,49.42,1397.48,1084.94,22.26,294.18,768,7565,6,269,386.76,55.51,Tuesday,5,0
SRV-052,10-03-2026 06:00,Web,Windows Server,83.28,77.03,75.68,34.62,1433.48,972.56,31.24,316.24,473,6964,13,261,772.21,58.24,Tuesday,6,0
SRV-032,10-03-2026 09:30,API,Windows Server,85.97,77.3,49.79,90.36,2182.74,1512.24,31.47,386.68,1094,10913,15,348,1442.28,65.45,Tuesday,9,0
SRV-015,10-03-2026 09:30,Database,Linux,94.98,65.23,48.63,99.0,2117.58,1658.23,24.5,407.22,1188,11044,18,366,396.84,69.68,Tuesday,9,1
SRV-074,10-03-2026 11:30,Web,Windows Server,64.43,73.58,59.74,79.64,2048.18,1509.5,24.68,332.93,1220,10332,15,291,624.82,58.53,Tuesday,11,0
SRV-082,10-03-2026 13:30,Database,Windows Server,85.93,67.89,62.78,84.49,2233.38,1655.41,27.53,359.53,1186,11289,14,310,210.87,63.43,Tuesday,13,0
SRV-100,10-03-2026 14:30,API,Linux,99.0,76.94,71.22,99.0,2119.39,1565.04,31.4,372.96,1174,10876,13,401,1146.3,68.41,Tuesday,14,1
SRV-095,10-03-2026 15:00,Database,Linux,81.5,70.14,54.93,82.88,2145.81,1634.87,24.23,314.63,1036,11067,5,273,1540.44,60.85,Tuesday,15,0
SRV-005,10-03-2026 15:30,Web,Windows Server,77.36,79.75,53.87,77.67,1948.72,1518.51,28.06,285.21,905,10435,12,270,525.67,58.4,Tuesday,15,0
SRV-099,10-03-2026 17:30,Web,Linux,83.04,64.85,70.16,91.03,2007.46,1502.58,32.91,385.87,943,10342,9,325,970.31,65.5,Tuesday,17,0
SRV-082,10-03-2026 18:30,Database,Windows Server,68.65,51.34,63.63,76.5,1449.07,1140.74,20.94,318.65,653,7481,4,256,436.63,52.08,Tuesday,18,0
SRV-041,10-03-2026 19:00,Database,Linux,56.6,44.61,54.44,64.44,1463.03,1029.77,28.66,244.05,606,7458,4,222,1063.67,55.36,Tuesday,19,0
SRV-062,10-03-2026 19:30,Database,Windows Server,64.22,71.82,67.3,63.77,1475.29,1190.67,16.44,244.51,638,7437,11,269,1056.81,54.67,Tuesday,19,0
SRV-096,10-03-2026 21:30,Application,Linux,63.03,76.63,41.01,42.36,1270.94,1039.36,17.81,303.12,693,6952,12,329,831.19,52.61,Tuesday,21,0
SRV-054,10-03-2026 22:30,Application,Linux,69.56,60.75,38.97,47.99,1316.49,984.03,24.29,286.11,675,6855,6,228,936.5,54.09,Tuesday,22,0
SRV-017,11-03-2026 00:00,Application,Windows Server,70.67,81.17,56.64,54.16,1294.13,924.17,26.28,329.2,608,6747,9,281,460.4,56.9,Wednesday,0,0
SRV-021,11-03-2026 00:30,File,Linux,48.66,58.28,59.8,44.76,1119.86,891.55,21.78,241.43,417,5795,6,216,711.13,55.01,Wednesday,0,0
SRV-066,11-03-2026 00:30,Application,Linux,93.22,69.72,45.06,65.5,1407.08,961.82,26.47,353.09,665,6797,16,236,1142.34,64.3,Wednesday,0,0
SRV-050,11-03-2026 03:30,Web,Linux,36.49,45.12,50.38,59.15,1361.38,1041.74,21.78,230.25,775,7068,4,159,252.28,45.9,Wednesday,3,0
SRV-019,11-03-2026 06:00,File,Linux,77.02,52.86,65.51,58.22,1147.79,812.4,25.44,285.12,492,5892,14,292,917.46,58.94,Wednesday,6,0
SRV-093,11-03-2026 06:30,Database,Linux,74.17,69.34,59.89,59.18,1409.22,1123.93,28.41,296.51,746,7262,16,306,324.25,53.04,Wednesday,6,0
SRV-021,11-03-2026 07:30,File,Linux,76.07,58.76,38.47,52.05,1090.69,727.53,19.14,334.14,545,5933,16,332,571.4,58.24,Wednesday,7,0
SRV-063,11-03-2026 11:30,Application,Linux,80.71,94.81,61.21,64.6,1921.6,1455.87,21.36,404.37,913,9996,15,308,728.74,61.65,Wednesday,11,0
SRV-031,11-03-2026 11:30,Application,Linux,87.75,67.59,59.61,83.74,1889.02,1418.15,33.55,395.19,776,10050,12,284,1150.4,71.85,Wednesday,11,0
SRV-089,11-03-2026 13:00,Web,Windows Server,83.81,72.56,45.89,73.36,1919.22,1536.09,36.7,319.81,1110,10301,14,309,644.48,61.82,Wednesday,13,0
SRV-028,11-03-2026 15:30,Web,Linux,74.57,73.31,51.51,91.92,2012.4,1540.96,25.93,350.49,799,10505,10,328,512.77,61.39,Wednesday,15,0
SRV-086,11-03-2026 16:00,Web,Windows Server,93.28,82.98,52.32,99.0,2096.13,1466.8,22.73,359.57,860,10391,14,297,301.6,64.2,Wednesday,16,0
SRV-080,11-03-2026 16:30,File,Windows Server,53.8,65.55,60.95,59.8,1562.57,1231.6,24.5,281.12,982,8073,10,266,975.4,51.12,Wednesday,16,0
SRV-009,11-03-2026 17:30,Web,Linux,75.62,68.57,49.75,96.53,2149.57,1620.36,34.41,337.8,1097,10443,13,316,649.8,67.47,Wednesday,17,0
SRV-011,11-03-2026 18:00,Database,Linux,87.86,75.55,63.89,82.75,2208.54,1684.57,40.68,342.74,1181,11003,10,311,403.01,66.52,Wednesday,18,0
SRV-041,11-03-2026 21:00,Database,Linux,66.01,70.94,52.05,57.53,1390.17,1122.78,21.9,345.38,489,7297,12,268,1042.89,57.39,Wednesday,21,0
SRV-095,11-03-2026 22:00,Database,Linux,69.51,62.11,31.89,73.81,1312.98,1110.48,17.76,217.04,724,7425,7,306,812.62,52.82,Wednesday,22,0
SRV-036,11-03-2026 22:30,Web,Linux,67.78,54.46,47.81,83.19,1388.12,1043.85,20.84,339.06,426,7089,9,276,1247.5,52.48,Wednesday,22,0
SRV-046,12-03-2026 00:00,File,Linux,61.67,66.12,72.39,28.43,1056.19,793.69,26.36,318.65,783,5764,12,221,1218.28,57.45,Thursday,0,0
SRV-033,12-03-2026 01:00,Database,Linux,62.58,66.06,26.36,63.66,1475.03,1108.03,26.71,359.73,773,7363,8,306,1200.44,56.47,Thursday,1,0
SRV-097,12-03-2026 01:30,Database,Linux,68.72,48.32,42.29,63.87,1373.09,986.41,19.63,249.75,888,7401,7,252,1808.33,64.96,Thursday,1,0
SRV-042,12-03-2026 02:30,File,Linux,46.94,59.23,64.37,49.8,1190.93,815.72,22.7,233.99,475,5962,4,238,697.14,52.38,Thursday,2,0
SRV-014,12-03-2026 03:00,File,Linux,68.03,55.19,50.78,57.51,1156.23,826.62,23.2,250.76,720,5902,12,229,749.47,53.48,Thursday,3,0
SRV-001,12-03-2026 03:30,File,Windows Server,59.65,38.62,61.75,38.02,1134.21,836.69,25.45,232.37,326,5961,5,314,805.75,53.14,Thursday,3,0
SRV-051,12-03-2026 04:30,Web,Windows Server,66.42,79.09,65.48,64.98,1424.99,1002.74,26.69,307.74,731,7092,15,255,1135.9,54.16,Thursday,4,0
SRV-053,12-03-2026 05:30,File,Linux,47.69,77.58,60.33,70.19,1139.04,816.6,23.21,317.19,706,5936,8,281,659.87,55.02,Thursday,5,0
SRV-063,12-03-2026 07:30,Application,Linux,64.63,60.49,60.58,37.87,1293.11,1027.04,22.1,314.41,479,6859,3,310,922.58,54.76,Thursday,7,0
SRV-066,12-03-2026 10:00,Application,Linux,79.46,68.14,55.84,76.07,2027.62,1487.04,30.38,362.69,953,9931,12,288,1140.23,63.57,Thursday,10,0
SRV-015,12-03-2026 11:00,Database,Linux,70.6,74.23,26.71,76.76,2118.01,1694.62,29.75,296.32,1137,11213,8,236,820.35,59.67,Thursday,11,0
SRV-081,12-03-2026 11:00,Application,Windows Server,65.15,77.25,77.96,53.53,1988.35,1457.24,31.58,322.86,968,10022,12,276,178.09,53.12,Thursday,11,0
SRV-051,12-03-2026 11:30,Web,Windows Server,64.81,63.1,56.26,43.55,2106.41,1518.18,21.93,301.61,1017,10465,10,257,757.7,47.85,Thursday,11,0
SRV-013,12-03-2026 12:30,Application,Linux,79.1,61.06,39.19,56.12,1914.47,1442.02,26.45,295.74,957,10046,7,308,591.81,54.94,Thursday,12,0
SRV-025,12-03-2026 13:00,File,Linux,65.7,58.7,56.7,51.42,1639.94,1280.98,24.5,306.28,689,8301,7,278,475.15,58.8,Thursday,13,0
SRV-064,12-03-2026 15:00,File,Linux,72.45,63.84,49.04,66.24,1620.09,1232.65,26.67,290.2,962,8122,8,287,792.75,56.6,Thursday,15,0
SRV-069,12-03-2026 15:00,Web,Linux,71.46,70.46,53.65,73.67,2051.89,1489.81,20.77,308.5,1336,10218,15,322,371.19,61.76,Thursday,15,0
SRV-015,12-03-2026 15:00,Database,Linux,87.81,89.09,60.59,74.18,1957.8,1707.0,30.36,370.08,900,11143,14,385,386.06,67.11,Thursday,15,0
SRV-076,12-03-2026 16:00,Web,Linux,86.94,72.93,57.74,90.37,2050.34,1563.89,27.5,350.02,1063,10410,12,377,627.58,60.8,Thursday,16,0
SRV-077,12-03-2026 16:00,Web,Linux,93.03,86.39,37.01,94.38,2006.34,1640.38,20.91,354.96,919,10307,16,316,666.08,67.69,Thursday,16,0
SRV-061,12-03-2026 16:30,Application,Linux,77.77,79.51,53.51,63.65,1962.02,1351.82,26.12,338.62,904,9992,14,330,1120.99,66.31,Thursday,16,0
SRV-031,12-03-2026 18:00,Application,Linux,90.0,68.67,67.52,83.02,2033.54,1430.07,24.43,374.82,949,9979,11,331,571.43,64.84,Thursday,18,0
SRV-061,12-03-2026 18:30,Application,Linux,69.66,68.69,50.82,61.53,1240.79,920.03,30.45,253.01,697,6683,9,333,961.97,55.57,Thursday,18,0
SRV-076,12-03-2026 21:30,Web,Linux,72.53,64.69,61.49,48.78,1396.06,983.33,21.32,388.36,641,7150,9,308,483.69,56.52,Thursday,21,0
SRV-073,12-03-2026 22:30,API,Linux,76.32,59.35,52.04,67.23,1409.51,1053.73,24.07,303.26,906,7206,15,251,348.42,65.87,Thursday,22,0
SRV-003,12-03-2026 22:30,API,Linux,73.93,54.36,56.53,55.1,1386.56,1029.51,19.31,277.49,605,7299,11,300,408.7,58.69,Thursday,22,0
SRV-100,12-03-2026 23:00,API,Linux,88.07,60.57,50.84,44.89,1457.74,1046.96,25.97,357.91,733,7169,17,300,451.1,60.6,Thursday,23,0
SRV-049,13-03-2026 01:30,Application,Linux,50.22,56.89,51.11,49.38,1306.11,975.78,26.53,264.97,463,6801,5,257,1098.1,51.56,Friday,1,0
SRV-097,13-03-2026 01:30,Database,Linux,47.46,56.48,63.78,41.41,1634.95,1061.78,22.59,267.75,690,7560,7,195,693.61,52.2,Friday,1,0
SRV-041,13-03-2026 02:30,Database,Linux,72.11,57.2,46.95,84.56,1479.17,1100.64,33.21,293.05,650,7414,8,323,827.51,58.11,Friday,2,0
SRV-086,13-03-2026 04:00,Web,Windows Server,76.73,51.89,58.76,58.42,1358.53,984.13,22.37,272.69,551,7141,12,268,499.92,66.89,Friday,4,0
SRV-067,13-03-2026 04:30,Application,Windows Server,68.38,55.41,61.3,65.77,1280.52,1016.61,20.62,373.75,701,6884,13,298,480.64,55.14,Friday,4,0
SRV-064,13-03-2026 05:00,File,Linux,54.44,38.1,71.63,64.37,1198.68,961.49,26.02,220.81,730,5977,11,246,530.83,55.77,Friday,5,0
SRV-075,13-03-2026 06:30,Web,Linux,79.73,60.38,26.35,68.94,1382.21,1023.89,29.16,336.38,882,6963,13,247,552.27,60.65,Friday,6,0
SRV-073,13-03-2026 11:00,API,Linux,89.35,72.94,39.32,93.29,2120.72,1561.02,33.87,337.71,927,10758,11,299,511.68,62.3,Friday,11,0
SRV-033,13-03-2026 12:00,Database,Linux,76.92,82.29,10.6,90.03,2153.04,1634.86,24.5,291.96,863,11070,16,320,548.84,58.75,Friday,12,0
SRV-065,13-03-2026 12:00,Application,Linux,90.89,77.35,30.86,91.64,1885.35,1442.63,27.56,345.48,786,10050,9,275,694.1,59.91,Friday,12,0
SRV-042,13-03-2026 15:30,File,Linux,76.75,84.38,51.1,81.45,1693.19,1224.64,26.86,296.34,780,8281,15,280,866.27,60.13,Friday,15,0
SRV-013,13-03-2026 15:30,Application,Linux,57.78,68.14,48.82,82.7,2045.39,1490.37,27.19,273.16,830,9910,11,271,708.56,57.25,Friday,15,0
SRV-038,13-03-2026 16:00,Database,Linux,82.35,75.42,45.82,93.48,2184.29,1679.85,28.97,357.98,962,10958,16,241,331.52,60.27,Friday,16,0
SRV-022,13-03-2026 17:30,Database,Linux,84.63,86.05,52.49,90.82,2208.19,1601.94,34.24,342.17,997,10974,18,268,250.22,66.19,Friday,17,0
SRV-027,13-03-2026 19:00,Database,Linux,82.06,58.09,70.03,79.36,1407.49,1173.68,23.07,270.14,533,7481,9,369,566.12,61.72,Friday,19,0
SRV-002,13-03-2026 20:00,Database,Windows Server,70.83,70.01,63.35,46.55,1413.98,1068.3,25.15,293.52,811,7447,15,305,535.3,65.55,Friday,20,0
SRV-062,13-03-2026 20:00,Database,Windows Server,72.25,64.4,43.35,52.08,1362.71,1076.53,27.67,299.02,841,7408,9,272,579.1,56.55,Friday,20,0
SRV-003,13-03-2026 20:30,API,Linux,76.09,52.75,46.47,68.47,1513.48,1132.39,31.52,304.87,711,7261,6,271,600.02,57.11,Friday,20,0
SRV-054,13-03-2026 22:00,Application,Linux,75.28,57.52,61.57,49.53,1302.64,1065.33,22.14,257.52,462,6757,9,280,245.69,60.04,Friday,22,0
SRV-024,13-03-2026 22:00,API,Linux,69.03,75.32,60.48,76.4,1407.91,1086.26,24.22,355.69,635,7249,5,288,549.55,58.63,Friday,22,0
SRV-062,13-03-2026 22:00,Database,Windows Server,62.47,46.72,71.87,53.45,1422.92,1104.37,19.65,275.62,746,7533,6,287,467.39,52.0,Friday,22,0
SRV-089,13-03-2026 22:30,Web,Windows Server,61.22,70.95,69.37,63.58,1243.59,874.72,19.19,241.58,345,6955,14,244,665.21,59.01,Friday,22,0
SRV-031,14-03-2026 00:00,Application,Linux,54.19,60.32,60.71,50.4,1117.66,815.56,30.87,281.65,512,5834,10,223,1086.58,48.28,Saturday,0,0
SRV-025,14-03-2026 00:30,File,Linux,66.83,56.52,57.84,40.52,1006.7,692.7,23.5,304.5,610,4955,7,194,868.26,55.02,Saturday,0,0
SRV-043,14-03-2026 00:30,Application,Windows Server,48.22,53.45,54.54,49.97,1017.64,731.53,30.94,279.48,657,5756,4,203,997.04,57.99,Saturday,0,0
SRV-051,14-03-2026 01:00,Web,Windows Server,56.67,47.57,52.13,45.1,1052.44,795.86,23.46,279.1,722,5942,3,255,661.65,50.15,Saturday,1,0
SRV-027,14-03-2026 02:30,Database,Linux,57.02,44.6,42.09,34.79,1036.93,788.59,22.49,255.33,629,6035,5,258,1516.05,52.59,Saturday,2,0
SRV-083,14-03-2026 02:30,File,Linux,61.21,65.09,60.71,35.43,965.02,745.63,31.73,321.57,651,5000,9,283,521.17,61.01,Saturday,2,0
SRV-071,14-03-2026 02:30,Web,Linux,55.04,60.9,70.3,40.69,1025.74,848.64,23.38,301.92,405,5848,7,273,956.46,50.67,Saturday,2,0
SRV-053,14-03-2026 03:30,File,Linux,43.17,57.83,38.22,38.33,1059.36,705.16,22.6,262.92,392,5017,7,210,157.42,46.85,Saturday,3,0
SRV-039,14-03-2026 03:30,Web,Windows Server,58.58,75.03,27.25,67.05,1044.03,983.25,20.11,266.56,519,5942,9,280,1065.1,57.77,Saturday,3,0
SRV-059,14-03-2026 04:30,Web,Windows Server,56.48,48.38,60.43,51.73,1069.72,833.24,13.56,250.56,430,5806,10,199,566.13,49.93,Saturday,4,0
SRV-094,14-03-2026 04:30,Database,Windows Server,68.24,53.1,74.05,60.43,1244.22,906.81,23.35,266.13,507,6125,8,244,1146.62,59.12,Saturday,4,0
SRV-003,14-03-2026 09:00,API,Linux,55.04,58.52,64.35,46.53,1690.19,1292.78,24.07,244.84,904,8480,12,215,1037.58,50.77,Saturday,9,0
SRV-060,14-03-2026 09:00,Web,Windows Server,80.0,68.67,73.28,80.84,1602.21,1113.22,22.09,267.05,786,8025,5,288,807.08,59.48,Saturday,9,0
SRV-092,14-03-2026 09:30,Application,Linux,62.04,64.81,59.71,48.78,1505.92,1106.19,24.95,308.05,1068,7824,8,261,1081.21,54.57,Saturday,9,0
SRV-007,14-03-2026 10:30,File,Linux,72.8,80.46,59.87,66.85,1385.12,941.01,33.67,401.18,811,6653,14,300,340.0,51.56,Saturday,10,0
SRV-010,14-03-2026 11:30,Database,Windows Server,23.87,66.02,55.64,55.47,1754.69,1287.87,20.86,326.43,804,8439,7,152,890.21,46.36,Saturday,11,0
SRV-081,14-03-2026 12:30,Application,Windows Server,68.28,75.27,70.01,62.64,1567.03,1051.68,26.89,278.24,1037,7896,8,279,1195.21,60.64,Saturday,12,0
SRV-044,14-03-2026 15:00,Database,Linux,60.2,77.75,74.09,70.06,1666.29,1204.58,19.72,374.0,862,8642,12,208,695.43,56.375,Saturday,15,0
SRV-093,14-03-2026 16:30,Database,Linux,80.32,59.34,45.18,56.49,1720.73,1254.74,23.63,330.88,834,8594,8,311,326.7,60.05,Saturday,16,0
SRV-099,14-03-2026 19:00,Web,Linux,39.64,56.77,67.21,49.74,1164.78,812.14,24.71,245.21,518,5776,14,230,1302.88,50.28,Saturday,19,0
SRV-055,14-03-2026 20:30,Application,Linux,61.86,66.63,54.16,42.09,1112.4,834.09,27.62,175.3,577,5560,10,202,282.05,50.34,Saturday,20,0
SRV-084,14-03-2026 20:30,Web,Linux,64.7,55.56,43.43,61.21,1129.25,832.05,21.39,229.11,404,5859,12,323,245.58,55.19,Saturday,20,0
SRV-016,14-03-2026 21:30,Web,Windows Server,49.35,80.53,78.64,64.37,1114.37,864.73,12.22,346.94,331,5858,9,221,735.97,56.69,Saturday,21,0
SRV-065,14-03-2026 21:30,Application,Linux,54.73,68.53,47.33,74.45,1110.58,872.43,23.0,312.24,802,5841,13,231,1715.29,54.08,Saturday,21,0
SRV-059,14-03-2026 21:30,Web,Windows Server,39.76,49.79,76.66,48.82,1082.42,816.81,20.33,204.85,577,5703,5,220,590.69,48.44,Saturday,21,0
SRV-030,14-03-2026 22:00,Application,Linux,55.79,58.64,46.22,52.64,1179.96,791.47,20.33,327.05,453,5649,12,163,1355.84,48.98,Saturday,22,0
SRV-046,14-03-2026 23:00,File,Linux,71.98,41.75,61.62,53.3,943.88,715.37,18.27,258.32,419,5097,9,284,316.84,57.66,Saturday,23,0
SRV-005,15-03-2026 01:00,Web,Windows Server,59.86,44.84,71.5,59.17,1101.23,813.83,24.9,252.22,666,5742,5,220,699.31,48.07,Sunday,1,0
SRV-044,15-03-2026 01:30,Database,Linux,56.02,62.61,59.81,69.5,1137.38,840.17,22.02,265.49,655,6063,14,220,653.04,53.0,Sunday,1,0
SRV-007,15-03-2026 02:30,File,Linux,64.79,53.52,50.1,29.21,902.62,734.93,15.03,286.87,235,4960,4,259,805.01,52.72,Sunday,2,0
SRV-031,15-03-2026 03:00,Application,Linux,51.05,57.24,64.08,10.0,1089.75,895.01,24.9,196.41,291,5767,6,277,614.14,53.79,Sunday,3,0
SRV-057,15-03-2026 03:30,Database,Linux,70.03,50.16,36.47,37.54,1210.56,869.09,22.88,293.96,541,5992,11,258,534.47,45.69,Sunday,3,0
SRV-023,15-03-2026 03:30,API,Linux,62.34,43.56,75.5,56.62,1165.95,949.08,15.2,195.23,460,6010,5,298,248.56,53.18,Sunday,3,0
SRV-067,15-03-2026 04:30,Application,Windows Server,66.92,76.08,37.1,64.87,1132.43,787.13,26.52,254.85,714,5626,8,218,226.92,55.46,Sunday,4,0
SRV-077,15-03-2026 05:30,Web,Linux,41.7,66.89,53.14,44.1,1113.39,827.42,21.22,232.62,581,5738,8,221,1175.88,45.37,Sunday,5,0
SRV-072,15-03-2026 06:00,Database,Linux,66.26,59.46,34.51,76.63,1180.5,991.15,21.71,300.8,665,6207,12,219,1352.37,53.15,Sunday,6,0
SRV-036,15-03-2026 08:00,Web,Linux,60.24,56.67,63.84,62.3,1187.12,833.06,25.59,304.85,417,5841,14,218,166.82,52.5,Sunday,8,0
SRV-024,15-03-2026 10:30,API,Linux,70.17,56.48,76.17,73.53,1547.27,1296.95,19.49,306.45,803,8501,9,263,814.18,60.12,Sunday,10,0
SRV-100,15-03-2026 10:30,API,Linux,71.08,54.55,74.48,50.1,1692.29,1273.75,31.73,297.88,605,8432,12,220,747.33,57.76,Sunday,10,0
SRV-064,15-03-2026 11:00,File,Linux,67.59,51.73,56.83,70.61,1275.14,1076.9,23.95,301.35,523,6674,11,230,472.52,58.39,Sunday,11,0
SRV-025,15-03-2026 12:00,File,Linux,59.64,46.58,47.71,55.58,1307.82,964.92,18.29,249.89,688,6645,9,234,1345.25,56.98,Sunday,12,0
SRV-060,15-03-2026 13:30,Web,Windows Server,85.88,72.82,74.75,42.78,1550.79,1206.67,23.27,308.17,842,8337,9,265,522.29,59.94,Sunday,13,0
SRV-023,15-03-2026 14:00,API,Linux,83.77,83.02,72.28,45.37,1637.01,1237.46,24.7,433.26,775,8242,11,330,812.65,57.71,Sunday,14,1
SRV-092,15-03-2026 16:00,Application,Linux,58.26,58.48,32.11,74.92,1516.07,1309.16,31.5,236.51,977,7969,8,214,645.16,59.01,Sunday,16,0
SRV-035,15-03-2026 17:30,Database,Linux,60.08,63.02,53.83,31.48,1660.17,1277.16,17.04,342.06,872,8540,11,224,316.67,50.56,Sunday,17,0
SRV-005,15-03-2026 18:00,Web,Windows Server,64.06,63.73,41.66,32.05,1580.87,1262.76,25.83,327.14,912,8139,9,223,386.07,52.48,Sunday,18,0
SRV-098,15-03-2026 19:00,Web,Windows Server,47.83,67.02,44.65,59.19,1222.68,863.91,25.29,334.47,500,5861,10,158,565.91,53.58,Sunday,19,0
SRV-094,15-03-2026 20:00,Database,Windows Server,68.26,65.1,46.37,56.27,1228.92,926.26,30.25,254.38,489,6190,6,295,785.93,53.56,Sunday,20,0
SRV-054,15-03-2026 21:30,Application,Linux,67.71,42.98,53.5,52.49,1176.23,840.92,30.3,288.56,508,5633,7,223,260.45,61.78,Sunday,21,0
SRV-028,15-03-2026 22:30,Web,Linux,32.26,60.73,75.7,27.8,1125.66,919.35,32.4,286.17,327,5888,6,136,526.59,41.02,Sunday,22,0
SRV-053,15-03-2026 22:30,File,Linux,49.12,55.73,60.37,57.16,1014.06,681.94,24.48,287.7,441,4993,10,280,1211.35,49.2,Sunday,22,0
SRV-049,16-03-2026 00:00,Application,Linux,90.98,56.91,65.23,78.59,1396.57,971.32,27.01,340.17,840,6862,12,306,1204.06,66.52,Monday,0,0
SRV-001,16-03-2026 02:00,File,Windows Server,62.15,66.11,39.56,30.75,1187.16,843.17,23.75,366.39,797,5873,17,237,272.92,58.82,Monday,2,0
SRV-092,16-03-2026 02:30,Application,Linux,56.72,71.06,45.7,71.82,1337.68,1036.37,20.59,363.14,696,6813,18,212,329.77,57.9,Monday,2,0
SRV-077,16-03-2026 03:30,Web,Linux,86.14,63.57,51.2,52.38,1395.16,983.98,21.7,309.47,652,7051,10,336,1194.59,57.87,Monday,3,0
SRV-085,16-03-2026 04:00,Web,Windows Server,72.47,57.42,47.22,43.64,1302.25,1094.22,23.74,292.74,814,7079,5,278,586.45,50.34,Monday,4,0
SRV-066,16-03-2026 05:00,Application,Linux,60.26,51.07,40.56,68.21,1310.01,874.57,19.28,287.0,697,6794,7,247,592.06,54.91,Monday,5,0
SRV-034,16-03-2026 05:30,Database,Linux,69.06,84.04,47.13,66.5,1568.84,1111.49,32.72,409.59,746,7555,17,202,420.39,54.4,Monday,5,0
SRV-096,16-03-2026 06:30,Application,Linux,58.88,44.01,40.1,79.8,1246.08,1011.84,16.8,268.79,605,6938,6,286,698.82,58.88,Monday,6,0
SRV-078,16-03-2026 06:30,Application,Windows Server,73.05,55.04,57.06,46.51,1356.33,1019.33,18.82,364.25,508,6804,11,305,530.67,47.06,Monday,6,0
SRV-046,16-03-2026 06:30,File,Linux,71.27,44.78,73.6,35.96,1204.15,850.27,22.65,274.6,589,5898,12,296,1164.17,59.07,Monday,6,0
SRV-034,16-03-2026 07:30,Database,Linux,74.7,52.45,62.43,56.51,1440.03,1061.57,22.02,274.77,542,7466,6,251,828.19,57.93,Monday,7,0
SRV-093,16-03-2026 08:00,Database,Linux,62.93,57.85,66.23,65.86,1455.63,1073.55,22.65,293.15,609,7330,7,233,610.87,55.57,Monday,8,0
SRV-012,16-03-2026 08:30,API,Linux,53.18,67.43,61.66,48.59,1393.24,1023.64,12.48,170.21,745,7262,12,248,227.19,51.0,Monday,8,0
SRV-027,16-03-2026 10:30,Database,Linux,90.27,70.07,51.29,80.02,2081.79,1603.88,33.4,383.35,1032,11217,7,267,673.53,63.88,Monday,10,0
SRV-049,16-03-2026 12:00,Application,Linux,67.58,72.41,53.98,74.64,1866.45,1470.67,21.42,358.16,926,9831,16,215,319.3,56.46,Monday,12,0
SRV-001,16-03-2026 12:00,File,Windows Server,74.67,84.98,54.32,62.12,1508.89,1230.23,30.01,343.86,799,8113,13,325,383.34,56.31,Monday,12,0
SRV-029,16-03-2026 12:30,Web,Linux,86.21,70.33,59.68,93.7,1980.65,1519.43,38.13,376.04,1334,10290,12,274,1188.71,60.25,Monday,12,0
SRV-006,16-03-2026 13:30,API,Windows Server,94.23,56.75,52.6,60.35,2055.99,1539.65,27.77,314.49,1106,10699,11,289,522.04,62.55,Monday,13,0
SRV-097,16-03-2026 13:30,Database,Linux,97.68,80.91,53.98,85.6,2204.23,1655.41,31.31,424.09,1072,10980,12,352,1196.27,66.7,Monday,13,1
SRV-077,16-03-2026 14:30,Web,Linux,71.06,77.63,78.27,82.95,1976.78,1580.29,22.5,339.23,1120,10542,15,252,302.21,56.84,Monday,14,0
SRV-068,16-03-2026 14:30,Database,Windows Server,74.04,82.23,43.44,70.53,2120.35,1632.83,24.37,277.4,924,11085,12,241,417.69,54.71,Monday,14,0
SRV-009,16-03-2026 15:00,Web,Linux,77.67,86.37,53.2,70.82,1996.1,1513.6,22.69,324.95,765,10382,20,295,680.01,58.33,Monday,15,0
SRV-066,16-03-2026 17:30,Application,Linux,66.2,67.35,38.94,95.01,1885.85,1485.34,32.13,355.63,1062,10123,17,358,851.02,53.23,Monday,17,0
SRV-060,16-03-2026 18:00,Web,Windows Server,58.99,74.68,44.85,62.75,2021.12,1497.97,20.11,281.63,753,10461,8,250,492.84,60.79,Monday,18,0
SRV-051,16-03-2026 20:30,Web,Windows Server,65.83,67.95,47.09,51.0,1194.56,1032.35,23.05,306.48,521,7043,9,205,904.09,56.77,Monday,20,0
SRV-045,16-03-2026 20:30,File,Linux,49.12,52.97,54.89,46.01,1155.25,813.48,19.34,314.13,494,5972,12,232,523.52,44.6,Monday,20,0
SRV-060,16-03-2026 20:30,Web,Windows Server,74.63,52.44,53.56,50.44,1262.34,974.16,25.18,298.66,847,6984,7,298,763.36,57.55,Monday,20,0
SRV-054,16-03-2026 21:00,Application,Linux,62.34,68.36,47.72,68.9,1450.24,1038.62,27.59,296.25,757,6992,15,238,657.68,55.98,Monday,21,0
SRV-011,16-03-2026 21:30,Database,Linux,50.49,57.39,55.49,61.75,1477.62,1123.11,20.04,251.35,673,7310,10,220,126.31,52.1,Monday,21,0
SRV-020,16-03-2026 22:00,Application,Linux,66.2,59.7,52.27,58.24,1330.62,994.73,18.09,322.36,420,6802,12,287,756.82,49.69,Monday,22,0
SRV-007,16-03-2026 22:30,File,Linux,66.4,48.08,76.22,53.47,1147.5,938.53,27.88,287.9,452,5992,5,235,288.94,59.16,Monday,22,0
SRV-029,16-03-2026 23:30,Web,Linux,71.47,52.07,62.22,60.31,1393.76,1014.85,24.22,318.88,698,7143,10,219,253.63,51.37,Monday,23,0
SRV-094,17-03-2026 00:00,Database,Windows Server,47.58,63.4,50.58,60.03,1415.17,1138.86,21.6,282.74,674,7460,7,220,1086.81,49.34,Tuesday,0,0
SRV-042,17-03-2026 01:30,File,Linux,64.79,48.93,71.52,60.72,1117.92,901.65,17.86,253.95,408,6039,5,216,796.92,57.56,Tuesday,1,0
SRV-051,17-03-2026 02:00,Web,Windows Server,59.35,59.95,49.92,57.9,1345.83,1025.56,25.17,249.8,362,7103,7,325,1022.79,56.32,Tuesday,2,0
SRV-049,17-03-2026 02:00,Application,Linux,77.21,56.65,45.58,46.85,1374.22,1037.16,21.39,251.95,320,6927,8,260,1178.23,55.9,Tuesday,2,0
SRV-066,17-03-2026 02:00,Application,Linux,47.06,73.5,41.37,38.58,1326.05,991.94,20.64,280.34,799,6882,8,183,766.21,52.29,Tuesday,2,0
SRV-091,17-03-2026 03:00,Web,Windows Server,59.34,57.85,78.92,58.38,1342.17,1017.31,21.49,301.25,716,7018,9,272,804.66,52.51,Tuesday,3,0
SRV-025,17-03-2026 03:00,File,Linux,69.5,60.68,51.99,68.94,1131.88,840.19,21.38,302.73,572,5803,9,328,730.94,63.63,Tuesday,3,0
SRV-073,17-03-2026 03:30,API,Linux,54.97,53.14,42.46,51.64,1491.96,1091.18,23.95,249.24,643,7221,9,189,1007.63,53.52,Tuesday,3,0
SRV-073,17-03-2026 05:30,API,Linux,67.65,62.57,46.55,45.47,1364.03,1023.04,21.59,282.44,585,7268,7,336,783.62,56.97,Tuesday,5,0
SRV-081,17-03-2026 05:30,Application,Windows Server,83.53,64.09,39.5,92.83,1356.83,925.56,23.17,354.03,719,6873,11,246,546.17,62.99,Tuesday,5,0
SRV-019,17-03-2026 07:30,File,Linux,62.25,45.26,45.4,41.52,1023.75,816.03,23.16,258.57,811,5855,12,223,371.4,52.06,Tuesday,7,0
SRV-029,17-03-2026 08:00,Web,Linux,58.26,60.67,44.21,55.82,1371.63,943.21,25.14,299.3,579,6944,12,296,1087.42,48.11,Tuesday,8,0
SRV-017,17-03-2026 08:00,Application,Windows Server,58.3,62.67,60.01,56.8,1264.36,1010.82,33.18,324.85,579,6750,22,185,391.44,50.73,Tuesday,8,0
SRV-046,17-03-2026 08:30,File,Linux,69.89,57.6,49.8,50.57,1142.1,933.69,31.24,284.52,670,5862,10,309,960.32,57.98,Tuesday,8,0
SRV-057,17-03-2026 10:00,Database,Linux,99.0,89.41,69.91,62.76,2211.55,1522.47,29.67,302.16,1033,11049,15,316,728.54,62.23,Tuesday,10,0
SRV-061,17-03-2026 10:00,Application,Linux,70.79,70.57,44.16,85.25,1980.96,1501.05,18.79,316.74,718,10259,11,301,792.06,54.54,Tuesday,10,0
SRV-008,17-03-2026 10:00,File,Linux,51.57,49.98,62.73,60.2,1602.08,1207.87,16.15,299.12,747,8319,7,229,1067.87,55.61,Tuesday,10,0
SRV-001,17-03-2026 11:30,File,Windows Server,67.45,73.9,66.46,75.93,1550.46,1232.54,34.18,342.28,759,8090,15,290,370.07,56.375,Tuesday,11,0
SRV-021,17-03-2026 12:30,File,Linux,67.45,77.99,70.45,65.43,1619.05,1230.57,27.52,372.46,749,8304,19,261,1273.3,54.1,Tuesday,12,0
SRV-071,17-03-2026 16:30,Web,Linux,78.13,62.71,47.5,57.48,2060.06,1499.9,31.31,360.02,919,10351,7,257,697.26,56.86,Tuesday,16,0
SRV-033,17-03-2026 17:00,Database,Linux,47.35,76.24,56.09,82.54,2210.65,1649.09,30.84,351.41,1207,11163,12,154,983.86,50.28,Tuesday,17,0
SRV-081,17-03-2026 17:30,Application,Windows Server,52.24,64.44,37.79,73.2,1971.5,1570.34,31.61,246.55,955,9988,2,249,1333.86,51.0,Tuesday,17,0
SRV-034,17-03-2026 17:30,Database,Linux,95.61,71.23,61.6,83.24,2208.41,1705.65,28.71,365.88,1072,11164,15,313,717.29,66.77,Tuesday,17,0
SRV-043,17-03-2026 18:00,Application,Windows Server,89.87,75.42,52.25,77.79,1980.47,1452.14,30.02,354.12,1020,9937,11,290,1381.11,59.74,Tuesday,18,0
SRV-033,17-03-2026 19:30,Database,Linux,66.95,61.75,58.26,54.0,1455.65,1031.72,26.59,262.09,856,7477,10,272,1315.18,62.82,Tuesday,19,0
SRV-002,17-03-2026 22:30,Database,Windows Server,57.0,40.01,49.69,57.49,1472.88,1074.56,27.07,232.1,809,7292,6,239,1685.91,54.86,Tuesday,22,0
SRV-056,17-03-2026 22:30,File,Windows Server,62.07,64.71,44.62,68.84,1110.57,796.82,29.89,293.85,518,5876,11,283,688.44,49.75,Tuesday,22,0
SRV-087,17-03-2026 23:30,Application,Linux,60.83,54.08,74.36,25.92,1348.78,947.62,15.33,270.71,678,6786,9,239,572.5,52.41,Tuesday,23,0
SRV-021,18-03-2026 00:30,File,Linux,75.48,55.41,64.54,37.4,1113.41,880.67,26.0,334.14,621,5912,14,266,579.55,57.4,Wednesday,0,0
SRV-045,18-03-2026 00:30,File,Linux,50.68,43.32,34.85,74.57,1117.04,917.16,28.2,323.61,788,5982,8,279,559.64,50.97,Wednesday,0,0
SRV-062,18-03-2026 04:00,Database,Windows Server,68.62,75.06,43.16,58.26,1423.74,1127.98,18.99,308.48,748,7509,17,226,796.4,59.27,Wednesday,4,0
SRV-014,18-03-2026 04:00,File,Linux,46.96,47.94,63.61,72.37,1141.33,856.95,20.31,267.46,668,5845,9,256,554.46,56.61,Wednesday,4,0
SRV-011,18-03-2026 04:30,Database,Linux,54.5,64.16,52.7,63.32,1494.16,1044.1,32.42,302.16,923,7408,9,182,560.67,49.98,Wednesday,4,0
SRV-059,18-03-2026 04:30,Web,Windows Server,74.47,67.09,41.27,53.85,1363.82,1048.11,27.87,340.04,668,7174,15,271,446.01,59.89,Wednesday,4,0
SRV-032,18-03-2026 05:00,API,Windows Server,77.23,67.26,59.17,53.08,1442.61,1051.16,20.81,293.12,518,7276,10,309,1029.02,56.04,Wednesday,5,0
SRV-032,18-03-2026 05:30,API,Windows Server,71.29,62.07,44.66,55.14,1334.34,1036.41,21.4,299.46,854,7190,13,297,748.09,58.02,Wednesday,5,0
SRV-039,18-03-2026 07:00,Web,Windows Server,69.05,51.4,65.85,56.75,1269.23,1024.94,18.51,299.95,349,7056,8,268,160.22,58.5,Wednesday,7,0
SRV-039,18-03-2026 07:30,Web,Windows Server,76.76,54.59,68.16,90.56,1323.48,989.76,30.88,251.57,786,7085,14,283,529.23,58.42,Wednesday,7,0
SRV-050,18-03-2026 07:30,Web,Linux,63.98,44.68,63.51,45.85,1242.59,1017.38,31.13,238.87,651,7049,11,275,543.12,51.91,Wednesday,7,0
SRV-081,18-03-2026 08:00,Application,Windows Server,49.12,59.49,31.64,39.57,1312.43,986.41,23.89,293.51,373,6841,6,229,1516.91,52.93,Wednesday,8,0
SRV-071,18-03-2026 10:00,Web,Linux,81.76,52.43,69.0,88.41,1995.19,1541.21,30.72,312.32,880,10228,6,336,294.8,57.31,Wednesday,10,0
SRV-015,18-03-2026 10:30,Database,Linux,64.93,72.55,44.56,93.41,2110.6,1691.39,33.21,314.82,1318,10914,9,248,597.3,64.56,Wednesday,10,0
SRV-009,18-03-2026 12:00,Web,Linux,85.94,67.25,57.03,79.62,2090.93,1483.18,22.7,340.12,1111,10283,12,268,262.79,72.26,Wednesday,12,0
SRV-093,18-03-2026 12:30,Database,Linux,76.46,77.35,88.87,81.33,2192.8,1648.48,29.59,295.8,1191,11044,10,245,708.82,57.89,Wednesday,12,0
SRV-099,18-03-2026 13:00,Web,Linux,79.51,81.38,55.11,77.63,1979.1,1453.66,24.84,355.41,986,10524,16,300,700.87,61.92,Wednesday,13,0
SRV-015,18-03-2026 13:30,Database,Linux,71.14,90.16,62.24,61.32,2181.3,1620.01,26.68,371.9,1116,10960,13,287,978.84,59.46,Wednesday,13,0
SRV-083,18-03-2026 13:30,File,Linux,61.82,80.98,68.6,70.26,1655.53,1179.6,20.02,247.19,710,7962,7,253,735.09,54.02,Wednesday,13,0
SRV-017,18-03-2026 14:30,Application,Windows Server,77.81,74.72,65.75,95.61,1941.03,1391.39,28.86,339.24,1262,9940,16,264,787.75,61.38,Wednesday,14,0
SRV-020,18-03-2026 16:00,Application,Linux,77.06,67.28,48.64,80.8,1975.99,1464.28,28.11,271.42,946,10009,11,328,1428.06,65.15,Wednesday,16,0
SRV-010,18-03-2026 16:30,Database,Windows Server,84.98,96.49,34.55,86.5,2215.6,1577.22,24.84,386.33,1125,11067,13,285,440.03,59.84,Wednesday,16,1
SRV-080,18-03-2026 17:30,File,Windows Server,55.69,74.49,88.56,54.64,1680.69,1192.83,21.56,266.83,799,8320,8,323,1239.85,53.37,Wednesday,17,0
SRV-089,18-03-2026 19:00,Web,Windows Server,78.99,56.03,55.56,36.44,1372.72,1029.3,34.21,284.07,602,6924,14,317,309.93,62.9,Wednesday,19,0
SRV-073,18-03-2026 19:00,API,Linux,43.42,68.83,50.07,67.01,1380.09,983.86,18.15,263.06,920,7044,15,260,467.0,52.31,Wednesday,19,0
SRV-003,18-03-2026 19:30,API,Linux,52.99,65.33,47.01,39.64,1477.76,1101.86,18.44,189.15,628,7250,6,246,578.46,51.53,Wednesday,19,0
SRV-039,18-03-2026 21:30,Web,Windows Server,79.38,61.62,30.77,45.85,1324.3,1011.69,18.99,274.82,717,7040,12,362,957.65,56.76,Wednesday,21,0
SRV-007,18-03-2026 22:00,File,Linux,56.46,67.7,64.26,50.78,1111.08,782.5,30.44,268.48,713,5819,6,225,506.74,50.01,Wednesday,22,0
SRV-023,18-03-2026 22:00,API,Linux,61.64,78.18,58.22,43.83,1461.68,1044.54,35.51,302.35,679,7061,7,221,803.53,57.75,Wednesday,22,0
SRV-041,18-03-2026 23:30,Database,Linux,72.07,67.29,54.07,78.26,1515.99,1127.63,14.63,274.43,717,7422,6,281,370.84,56.84,Wednesday,23,0
SRV-092,19-03-2026 00:00,Application,Linux,72.91,58.69,51.13,59.49,1243.52,1010.27,23.76,325.09,737,6633,12,306,273.75,52.45,Thursday,0,0
SRV-081,19-03-2026 00:00,Application,Windows Server,79.29,65.91,50.15,30.76,1371.17,979.73,23.1,320.54,632,6716,11,308,711.22,54.04,Thursday,0,0
SRV-009,19-03-2026 01:00,Web,Linux,41.65,64.34,50.72,43.14,1304.21,983.1,20.14,183.12,494,7035,6,270,834.26,46.88,Thursday,1,0
SRV-097,19-03-2026 01:00,Database,Linux,80.19,69.04,44.0,99.0,1465.72,1133.0,32.4,308.16,990,7472,12,288,682.74,57.1,Thursday,1,0
SRV-041,19-03-2026 03:00,Database,Linux,73.85,68.18,47.93,46.83,1368.65,1021.2,30.86,359.3,869,7354,8,255,214.97,53.67,Thursday,3,0
SRV-093,19-03-2026 06:00,Database,Linux,69.67,67.63,77.26,62.63,1463.06,1045.49,18.58,306.16,610,7346,14,276,881.56,56.77,Thursday,6,0
SRV-065,19-03-2026 08:30,Application,Linux,72.7,59.53,65.42,40.57,1290.66,954.87,22.58,293.48,640,6763,11,236,656.09,47.89,Thursday,8,0
SRV-055,19-03-2026 09:00,Application,Linux,93.59,65.12,64.24,97.77,1934.68,1401.46,36.11,389.09,1117,9953,12,290,413.5,64.39,Thursday,9,1
SRV-057,19-03-2026 10:00,Database,Linux,73.08,89.42,63.72,77.86,2178.22,1581.05,22.88,347.1,1207,11004,14,280,1193.86,55.68,Thursday,10,0
SRV-053,19-03-2026 10:30,File,Linux,86.02,84.83,39.47,36.34,1617.58,1262.45,33.58,306.23,1010,8399,12,325,601.99,62.64,Thursday,10,0
SRV-045,19-03-2026 10:30,File,Linux,82.34,61.63,59.63,75.25,1499.31,1166.51,25.69,357.6,535,8113,11,343,432.0,58.63,Thursday,10,0
SRV-036,19-03-2026 11:00,Web,Linux,78.08,90.13,65.62,64.46,1936.8,1521.79,26.8,432.35,990,10274,23,317,643.31,53.53,Thursday,11,1
SRV-055,19-03-2026 11:30,Application,Linux,99.0,80.77,51.97,64.84,2056.77,1450.72,32.93,370.0,1031,9990,19,381,1030.87,71.08,Thursday,11,0
SRV-008,19-03-2026 12:00,File,Linux,72.49,57.76,39.37,69.63,1610.02,1235.92,28.37,293.52,788,8260,10,273,1991.92,57.65,Thursday,12,0
SRV-053,19-03-2026 12:30,File,Linux,86.8,52.59,46.94,74.14,1546.41,1306.01,33.18,344.54,823,8299,13,311,1442.28,65.05,Thursday,12,0
SRV-098,19-03-2026 15:30,Web,Windows Server,75.56,70.84,31.2,95.78,1918.21,1415.39,30.46,327.88,1230,10202,14,217,666.07,63.2,Thursday,15,0
SRV-029,19-03-2026 15:30,Web,Linux,56.74,69.86,52.43,80.47,2137.59,1555.56,37.02,305.41,1183,10257,15,320,1496.68,54.2,Thursday,15,0
SRV-005,19-03-2026 16:30,Web,Windows Server,80.46,78.21,54.48,82.94,2064.86,1478.86,27.3,340.68,980,10336,11,314,741.92,56.43,Thursday,16,0
SRV-080,19-03-2026 16:30,File,Windows Server,72.49,64.54,74.77,50.67,1535.44,1211.2,19.49,299.38,555,8188,8,270,858.28,53.71,Thursday,16,0
SRV-065,19-03-2026 17:00,Application,Linux,82.83,79.45,69.52,67.18,1970.82,1474.35,29.64,308.83,1017,10147,8,320,196.12,65.28,Thursday,17,0
SRV-034,19-03-2026 19:00,Database,Linux,77.07,74.61,44.55,56.03,1434.33,1061.7,32.29,358.03,768,7598,15,271,885.38,56.81,Thursday,19,0
SRV-074,19-03-2026 20:00,Web,Windows Server,71.81,75.24,77.48,59.86,1256.29,986.21,22.78,322.46,454,7133,13,277,605.85,52.55,Thursday,20,0
SRV-023,19-03-2026 20:30,API,Linux,45.61,53.77,45.42,60.87,1521.6,1114.83,19.52,315.17,656,7241,8,309,349.22,50.72,Thursday,20,0
SRV-098,19-03-2026 22:00,Web,Windows Server,74.03,58.96,55.83,49.37,1380.32,926.38,25.4,303.58,411,6983,11,265,320.39,52.4,Thursday,22,0
SRV-056,19-03-2026 22:30,File,Windows Server,65.13,52.95,55.75,43.65,1082.74,815.41,18.01,220.41,532,5904,11,259,451.44,55.31,Thursday,22,0
SRV-083,19-03-2026 23:00,File,Linux,50.89,59.59,40.61,27.18,1161.81,966.98,18.26,246.96,542,5920,13,246,1330.01,49.47,Thursday,23,0
SRV-004,19-03-2026 23:30,Application,Windows Server,68.06,48.15,56.11,65.2,1433.04,1033.84,28.24,268.38,675,6829,8,211,1101.48,57.69,Thursday,23,0
SRV-028,20-03-2026 01:00,Web,Linux,50.53,47.85,52.87,52.12,1364.37,998.11,25.62,189.44,481,7007,9,158,312.81,40.23,Friday,1,0
SRV-065,20-03-2026 01:30,Application,Linux,63.88,57.65,55.58,66.32,1272.97,1049.01,23.81,300.98,561,6771,16,216,919.28,56.45,Friday,1,0
SRV-018,20-03-2026 01:30,Web,Windows Server,78.8,45.5,53.04,71.74,1302.88,1013.38,31.29,319.4,770,7073,16,272,508.38,59.1,Friday,1,0
SRV-023,20-03-2026 03:00,API,Linux,55.81,65.5,56.43,63.01,1451.89,1037.04,27.42,302.34,655,7213,10,220,545.55,52.9,Friday,3,0
SRV-080,20-03-2026 03:00,File,Windows Server,42.57,62.11,65.99,64.13,1202.42,790.78,12.52,222.12,528,5896,5,209,634.87,52.78,Friday,3,0
SRV-084,20-03-2026 04:00,Web,Linux,75.63,50.62,65.77,74.31,1350.12,1039.01,22.85,309.34,625,7049,9,274,872.51,62.68,Friday,4,0
SRV-073,20-03-2026 05:00,API,Linux,49.16,70.8,53.71,53.42,1402.18,1166.88,11.24,201.33,619,7417,5,357,2655.16,55.28,Friday,5,0
SRV-061,20-03-2026 06:00,Application,Linux,58.62,48.83,42.4,57.76,1371.23,1037.53,23.75,274.18,564,6829,4,164,307.37,59.38,Friday,6,0
SRV-022,20-03-2026 06:00,Database,Linux,52.13,69.29,57.38,46.32,1586.97,979.61,23.5,228.49,723,7424,4,223,730.28,51.59,Friday,6,0
SRV-031,20-03-2026 06:00,Application,Linux,84.64,46.81,58.26,36.84,1333.0,1003.09,25.27,335.88,637,6846,15,253,387.18,60.65,Friday,6,0
SRV-003,20-03-2026 06:30,API,Linux,71.75,79.89,45.05,47.31,1357.73,1044.67,23.67,350.2,770,7098,11,231,580.92,57.5,Friday,6,0
SRV-096,20-03-2026 08:30,Application,Linux,58.98,41.46,66.13,58.84,1264.95,1057.84,22.21,302.16,904,6987,12,233,622.1,50.47,Friday,8,0
SRV-054,20-03-2026 10:00,Application,Linux,77.56,83.28,59.57,77.85,1960.78,1462.6,29.16,351.02,1010,9904,19,294,664.04,55.46,Friday,10,0
SRV-047,20-03-2026 10:30,Database,Linux,90.31,74.77,78.91,84.44,2246.7,1730.74,22.71,360.24,853,11079,11,304,941.62,61.73,Friday,10,0
SRV-061,20-03-2026 10:30,Application,Linux,65.24,55.19,73.25,86.96,1874.95,1570.87,31.42,317.94,902,10023,8,222,208.39,53.1,Friday,10,0
SRV-025,20-03-2026 13:00,File,Linux,49.84,70.84,77.64,68.06,1524.68,1180.02,12.2,229.19,667,8144,14,261,665.58,56.375,Friday,13,0
SRV-072,20-03-2026 13:00,Database,Linux,65.43,83.94,79.98,76.7,2195.2,1615.22,29.65,389.06,930,11034,12,266,1331.17,51.55,Friday,13,0
SRV-060,20-03-2026 13:00,Web,Windows Server,64.41,56.39,69.8,92.05,1969.65,1526.6,30.92,345.09,875,10241,14,254,1015.15,56.375,Friday,13,0
SRV-060,20-03-2026 14:30,Web,Windows Server,58.78,75.66,38.05,87.51,2081.4,1572.26,25.24,369.73,987,10335,9,218,980.75,55.12,Friday,14,0
SRV-036,20-03-2026 14:30,Web,Linux,76.73,74.61,37.52,61.38,2042.79,1563.75,27.32,338.55,1041,10330,7,313,722.95,57.15,Friday,14,0
SRV-058,20-03-2026 15:00,Application,Windows Server,78.16,64.01,55.73,68.73,1889.63,1383.44,21.43,290.22,733,10048,10,270,503.92,59.07,Friday,15,0
SRV-030,20-03-2026 15:30,Application,Linux,77.71,62.95,56.6,69.85,1980.84,1443.28,30.24,278.14,833,10104,8,291,1656.5,56.92,Friday,15,0
SRV-004,20-03-2026 15:30,Application,Windows Server,93.91,68.52,56.17,83.03,1932.4,1471.73,27.75,366.03,965,9964,14,329,580.1,67.14,Friday,15,0
SRV-030,20-03-2026 16:30,Application,Linux,59.27,63.91,49.28,69.35,1991.63,1495.8,15.75,306.0,1128,9938,7,194,387.72,58.18,Friday,16,0
SRV-092,20-03-2026 17:00,Application,Linux,68.78,76.73,49.25,77.43,2075.79,1535.75,17.46,336.41,827,9969,13,284,678.51,48.04,Friday,17,0
SRV-059,20-03-2026 17:30,Web,Windows Server,83.88,81.69,51.53,92.57,1803.14,1560.08,39.76,337.06,1102,10310,14,346,1334.63,62.49,Friday,17,0
SRV-091,20-03-2026 18:00,Web,Windows Server,96.87,58.99,53.94,77.03,2177.08,1538.23,30.67,306.46,779,10449,19,259,1031.95,64.2,Friday,18,0
SRV-007,20-03-2026 19:00,File,Linux,83.72,63.13,36.27,34.35,1145.02,862.47,22.83,363.04,529,5830,11,309,493.26,58.74,Friday,19,0
SRV-076,20-03-2026 19:30,Web,Linux,53.4,55.35,62.49,71.29,1393.08,1052.7,24.02,347.62,712,7101,16,232,742.07,56.39,Friday,19,0
SRV-026,20-03-2026 20:00,Web,Linux,67.07,63.59,83.07,75.05,1388.48,1049.18,26.48,267.15,572,7046,13,233,585.89,53.16,Friday,20,0
SRV-044,20-03-2026 21:00,Database,Linux,64.32,64.3,60.49,69.27,1410.08,1037.01,17.08,305.89,823,7517,9,206,346.95,59.39,Friday,21,0
SRV-060,20-03-2026 23:00,Web,Windows Server,53.0,62.56,61.18,66.53,1269.32,1066.93,23.19,280.56,576,6996,7,247,644.37,47.11,Friday,23,0
SRV-058,20-03-2026 23:30,Application,Windows Server,53.12,62.25,68.97,68.04,1331.41,974.86,23.69,285.39,502,6794,8,232,825.63,53.36,Friday,23,0
SRV-039,20-03-2026 23:30,Web,Windows Server,88.4,65.82,49.88,66.62,1386.86,1006.22,21.83,309.51,597,7057,9,287,765.07,61.71,Friday,23,0
SRV-036,21-03-2026 01:00,Web,Linux,47.24,50.44,59.8,54.9,1103.97,816.09,24.51,272.08,658,5956,6,295,899.66,52.91,Saturday,1,0
SRV-077,21-03-2026 01:00,Web,Linux,56.16,40.83,77.32,45.52,1109.83,853.25,19.26,220.13,621,5694,9,190,445.5,48.01,Saturday,1,0
SRV-095,21-03-2026 01:30,Database,Linux,42.72,43.08,80.24,38.1,1202.77,871.75,14.14,221.64,410,6078,5,183,723.8,43.23,Saturday,1,0
SRV-087,21-03-2026 02:00,Application,Linux,47.06,66.54,57.04,48.85,1175.92,750.51,4.44,254.4,446,5618,8,215,339.58,45.02,Saturday,2,0
SRV-020,21-03-2026 03:30,Application,Linux,54.8,61.3,66.83,27.01,995.62,769.71,17.23,240.38,401,5667,4,217,722.44,52.57,Saturday,3,0
SRV-022,21-03-2026 04:00,Database,Linux,41.76,46.4,44.16,79.89,1264.43,858.44,17.87,241.03,454,6028,6,200,568.33,47.97,Saturday,4,0
SRV-052,21-03-2026 04:00,Web,Windows Server,49.29,65.99,43.42,55.26,1098.75,873.97,25.08,227.8,623,5705,13,225,1118.79,54.51,Saturday,4,0
SRV-047,21-03-2026 04:30,Database,Linux,53.09,49.68,49.0,45.1,1220.39,840.09,18.69,283.09,560,6069,10,257,587.12,44.74,Saturday,4,0
SRV-005,21-03-2026 06:00,Web,Windows Server,90.13,58.88,46.37,54.78,1208.08,844.73,22.62,281.19,614,5715,14,250,825.7,59.42,Saturday,6,0
SRV-026,21-03-2026 06:30,Web,Linux,60.21,71.79,48.56,47.79,1158.87,842.8,27.51,201.27,593,5756,9,247,1284.16,53.16,Saturday,6,0
SRV-081,21-03-2026 07:30,Application,Windows Server,80.71,47.24,53.39,66.07,1005.65,774.85,16.96,277.06,652,5694,12,337,671.84,54.58,Saturday,7,0
SRV-017,21-03-2026 08:00,Application,Windows Server,49.92,40.39,59.68,48.46,1146.1,846.22,23.58,231.65,578,5646,7,178,563.46,53.33,Saturday,8,0
SRV-057,21-03-2026 08:00,Database,Linux,50.91,60.86,66.36,58.38,1223.57,902.67,24.87,223.5,454,6240,9,216,621.12,54.67,Saturday,8,0
SRV-094,21-03-2026 09:30,Database,Windows Server,75.45,70.9,51.55,80.19,1812.57,1305.3,25.83,315.46,863,8701,11,261,947.52,61.23,Saturday,9,0
SRV-070,21-03-2026 10:00,Database,Windows Server,66.59,89.34,53.71,86.85,1665.07,1226.56,19.95,298.11,764,8710,10,319,532.8,62.52,Saturday,10,0
SRV-048,21-03-2026 10:00,Web,Linux,50.4,65.62,46.6,40.9,1610.9,1111.61,22.66,290.83,819,8297,8,192,576.89,50.41,Saturday,10,0
SRV-018,21-03-2026 11:00,Web,Windows Server,70.22,63.82,34.15,77.18,1659.17,1114.12,25.17,285.91,838,8148,15,268,501.68,55.8,Saturday,11,0
SRV-027,21-03-2026 11:00,Database,Linux,75.78,71.42,50.36,73.41,1749.83,1321.05,30.04,330.01,823,8634,14,327,612.89,55.36,Saturday,11,0
SRV-051,21-03-2026 11:00,Web,Windows Server,83.11,87.76,78.66,63.97,1723.31,1186.92,23.14,380.08,688,8167,17,307,1185.93,57.54,Saturday,11,0
SRV-038,21-03-2026 11:30,Database,Linux,62.09,59.97,60.13,47.76,1719.01,1292.94,24.71,323.68,680,8528,13,252,1281.49,51.59,Saturday,11,0
SRV-026,21-03-2026 11:30,Web,Linux,82.2,61.27,73.43,67.16,1497.83,1239.46,26.26,302.48,670,8118,6,259,768.7,57.7,Saturday,11,0
SRV-030,21-03-2026 12:00,Application,Linux,78.37,80.09,41.62,69.54,1534.7,1175.08,18.41,322.02,824,7850,14,184,899.57,62.74,Saturday,12,0
SRV-017,21-03-2026 12:00,Application,Windows Server,68.76,76.75,50.5,51.32,1573.64,1208.37,21.16,350.23,781,8000,16,274,340.88,55.79,Saturday,12,0
SRV-032,21-03-2026 12:30,API,Windows Server,69.6,87.88,61.16,75.55,1536.1,1281.0,28.61,397.82,846,8263,17,266,423.44,56.34,Saturday,12,0
SRV-057,21-03-2026 13:00,Database,Linux,55.23,85.37,48.34,57.92,1662.71,1214.85,19.89,331.34,961,8719,13,244,685.49,51.09,Saturday,13,0
SRV-006,21-03-2026 13:30,API,Windows Server,67.79,78.21,52.87,74.31,1550.13,1255.76,22.5,260.69,747,8357,10,236,1800.26,57.1,Saturday,13,0
SRV-078,21-03-2026 14:00,Application,Windows Server,73.63,47.16,47.26,82.3,1576.5,1139.94,23.26,308.71,542,7918,10,306,1062.05,61.02,Saturday,14,0
SRV-093,21-03-2026 14:30,Database,Linux,77.85,80.32,60.76,55.84,1665.19,1217.02,22.2,380.13,923,8531,14,309,457.8,58.48,Saturday,14,0
SRV-086,21-03-2026 14:30,Web,Windows Server,75.91,61.16,72.1,55.14,1703.59,1168.41,20.98,336.82,753,8190,13,239,924.98,60.43,Saturday,14,0
SRV-024,21-03-2026 16:00,API,Linux,72.89,77.42,52.92,45.15,1587.5,1246.66,23.55,371.7,935,8363,17,349,759.82,55.74,Saturday,16,0
SRV-013,21-03-2026 16:30,Application,Linux,61.72,53.78,57.13,53.94,1521.29,1118.96,25.52,244.79,814,7722,10,271,721.8,45.63,Saturday,16,0
SRV-024,21-03-2026 17:30,API,Linux,69.71,71.33,77.29,90.92,1532.27,1246.85,22.95,319.77,656,8324,8,298,554.09,64.1,Saturday,17,0
SRV-094,21-03-2026 19:00,Database,Windows Server,86.89,54.83,63.19,63.54,1191.67,1012.77,32.63,330.3,511,6074,10,297,573.66,59.26,Saturday,19,0
SRV-037,21-03-2026 19:30,Web,Windows Server,48.26,56.35,57.98,48.28,1059.86,828.44,22.24,299.35,583,5764,10,277,268.73,44.56,Saturday,19,0
SRV-021,21-03-2026 19:30,File,Linux,71.63,33.43,48.93,52.4,896.92,778.89,20.05,204.05,326,5012,5,310,345.69,52.33,Saturday,19,0
SRV-007,21-03-2026 19:30,File,Linux,52.77,50.46,58.37,42.88,1061.71,757.29,15.28,263.28,330,4976,3,248,357.51,48.3,Saturday,19,0
SRV-014,21-03-2026 20:30,File,Linux,58.99,50.64,23.97,36.31,964.01,720.87,20.9,295.74,501,4958,8,223,586.68,50.63,Saturday,20,0
SRV-090,21-03-2026 23:00,Application,Linux,53.92,51.37,70.39,46.43,1033.88,882.22,17.29,201.91,702,5669,7,275,905.62,47.5,Saturday,23,0
SRV-025,21-03-2026 23:30,File,Linux,51.49,53.35,47.76,31.37,988.82,685.6,23.68,229.46,585,4996,4,215,764.92,54.06,Saturday,23,0
SRV-036,22-03-2026 00:30,Web,Linux,61.53,40.12,43.09,55.5,1079.02,871.33,22.04,258.34,554,5938,9,172,1118.79,54.55,Sunday,0,0
SRV-099,22-03-2026 00:30,Web,Linux,68.36,63.48,37.61,30.43,1153.94,846.83,20.99,247.21,543,5844,12,286,418.05,49.37,Sunday,0,0
SRV-083,22-03-2026 01:30,File,Linux,50.7,60.29,41.79,35.22,950.6,773.49,16.67,205.73,345,4978,9,347,741.31,47.93,Sunday,1,0
SRV-037,22-03-2026 02:00,Web,Windows Server,82.57,46.26,61.87,53.2,1085.46,876.74,19.87,304.11,570,5708,9,298,683.65,59.93,Sunday,2,0
SRV-082,22-03-2026 04:30,Database,Windows Server,69.52,55.75,60.52,34.38,1213.62,862.42,24.25,277.38,419,6198,9,265,565.01,50.96,Sunday,4,0
SRV-027,22-03-2026 05:00,Database,Linux,49.64,71.73,44.73,47.61,1231.54,968.62,22.62,249.73,528,6260,16,211,445.42,48.97,Sunday,5,0
SRV-041,22-03-2026 05:30,Database,Linux,49.34,55.33,59.8,61.23,1182.99,868.34,20.41,239.39,412,6211,6,269,738.43,51.17,Sunday,5,0
SRV-074,22-03-2026 06:30,Web,Windows Server,58.35,62.32,44.92,46.03,1053.07,902.88,28.85,267.6,532,5776,13,194,1291.1,57.09,Sunday,6,0
SRV-004,22-03-2026 07:30,Application,Windows Server,59.64,63.94,63.71,39.53,1081.31,851.36,23.65,289.82,810,5728,8,285,692.66,49.73,Sunday,7,0
SRV-029,22-03-2026 07:30,Web,Linux,70.25,37.15,42.99,56.33,1063.26,867.63,23.98,273.31,589,5744,12,274,508.88,56.61,Sunday,7,0
SRV-051,22-03-2026 09:00,Web,Windows Server,89.89,73.53,59.66,44.5,1660.97,1172.09,31.86,300.41,765,8149,19,298,418.52,54.12,Sunday,9,0
SRV-094,22-03-2026 10:00,Database,Windows Server,64.04,77.75,51.44,43.46,1660.34,1278.51,16.74,263.6,800,8758,7,303,804.9,52.94,Sunday,10,0
SRV-047,22-03-2026 10:30,Database,Linux,79.06,65.29,65.62,53.05,1695.97,1265.0,35.81,358.39,910,8735,18,324,1018.43,52.48,Sunday,10,0
SRV-057,22-03-2026 12:00,Database,Linux,77.44,70.25,40.2,77.56,1669.88,1211.63,27.86,359.53,776,8750,14,329,831.66,55.99,Sunday,12,0
SRV-081,22-03-2026 12:30,Application,Windows Server,90.2,51.3,63.95,53.2,1551.82,1102.67,26.97,294.87,737,7798,10,321,664.0,54.5,Sunday,12,0
SRV-029,22-03-2026 14:00,Web,Linux,74.23,53.3,55.8,48.4,1554.51,1210.98,19.12,298.4,568,8291,8,297,425.01,52.0,Sunday,14,0
SRV-070,22-03-2026 15:00,Database,Windows Server,90.28,68.71,72.11,80.81,1788.73,1267.36,27.42,279.1,724,8712,11,314,956.98,63.07,Sunday,15,0
SRV-053,22-03-2026 16:00,File,Linux,63.74,43.91,51.62,62.55,1369.12,947.46,11.39,287.32,586,6629,10,319,1612.48,51.48,Sunday,16,0
SRV-094,22-03-2026 16:00,Database,Windows Server,75.15,64.76,53.55,62.16,1746.87,1327.39,27.14,335.08,897,8529,14,289,1512.89,54.84,Sunday,16,0
SRV-032,22-03-2026 17:00,API,Windows Server,67.51,59.44,46.32,64.97,1634.64,1189.98,27.77,267.71,710,8312,10,321,934.47,58.23,Sunday,17,0
SRV-066,22-03-2026 17:00,Application,Linux,61.26,93.09,68.52,50.78,1470.7,1098.46,28.62,303.24,699,7892,10,240,731.49,51.07,Sunday,17,0
SRV-068,22-03-2026 17:30,Database,Windows Server,65.96,59.96,44.26,43.91,1716.11,1309.42,33.64,345.8,812,8659,10,244,561.64,51.3,Sunday,17,0
SRV-013,22-03-2026 17:30,Application,Linux,97.29,60.69,54.71,72.51,1550.87,1188.94,24.04,366.64,756,8023,9,301,539.15,66.38,Sunday,17,0
SRV-085,22-03-2026 19:30,Web,Windows Server,57.55,35.89,42.67,29.94,1150.49,888.02,17.45,213.28,459,5811,9,295,549.26,54.8,Sunday,19,0
SRV-062,22-03-2026 19:30,Database,Windows Server,59.13,54.66,54.02,31.98,1179.0,870.07,25.72,276.8,455,5996,12,225,195.37,46.85,Sunday,19,0
SRV-011,22-03-2026 20:00,Database,Linux,72.96,47.99,62.07,61.66,1178.0,985.84,27.99,341.48,634,6104,8,235,1913.16,60.63,Sunday,20,0
SRV-074,22-03-2026 20:30,Web,Windows Server,75.33,46.43,63.85,65.66,1130.16,886.57,24.58,297.34,446,5896,9,309,432.33,62.04,Sunday,20,0
SRV-036,22-03-2026 20:30,Web,Linux,59.36,50.48,41.66,46.9,1152.2,899.44,24.31,323.52,601,5833,8,190,762.87,58.95,Sunday,20,0
SRV-004,22-03-2026 22:00,Application,Windows Server,58.01,56.59,52.01,37.45,990.35,776.16,29.47,310.64,892,5795,16,225,544.49,49.6,Sunday,22,0
SRV-076,22-03-2026 22:30,Web,Linux,32.39,60.2,68.32,42.52,1205.31,782.85,16.85,198.56,492,5905,4,227,147.17,44.5,Sunday,22,0
SRV-100,22-03-2026 23:00,API,Linux,56.88,62.4,44.19,38.66,1063.98,942.35,24.5,256.26,451,6037,7,274,520.7,49.04,Sunday,23,0
SRV-012,23-03-2026 02:00,API,Linux,77.74,74.11,55.38,66.83,1343.74,991.95,25.37,299.49,712,7281,8,249,672.04,60.33,Monday,2,0
SRV-047,23-03-2026 02:00,Database,Linux,76.24,63.91,67.97,68.38,1410.97,1088.25,25.22,315.58,622,7481,15,308,1063.25,60.83,Monday,2,0
SRV-095,23-03-2026 03:00,Database,Linux,74.25,73.19,58.83,62.01,1397.65,1050.25,32.34,308.75,942,7486,14,334,443.31,60.71,Monday,3,0
SRV-082,23-03-2026 04:00,Database,Windows Server,72.16,57.08,56.2,46.52,1519.75,1062.85,33.35,334.58,794,7455,9,275,892.72,50.87,Monday,4,0
SRV-045,23-03-2026 04:00,File,Linux,74.53,51.91,37.76,61.72,1084.37,890.83,29.04,284.26,689,5820,11,320,513.51,54.9,Monday,4,0
SRV-054,23-03-2026 04:00,Application,Linux,67.5,51.26,39.78,64.32,1337.93,989.97,26.62,295.18,542,6755,16,253,707.34,56.42,Monday,4,0
SRV-037,23-03-2026 04:30,Web,Windows Server,53.05,45.1,76.14,47.04,1457.52,1011.82,18.84,238.83,713,7065,6,256,1595.98,56.28,Monday,4,0
SRV-008,23-03-2026 05:30,File,Linux,60.6,66.49,62.28,61.5,1093.22,829.29,24.37,277.84,376,5937,12,278,739.9,55.4,Monday,5,0
SRV-088,23-03-2026 05:30,Database,Linux,52.7,76.3,63.65,46.97,1478.15,1145.32,25.76,367.1,644,7475,16,246,987.86,49.51,Monday,5,0
SRV-047,23-03-2026 06:30,Database,Linux,60.66,62.73,60.85,59.13,1499.83,1094.77,23.52,299.33,576,7390,11,281,828.31,51.26,Monday,6,0
SRV-084,23-03-2026 06:30,Web,Linux,50.18,61.27,47.12,56.75,1329.82,1017.58,22.58,281.08,661,7224,7,266,663.93,56.375,Monday,6,0
SRV-098,23-03-2026 07:30,Web,Windows Server,52.03,58.97,72.99,30.76,1402.28,939.42,14.84,267.18,661,6963,3,237,825.63,52.83,Monday,7,0
SRV-096,23-03-2026 08:00,Application,Linux,38.14,87.28,50.89,57.02,1412.75,994.01,25.2,249.86,612,6905,10,154,850.96,47.71,Monday,8,0
SRV-015,23-03-2026 13:00,Database,Linux,71.0,67.81,72.86,87.93,2085.51,1604.75,22.62,348.64,976,11121,9,334,1127.34,63.12,Monday,13,0
SRV-086,23-03-2026 13:30,Web,Windows Server,89.36,79.48,36.36,76.04,1964.11,1445.93,31.1,411.03,844,10317,12,284,715.12,65.88,Monday,13,1
SRV-088,23-03-2026 13:30,Database,Linux,68.07,71.82,74.23,67.64,2224.76,1625.1,23.65,321.64,1100,11136,8,294,947.49,53.66,Monday,13,0
SRV-054,23-03-2026 13:30,Application,Linux,91.07,76.21,37.38,84.83,1973.52,1489.0,22.65,353.02,814,9921,12,337,586.81,69.45,Monday,13,0
SRV-012,23-03-2026 14:00,API,Linux,76.15,81.73,45.13,85.44,2116.14,1541.82,33.9,394.25,1146,10754,11,325,724.63,59.77,Monday,14,0
SRV-040,23-03-2026 14:30,Application,Linux,71.57,79.22,40.84,73.8,1931.28,1442.99,32.59,368.96,912,10005,15,281,251.5,57.7,Monday,14,0
SRV-087,23-03-2026 14:30,Application,Linux,83.66,72.44,84.89,83.48,2012.6,1489.23,28.01,358.9,850,10174,16,370,193.36,62.82,Monday,14,0
SRV-084,23-03-2026 14:30,Web,Linux,77.3,77.08,51.8,78.67,2014.01,1503.59,26.57,307.85,965,10267,13,299,137.14,60.38,Monday,14,0
SRV-054,23-03-2026 15:30,Application,Linux,66.91,82.76,53.11,82.26,1969.88,1460.47,18.8,335.3,1003,10140,8,325,655.12,55.55,Monday,15,0
SRV-078,23-03-2026 15:30,Application,Windows Server,66.95,72.22,61.62,54.64,2008.16,1516.56,24.5,294.35,876,10041,7,320,731.82,60.42,Monday,15,0
SRV-033,23-03-2026 15:30,Database,Linux,92.49,73.05,51.37,97.24,2122.7,1612.16,25.5,311.09,1139,11059,13,321,1030.45,66.36,Monday,15,0
SRV-029,23-03-2026 16:00,Web,Linux,80.08,85.35,72.76,87.77,2065.33,1603.01,33.25,347.41,1323,10354,10,356,549.62,63.87,Monday,16,0
SRV-021,23-03-2026 16:00,File,Linux,72.57,74.47,85.7,66.82,1581.04,1219.29,24.2,313.18,721,8333,10,291,684.03,56.49,Monday,16,0
SRV-018,23-03-2026 16:30,Web,Windows Server,79.38,76.35,72.66,81.73,2044.38,1503.09,21.68,277.72,959,10408,12,293,479.5,64.94,Monday,16,0
SRV-067,23-03-2026 20:30,Application,Windows Server,66.64,73.19,66.13,53.51,1394.35,1057.6,25.41,367.73,702,6823,11,268,528.22,57.51,Monday,20,0
SRV-076,23-03-2026 22:30,Web,Linux,56.03,58.05,68.48,52.09,1313.22,964.32,20.5,289.85,527,6906,5,278,670.35,54.9,Monday,22,0
SRV-096,23-03-2026 22:30,Application,Linux,80.76,58.21,64.6,63.59,1171.26,970.59,30.53,288.18,554,6741,9,258,1015.62,59.47,Monday,22,0
SRV-019,23-03-2026 23:30,File,Linux,71.94,75.03,39.44,60.82,1091.85,823.57,23.94,326.65,319,5901,13,248,814.98,57.14,Monday,23,0
SRV-059,24-03-2026 00:00,Web,Windows Server,54.98,50.8,66.04,71.79,1348.97,1007.86,17.56,249.36,345,7055,8,264,1063.71,53.34,Tuesday,0,0
SRV-064,24-03-2026 00:30,File,Linux,71.77,59.74,38.35,12.59,1121.54,771.0,24.37,337.7,679,5890,12,252,220.65,54.33,Tuesday,0,0
SRV-034,24-03-2026 02:00,Database,Linux,74.11,61.97,53.93,49.65,1426.25,1038.06,25.64,312.23,750,7395,8,278,378.5,58.07,Tuesday,2,0
SRV-090,24-03-2026 03:30,Application,Linux,50.69,64.21,57.54,34.32,1323.92,1044.33,30.21,314.51,655,6816,11,238,689.29,58.04,Tuesday,3,0
SRV-091,24-03-2026 04:00,Web,Windows Server,74.66,58.58,68.75,82.53,1387.29,1049.7,30.32,319.93,845,7113,11,267,530.98,61.32,Tuesday,4,0
SRV-047,24-03-2026 04:30,Database,Linux,53.12,80.46,53.39,43.03,1443.45,1055.65,26.09,296.04,825,7463,14,244,875.77,50.03,Tuesday,4,0
SRV-020,24-03-2026 04:30,Application,Linux,73.38,55.72,41.51,50.22,1322.13,991.9,17.97,274.18,668,6786,13,210,726.87,55.83,Tuesday,4,0
SRV-040,24-03-2026 05:00,Application,Linux,59.31,75.15,42.11,68.91,1400.55,996.55,20.78,271.8,898,6815,14,230,518.1,60.06,Tuesday,5,0
SRV-068,24-03-2026 05:30,Database,Windows Server,52.13,64.76,49.93,64.0,1521.08,1073.44,26.03,302.16,861,7420,10,227,554.79,54.12,Tuesday,5,0
SRV-047,24-03-2026 07:30,Database,Linux,79.17,71.98,64.19,51.32,1478.44,1204.45,17.7,300.39,835,7553,9,330,718.06,55.1,Tuesday,7,0
SRV-040,24-03-2026 07:30,Application,Linux,65.61,82.68,73.96,50.29,1329.73,1007.0,11.9,306.03,628,6744,10,239,560.52,53.65,Tuesday,7,0
SRV-061,24-03-2026 08:00,Application,Linux,68.25,59.96,45.97,68.91,1404.8,958.04,20.99,316.72,467,6929,12,260,778.25,65.83,Tuesday,8,0
SRV-045,24-03-2026 08:30,File,Linux,62.06,68.55,56.72,50.81,1127.74,948.95,28.47,294.84,687,5845,8,287,361.23,50.64,Tuesday,8,0
SRV-011,24-03-2026 09:30,Database,Linux,75.6,71.58,43.42,80.17,2068.26,1664.25,35.25,315.32,1033,11206,9,228,317.2,54.86,Tuesday,9,0
SRV-054,24-03-2026 10:00,Application,Linux,85.63,82.72,37.87,83.44,1989.18,1454.01,35.51,343.59,1023,9989,8,307,1193.54,55.73,Tuesday,10,0
SRV-003,24-03-2026 13:30,API,Linux,75.35,77.66,69.62,90.77,2069.76,1600.47,29.57,328.81,1050,10524,14,308,1001.14,57.26,Tuesday,13,0
SRV-087,24-03-2026 18:00,Application,Linux,88.07,81.97,62.95,78.23,2015.82,1468.13,28.03,336.14,873,9985,12,269,947.55,64.93,Tuesday,18,0
SRV-038,24-03-2026 19:30,Database,Linux,62.45,78.44,52.05,89.63,1457.02,1062.15,20.91,327.54,653,7400,9,271,652.96,51.37,Tuesday,19,0
SRV-028,24-03-2026 20:00,Web,Linux,75.7,67.14,78.68,58.12,1371.42,1053.61,32.02,330.42,701,7073,7,320,1137.09,56.06,Tuesday,20,0
SRV-030,24-03-2026 20:30,Application,Linux,46.51,72.49,66.74,51.85,1370.62,1068.53,23.9,206.34,654,6959,8,193,1745.63,46.45,Tuesday,20,0
SRV-060,24-03-2026 21:00,Web,Windows Server,70.14,65.76,53.14,41.21,1399.58,1004.28,27.54,281.18,596,7041,12,281,1243.41,54.27,Tuesday,21,0
SRV-084,24-03-2026 21:30,Web,Linux,71.33,74.45,65.09,75.75,1397.84,1030.01,22.19,351.38,651,6975,14,280,564.44,55.67,Tuesday,21,0
SRV-093,24-03-2026 21:30,Database,Linux,56.34,64.19,58.52,67.5,1447.81,1121.97,22.96,283.42,652,7608,8,212,1024.69,49.64,Tuesday,21,0
SRV-020,25-03-2026 01:00,Application,Linux,62.25,53.67,42.54,65.76,1360.64,964.83,29.21,363.47,618,6809,10,247,901.88,59.06,Wednesday,1,0
SRV-036,25-03-2026 01:00,Web,Linux,59.14,73.16,61.01,74.72,1356.01,1025.79,17.06,245.75,491,7043,6,306,497.11,59.0,Wednesday,1,0
SRV-086,25-03-2026 02:30,Web,Windows Server,68.08,50.75,52.52,55.55,1435.46,986.77,30.04,311.45,840,7035,13,271,742.75,54.29,Wednesday,2,0
SRV-041,25-03-2026 03:00,Database,Linux,76.91,68.38,48.21,56.66,1465.33,1147.24,22.26,315.54,673,7409,11,234,606.46,58.78,Wednesday,3,0
SRV-087,25-03-2026 04:00,Application,Linux,70.97,60.8,56.84,68.17,1338.24,982.59,15.82,205.56,689,6844,8,359,528.84,52.45,Wednesday,4,0
SRV-092,25-03-2026 04:00,Application,Linux,63.46,59.05,70.9,61.24,1325.94,1050.27,22.72,316.81,792,6892,7,303,1417.31,60.16,Wednesday,4,0
SRV-081,25-03-2026 06:00,Application,Windows Server,64.52,62.22,63.83,38.82,1417.23,1066.66,19.8,253.84,701,6874,6,286,965.52,52.36,Wednesday,6,0
SRV-066,25-03-2026 07:30,Application,Linux,89.58,58.61,65.07,54.14,1292.1,1013.77,28.93,264.46,792,6792,13,293,794.4,63.13,Wednesday,7,0
SRV-040,25-03-2026 10:30,Application,Linux,91.24,79.42,38.37,67.98,2007.72,1480.51,25.97,332.92,1040,10032,13,329,613.37,61.4,Wednesday,10,0
SRV-035,25-03-2026 11:30,Database,Linux,90.27,79.26,58.85,92.3,2097.86,1659.45,37.62,402.23,1122,10976,13,304,834.4,66.45,Wednesday,11,0
SRV-020,25-03-2026 11:30,Application,Linux,93.12,73.9,61.36,65.24,2020.5,1509.07,22.65,314.75,854,10034,14,330,564.91,60.75,Wednesday,11,0
SRV-055,25-03-2026 12:30,Application,Linux,90.07,73.19,43.45,83.14,1891.24,1408.21,26.78,377.87,983,9842,14,324,547.94,59.03,Wednesday,12,0
SRV-080,25-03-2026 13:30,File,Windows Server,51.51,89.31,81.37,38.78,1623.23,1185.87,36.46,335.24,1053,8268,10,184,787.66,56.76,Wednesday,13,0
SRV-077,25-03-2026 16:30,Web,Linux,78.98,59.53,46.12,71.81,1967.07,1468.67,21.55,305.52,878,10247,12,320,718.07,59.49,Wednesday,16,0
SRV-049,25-03-2026 17:30,Application,Linux,93.53,67.84,68.12,73.29,1937.12,1430.65,31.76,272.25,1257,9901,8,297,647.34,63.56,Wednesday,17,0
SRV-070,25-03-2026 18:00,Database,Windows Server,83.83,93.12,37.87,88.67,2155.67,1674.51,18.98,295.08,1097,11043,10,352,1233.26,57.46,Wednesday,18,0
SRV-049,25-03-2026 19:00,Application,Linux,61.11,57.02,29.09,38.55,1223.46,993.1,20.72,271.93,601,6783,9,307,353.76,55.28,Wednesday,19,0
SRV-019,25-03-2026 19:30,File,Linux,46.61,64.26,69.04,54.56,1132.12,865.26,19.97,283.53,626,5946,14,248,721.88,49.5,Wednesday,19,0
SRV-030,25-03-2026 19:30,Application,Linux,64.64,57.22,52.14,48.25,1235.51,957.16,29.42,293.61,693,6814,9,273,1201.66,56.46,Wednesday,19,0
SRV-073,25-03-2026 21:30,API,Linux,63.21,69.84,63.28,71.7,1383.84,992.25,27.92,349.7,693,7191,8,242,1150.12,57.28,Wednesday,21,0
SRV-100,25-03-2026 21:30,API,Linux,64.95,48.63,41.57,78.92,1405.59,1045.81,24.72,234.45,593,7232,9,284,438.82,52.29,Wednesday,21,0
SRV-010,25-03-2026 22:00,Database,Windows Server,67.63,65.53,57.88,40.47,1415.27,952.64,26.2,279.82,683,7458,12,284,1059.3,53.49,Wednesday,22,0
SRV-072,26-03-2026 00:00,Database,Linux,55.02,54.74,81.72,55.79,1411.46,997.67,30.42,218.94,745,7119,8,215,603.61,56.375,Thursday,0,0
SRV-001,26-03-2026 01:30,File,Windows Server,72.18,80.52,40.29,59.85,1168.83,907.81,22.68,314.75,238,5813,10,309,887.38,52.74,Thursday,1,0
SRV-013,26-03-2026 02:00,Application,Linux,57.69,63.39,48.2,53.26,1331.7,1024.57,22.05,332.97,455,6719,12,264,1610.57,50.62,Thursday,2,0
SRV-015,26-03-2026 04:00,Database,Linux,75.03,80.24,50.97,82.39,1311.15,1078.44,26.44,309.0,728,7273,9,263,1376.68,57.15,Thursday,4,0
SRV-081,26-03-2026 04:30,Application,Windows Server,68.76,68.71,69.67,84.75,1295.51,1032.91,26.26,278.45,459,6792,10,234,835.41,49.83,Thursday,4,0
SRV-098,26-03-2026 04:30,Web,Windows Server,71.5,61.08,50.9,71.57,1281.39,915.68,34.19,302.16,558,7063,6,302,877.63,54.64,Thursday,4,0
SRV-001,26-03-2026 06:00,File,Windows Server,57.21,63.75,35.4,60.42,1117.82,782.96,20.43,271.48,517,5864,14,223,767.74,51.39,Thursday,6,0
SRV-098,26-03-2026 06:30,Web,Windows Server,43.1,51.94,42.46,49.43,1339.0,1060.5,22.81,238.57,642,7120,9,193,958.01,53.66,Thursday,6,0
SRV-045,26-03-2026 07:00,File,Linux,44.21,61.83,52.18,48.93,1237.48,885.42,22.79,301.7,663,6081,7,247,414.22,47.22,Thursday,7,0
SRV-058,26-03-2026 07:30,Application,Windows Server,66.37,45.03,49.62,67.0,1360.63,999.04,26.88,273.82,502,6869,7,238,352.13,53.22,Thursday,7,0
SRV-039,26-03-2026 08:30,Web,Windows Server,49.9,59.31,28.86,43.65,1361.01,967.06,30.1,299.36,606,7070,5,285,278.52,50.94,Thursday,8,0
SRV-047,26-03-2026 11:30,Database,Linux,82.28,74.31,57.32,65.85,2288.8,1631.14,31.02,381.16,1014,11117,7,216,735.57,53.94,Thursday,11,0
SRV-035,26-03-2026 12:30,Database,Linux,79.99,73.76,58.9,71.37,2150.97,1620.19,32.49,349.99,819,11096,13,336,457.78,59.3,Thursday,12,0
SRV-062,26-03-2026 12:30,Database,Windows Server,99.0,63.84,54.32,99.0,2139.48,1603.72,38.7,288.2,1120,11127,13,307,1112.8,56.86,Thursday,12,0
SRV-013,26-03-2026 14:00,Application,Linux,98.85,92.86,51.49,79.6,1916.93,1462.92,31.2,369.76,843,10153,17,338,787.85,70.05,Thursday,14,1
SRV-021,26-03-2026 15:00,File,Linux,65.83,70.85,47.03,60.64,1711.14,1142.08,20.59,273.87,931,8254,8,303,440.95,47.5,Thursday,15,0
SRV-078,26-03-2026 16:00,Application,Windows Server,86.91,74.94,65.4,87.77,1931.27,1477.79,32.15,387.39,850,9925,16,292,946.9,62.21,Thursday,16,0
SRV-083,26-03-2026 16:30,File,Linux,81.45,64.24,77.65,65.49,1548.94,1266.8,22.55,253.99,743,8329,12,280,873.22,58.17,Thursday,16,0
SRV-071,26-03-2026 17:00,Web,Linux,80.83,66.03,68.31,64.08,2106.95,1563.59,26.13,328.2,1185,10436,14,255,238.63,61.89,Thursday,17,0
SRV-016,26-03-2026 17:30,Web,Windows Server,83.82,86.83,61.15,91.78,2051.92,1501.12,32.21,363.34,926,10393,14,361,454.93,62.64,Thursday,17,0
SRV-061,26-03-2026 18:00,Application,Linux,76.71,63.99,62.82,66.74,1925.59,1400.62,22.3,306.25,933,9736,7,270,308.66,58.77,Thursday,18,0
SRV-095,26-03-2026 18:30,Database,Linux,54.75,41.75,49.0,65.11,1378.43,1094.64,16.96,246.32,673,7273,5,240,563.36,57.21,Thursday,18,0
SRV-023,26-03-2026 18:30,API,Linux,50.35,44.37,45.83,53.43,1373.32,1265.78,20.69,241.29,593,7256,6,238,891.05,54.33,Thursday,18,0
SRV-042,26-03-2026 19:00,File,Linux,48.77,71.9,46.53,46.89,1201.25,940.03,17.32,243.94,583,5857,7,228,923.66,49.01,Thursday,19,0
SRV-048,26-03-2026 21:30,Web,Linux,66.58,40.66,52.49,50.63,1344.18,1107.14,24.5,265.79,497,7090,7,280,392.69,56.24,Thursday,21,0
SRV-041,26-03-2026 21:30,Database,Linux,67.32,78.18,71.06,60.01,1332.3,1033.42,29.97,302.6,673,7397,7,261,653.74,62.84,Thursday,21,0
SRV-036,26-03-2026 21:30,Web,Linux,76.97,79.08,59.17,63.56,1333.12,970.49,16.95,359.63,627,6943,17,319,1103.83,56.59,Thursday,21,0
SRV-078,26-03-2026 21:30,Application,Windows Server,71.77,45.75,52.76,55.38,1362.47,951.36,29.63,256.3,543,6813,9,237,321.43,55.87,Thursday,21,0
SRV-014,26-03-2026 23:30,File,Linux,52.59,64.21,46.7,44.88,1148.04,783.22,20.22,229.12,647,5695,9,159,1079.15,56.75,Thursday,23,0
SRV-031,27-03-2026 00:00,Application,Linux,65.34,69.33,60.33,58.99,1307.96,1015.63,30.26,318.62,654,6751,7,251,826.4,45.21,Friday,0,0
SRV-067,27-03-2026 01:30,Application,Windows Server,56.09,56.45,71.31,48.55,1350.05,1037.92,23.71,294.4,563,6921,9,336,959.82,53.28,Friday,1,0
SRV-097,27-03-2026 02:00,Database,Linux,73.09,43.43,55.96,41.89,1440.18,1052.72,20.36,333.0,618,7349,14,282,364.96,54.71,Friday,2,0
SRV-073,27-03-2026 02:30,API,Linux,77.98,75.01,30.32,39.29,1471.92,1091.32,20.6,350.07,579,7334,9,280,599.48,57.2,Friday,2,0
SRV-100,27-03-2026 05:00,API,Linux,82.88,62.46,73.54,69.53,1441.6,976.36,27.73,296.83,633,7273,9,231,515.2,60.57,Friday,5,0
SRV-033,27-03-2026 05:30,Database,Linux,86.43,54.86,59.25,74.29,1388.76,1100.33,25.05,253.33,564,7313,11,343,475.53,58.24,Friday,5,0
SRV-029,27-03-2026 05:30,Web,Linux,59.28,58.87,49.59,49.21,1303.06,971.76,31.75,257.31,536,7058,7,244,739.63,50.78,Friday,5,0
SRV-022,27-03-2026 06:30,Database,Linux,66.93,53.54,79.37,65.49,1505.99,1065.0,25.67,273.4,459,7425,4,274,1276.25,54.2,Friday,6,0
SRV-083,27-03-2026 07:00,File,Linux,74.3,55.98,43.67,30.68,1121.62,879.95,29.02,294.87,766,5972,10,276,776.66,57.37,Friday,7,0
SRV-080,27-03-2026 07:00,File,Windows Server,54.22,50.34,49.27,58.97,1147.24,939.87,22.34,248.29,468,5930,6,237,567.58,53.76,Friday,7,0
SRV-075,27-03-2026 08:30,Web,Linux,73.12,83.6,71.06,65.47,1334.27,1016.9,19.31,279.95,648,7000,7,310,610.47,58.14,Friday,8,0
SRV-012,27-03-2026 08:30,API,Linux,64.84,60.87,49.54,58.73,1453.96,1082.38,29.76,304.89,658,7370,9,239,385.03,56.61,Friday,8,0
SRV-021,27-03-2026 09:00,File,Linux,74.21,55.59,35.62,57.28,1518.03,1237.39,31.32,314.56,641,8275,11,276,342.56,59.51,Friday,9,0
SRV-062,27-03-2026 09:00,Database,Windows Server,90.33,87.89,54.65,64.84,2074.23,1697.59,28.19,329.78,977,11138,11,313,768.46,63.32,Friday,9,0
SRV-009,27-03-2026 09:00,Web,Linux,85.28,71.35,72.49,79.2,1973.35,1486.52,30.75,343.3,996,10385,17,256,561.65,60.54,Friday,9,0
SRV-028,27-03-2026 09:00,Web,Linux,70.11,72.55,71.62,79.52,1935.95,1455.3,27.65,302.16,989,10362,7,274,1365.17,56.21,Friday,9,0
SRV-012,27-03-2026 12:00,API,Linux,94.2,75.69,60.47,86.06,2112.67,1543.82,18.79,343.3,921,10702,15,275,526.21,66.27,Friday,12,0
SRV-085,27-03-2026 12:30,Web,Windows Server,82.39,76.87,64.89,87.64,2049.74,1572.87,31.22,411.07,802,10598,14,307,325.41,66.26,Friday,12,0
SRV-085,27-03-2026 12:30,Web,Windows Server,71.05,74.94,61.14,87.28,2001.19,1424.06,23.41,364.96,1083,10272,9,245,662.68,60.18,Friday,12,0
SRV-088,27-03-2026 13:00,Database,Linux,84.26,74.05,62.23,99.0,2167.05,1602.62,22.12,357.78,997,11051,17,332,663.43,65.89,Friday,13,0
SRV-055,27-03-2026 14:00,Application,Linux,70.89,91.39,59.46,73.15,1894.48,1392.29,28.38,311.21,857,10046,12,253,970.62,57.22,Friday,14,0
SRV-062,27-03-2026 15:00,Database,Windows Server,93.21,76.81,39.89,97.82,2148.83,1680.18,18.22,342.5,1362,11165,12,299,876.16,65.22,Friday,15,0
SRV-003,27-03-2026 15:30,API,Linux,60.39,82.87,57.58,82.33,2123.71,1587.19,28.52,324.71,1067,10641,10,227,349.08,56.24,Friday,15,0
SRV-011,27-03-2026 16:00,Database,Linux,52.69,70.06,31.91,76.14,2064.96,1504.01,29.26,290.55,982,10983,5,231,1014.85,59.73,Friday,16,0
SRV-051,27-03-2026 16:30,Web,Windows Server,70.94,75.84,72.59,60.22,1992.87,1477.55,27.96,323.95,1044,10396,19,341,1158.66,56.68,Friday,16,0
SRV-094,27-03-2026 18:00,Database,Windows Server,70.41,75.07,34.11,73.21,2110.62,1580.67,25.0,331.4,1016,11011,13,263,344.8,58.29,Friday,18,0
SRV-077,27-03-2026 18:00,Web,Linux,78.59,92.66,70.68,81.9,2083.04,1495.77,27.09,311.91,1106,10266,6,290,255.3,59.7,Friday,18,0
SRV-014,27-03-2026 18:30,File,Linux,64.31,57.14,57.65,56.14,1150.81,772.14,21.33,235.49,570,5926,4,280,1884.53,58.37,Friday,18,0
SRV-082,27-03-2026 18:30,Database,Windows Server,56.31,63.27,50.04,65.31,1517.25,1087.25,18.0,231.74,717,7416,10,324,1144.65,54.6,Friday,18,0
SRV-049,27-03-2026 19:00,Application,Linux,42.86,64.35,59.6,40.22,1297.39,937.29,16.4,261.0,540,6827,12,255,533.74,47.65,Friday,19,0
SRV-019,27-03-2026 19:00,File,Linux,40.34,43.96,44.98,47.18,1177.03,840.1,23.62,269.73,470,5952,4,228,652.08,46.07,Friday,19,0
SRV-016,27-03-2026 20:00,Web,Windows Server,65.51,65.33,43.98,56.68,1370.64,1046.58,16.13,312.13,596,6980,12,254,487.12,53.93,Friday,20,0
SRV-019,27-03-2026 20:30,File,Linux,58.37,65.1,46.69,50.79,1108.0,827.6,26.84,268.05,673,5849,9,249,824.48,44.54,Friday,20,0
SRV-091,27-03-2026 20:30,Web,Windows Server,64.46,72.72,34.02,88.55,1355.17,1085.92,19.15,316.95,527,7004,7,280,1405.85,58.15,Friday,20,0
SRV-013,27-03-2026 20:30,Application,Linux,74.14,58.12,56.13,66.78,1278.55,1083.48,28.76,264.76,707,6824,5,285,633.63,59.62,Friday,20,0
SRV-025,27-03-2026 21:00,File,Linux,54.54,58.0,67.53,45.07,1077.53,913.45,19.84,299.19,485,5716,11,200,635.22,56.375,Friday,21,0
SRV-098,27-03-2026 21:00,Web,Windows Server,75.62,70.16,48.7,77.56,1275.85,950.88,31.06,310.86,753,6916,12,251,338.58,56.08,Friday,21,0
SRV-081,27-03-2026 22:00,Application,Windows Server,73.79,58.95,52.05,55.43,1285.7,1088.25,20.32,291.58,497,6886,16,306,590.66,60.4,Friday,22,0
SRV-011,27-03-2026 23:00,Database,Linux,73.7,55.33,68.98,62.8,1326.07,1147.67,21.26,251.83,699,7403,9,316,445.76,58.35,Friday,23,0
SRV-025,27-03-2026 23:00,File,Linux,62.21,35.31,32.34,49.41,1221.65,864.87,22.58,252.08,789,5917,6,213,967.87,55.64,Friday,23,0
SRV-083,27-03-2026 23:30,File,Linux,36.66,69.9,55.98,16.65,1081.75,819.19,14.59,270.45,389,5844,7,142,258.19,46.69,Friday,23,0
SRV-039,27-03-2026 23:30,Web,Windows Server,87.92,60.91,56.7,72.88,1409.77,1070.53,24.03,346.18,530,7170,18,344,807.2,58.91,Friday,23,0
SRV-007,28-03-2026 00:00,File,Linux,58.8,35.95,58.79,11.47,964.42,741.5,21.06,250.64,524,4922,4,257,757.61,50.05,Saturday,0,0
SRV-083,28-03-2026 00:30,File,Linux,47.14,53.81,53.54,32.45,1041.05,802.22,20.32,322.66,480,5026,4,229,832.49,50.51,Saturday,0,0
SRV-094,28-03-2026 00:30,Database,Windows Server,69.97,67.05,61.45,76.54,1202.71,884.15,20.99,305.32,545,6006,8,292,244.62,58.68,Saturday,0,0
SRV-037,28-03-2026 01:30,Web,Windows Server,61.74,53.39,54.68,40.53,1119.39,891.55,14.34,245.88,522,5915,9,298,984.29,52.13,Saturday,1,0
SRV-054,28-03-2026 03:00,Application,Linux,63.24,67.85,54.96,68.93,1087.19,847.53,22.05,308.61,801,5699,6,222,785.58,52.87,Saturday,3,0
SRV-078,28-03-2026 03:00,Application,Windows Server,54.22,51.86,56.35,43.73,1175.3,827.99,19.31,210.24,409,5712,6,294,1000.36,56.375,Saturday,3,0
SRV-020,28-03-2026 04:00,Application,Linux,61.05,74.6,69.03,54.26,1174.81,798.12,22.97,263.62,590,5589,10,199,736.6,55.59,Saturday,4,0
SRV-026,28-03-2026 04:00,Web,Linux,43.11,66.2,51.98,32.9,1147.86,846.94,21.55,273.42,446,5886,11,132,958.19,48.47,Saturday,4,0
SRV-074,28-03-2026 04:30,Web,Windows Server,56.7,52.02,40.95,35.71,1071.34,970.16,28.76,270.22,294,5776,4,220,279.64,54.18,Saturday,4,0
SRV-003,28-03-2026 04:30,API,Linux,47.99,54.67,36.83,56.89,1069.13,906.56,16.25,227.23,483,6039,8,259,545.13,51.46,Saturday,4,0
SRV-021,28-03-2026 06:30,File,Linux,65.82,38.01,43.5,46.66,971.67,648.45,15.6,223.22,590,4954,9,271,648.3,57.48,Saturday,6,0
SRV-033,28-03-2026 07:00,Database,Linux,57.67,64.06,69.05,48.42,1150.06,984.01,24.56,355.19,696,6145,13,258,683.26,49.45,Saturday,7,0
SRV-075,28-03-2026 07:30,Web,Linux,50.33,56.92,63.88,46.56,1198.46,828.08,13.94,251.99,416,5796,8,252,604.03,49.17,Saturday,7,0
SRV-014,28-03-2026 08:00,File,Linux,55.97,53.69,54.47,49.52,1068.26,775.16,29.59,328.74,411,4941,7,200,448.7,49.07,Saturday,8,0
SRV-023,28-03-2026 09:30,API,Linux,71.25,62.13,33.21,55.62,1560.48,1221.36,13.81,322.75,640,8427,10,275,423.7,55.59,Saturday,9,0
SRV-064,28-03-2026 11:00,File,Linux,66.87,48.9,56.44,58.07,1197.87,998.15,17.05,241.41,460,6687,11,262,780.56,55.81,Saturday,11,0
SRV-074,28-03-2026 12:00,Web,Windows Server,75.53,61.01,55.86,83.02,1559.47,1101.35,26.72,295.35,678,8120,11,282,490.05,55.24,Saturday,12,0
SRV-038,28-03-2026 12:30,Database,Linux,66.41,53.41,60.53,83.06,1700.19,1275.27,22.68,284.8,1001,8444,8,229,226.53,60.64,Saturday,12,0
SRV-048,28-03-2026 13:00,Web,Linux,60.45,63.21,76.04,65.25,1551.0,1152.98,38.09,317.8,686,8142,11,220,930.4,60.65,Saturday,13,0
SRV-078,28-03-2026 14:30,Application,Windows Server,55.21,49.54,56.4,63.95,1526.5,1261.4,34.0,256.12,646,7942,6,269,429.08,54.43,Saturday,14,0
SRV-052,28-03-2026 14:30,Web,Windows Server,75.46,59.74,45.3,55.93,1442.1,1210.87,26.75,352.08,902,8120,12,322,317.35,54.08,Saturday,14,0
SRV-029,28-03-2026 16:00,Web,Linux,78.31,79.41,69.32,65.72,1573.76,1192.36,32.52,325.07,888,8027,8,225,537.13,58.92,Saturday,16,0
SRV-073,28-03-2026 17:30,API,Linux,69.75,65.35,67.26,39.83,1578.11,1227.27,29.38,326.89,774,8349,10,281,1995.59,49.25,Saturday,17,0
SRV-019,28-03-2026 17:30,File,Linux,73.63,59.41,42.28,60.26,1212.72,1051.19,20.87,338.6,625,6581,11,263,885.99,54.68,Saturday,17,0
SRV-005,28-03-2026 17:30,Web,Windows Server,60.78,51.27,51.9,48.72,1609.79,1207.88,28.83,234.45,869,8178,11,201,574.95,57.82,Saturday,17,0
SRV-020,28-03-2026 21:00,Application,Linux,65.25,53.58,62.59,71.52,1064.24,867.01,25.99,263.73,417,5655,13,285,660.61,58.08,Saturday,21,0
SRV-015,28-03-2026 21:00,Database,Linux,77.86,68.24,59.09,54.62,1188.15,930.71,29.86,299.26,696,6198,9,297,752.57,59.98,Saturday,21,0
SRV-047,28-03-2026 23:30,Database,Linux,67.38,61.97,34.04,38.96,1191.45,860.11,22.13,293.93,634,6138,18,229,718.55,53.76,Saturday,23,0
SRV-088,28-03-2026 23:30,Database,Linux,65.52,51.31,64.63,54.01,1189.59,890.39,29.15,279.79,601,6020,4,235,1304.92,56.61,Saturday,23,0
SRV-100,29-03-2026 01:00,API,Linux,52.43,58.57,48.03,58.64,1160.13,821.26,18.97,241.06,530,5990,10,236,1009.37,52.54,Sunday,1,0
SRV-097,29-03-2026 02:00,Database,Linux,54.98,44.64,58.93,33.45,1217.33,911.68,13.87,262.84,327,5956,4,257,1463.25,43.89,Sunday,2,0
SRV-081,29-03-2026 02:00,Application,Windows Server,48.99,49.0,47.36,34.61,1036.0,797.95,20.02,275.08,437,5653,5,237,602.5,58.2,Sunday,2,0
SRV-043,29-03-2026 03:30,Application,Windows Server,50.96,74.3,60.04,34.32,1161.41,878.24,28.21,230.53,412,5740,4,235,450.37,46.29,Sunday,3,0
SRV-040,29-03-2026 06:30,Application,Linux,68.3,73.06,63.86,71.68,1046.89,864.4,20.96,279.24,479,5749,16,264,687.89,56.55,Sunday,6,0
SRV-058,29-03-2026 08:00,Application,Windows Server,61.39,32.86,57.07,19.65,1033.3,743.73,19.51,274.48,544,5683,12,238,464.64,50.5,Sunday,8,0
SRV-059,29-03-2026 08:00,Web,Windows Server,51.62,49.57,41.51,33.36,1100.12,861.89,16.56,217.65,616,5848,8,193,276.96,44.42,Sunday,8,0
SRV-053,29-03-2026 09:00,File,Linux,58.45,59.67,37.87,50.44,1375.8,937.09,17.7,279.28,485,6727,8,232,696.0,49.29,Sunday,9,0
SRV-069,29-03-2026 09:30,Web,Linux,70.6,68.81,53.81,44.57,1591.58,1310.59,27.65,338.8,623,8260,8,327,308.81,53.86,Sunday,9,0
SRV-019,29-03-2026 09:30,File,Linux,64.08,62.48,45.97,56.97,1224.32,927.49,24.05,307.16,871,6529,11,240,207.35,60.61,Sunday,9,0
SRV-038,29-03-2026 10:30,Database,Linux,72.85,57.73,27.65,64.67,1740.4,1220.58,26.49,304.23,614,8754,10,277,702.9,52.35,Sunday,10,0
SRV-092,29-03-2026 11:30,Application,Linux,67.3,56.68,58.32,70.06,1484.0,1217.1,24.44,339.5,770,8012,16,296,1006.82,52.02,Sunday,11,0
SRV-080,29-03-2026 11:30,File,Windows Server,61.9,53.44,38.48,50.34,1288.44,1077.85,21.14,292.78,533,6603,7,163,2179.46,53.25,Sunday,11,0
SRV-095,29-03-2026 12:00,Database,Linux,72.69,72.1,50.58,57.75,1662.87,1319.7,24.5,293.6,701,8550,14,294,792.2,58.95,Sunday,12,0
SRV-052,29-03-2026 12:00,Web,Windows Server,58.4,51.79,58.4,93.79,1638.94,1255.66,25.52,270.17,770,8129,12,237,959.82,54.26,Sunday,12,0
SRV-062,29-03-2026 12:00,Database,Windows Server,72.26,59.13,87.96,76.18,1524.08,1270.52,26.9,315.47,659,8570,7,264,425.43,57.9,Sunday,12,0
SRV-004,29-03-2026 12:30,Application,Windows Server,61.6,60.74,62.01,41.14,1670.53,1148.86,26.14,240.42,645,7984,4,265,791.79,52.19,Sunday,12,0
SRV-093,29-03-2026 14:00,Database,Linux,82.99,53.44,67.06,76.99,1736.6,1248.68,30.4,352.26,744,8568,7,395,709.66,59.2,Sunday,14,0
SRV-077,29-03-2026 15:00,Web,Linux,69.86,56.57,63.04,68.43,1601.34,1216.24,20.21,273.6,871,8206,11,299,1020.98,53.48,Sunday,15,0
SRV-029,29-03-2026 15:30,Web,Linux,64.31,57.29,48.73,60.03,1578.69,1213.04,18.39,210.74,754,8249,6,311,469.44,60.5,Sunday,15,0
SRV-041,29-03-2026 16:00,Database,Linux,91.79,75.0,66.4,51.94,1523.7,1202.9,28.84,302.16,1012,8766,13,337,559.64,61.43,Sunday,16,0
SRV-090,29-03-2026 17:30,Application,Linux,80.09,75.48,68.36,44.93,1587.88,1160.27,25.74,332.52,561,8035,10,341,373.45,64.12,Sunday,17,0
SRV-070,29-03-2026 18:30,Database,Windows Server,49.98,70.71,66.74,33.41,1157.88,895.74,23.19,270.47,620,6013,6,250,414.38,51.55,Sunday,18,0
SRV-058,29-03-2026 21:00,Application,Windows Server,55.74,50.19,70.38,44.25,1140.74,768.02,16.79,210.34,273,5716,4,200,1471.08,51.68,Sunday,21,0
SRV-069,29-03-2026 22:00,Web,Linux,58.12,49.79,69.1,61.7,1183.12,843.25,14.25,279.17,513,5869,5,295,659.33,55.88,Sunday,22,0
SRV-063,29-03-2026 22:30,Application,Linux,49.67,41.19,48.81,42.96,1036.35,875.03,20.34,242.98,478,5631,5,255,269.06,51.47,Sunday,22,0
SRV-026,29-03-2026 23:30,Web,Linux,65.45,56.69,72.84,64.67,1112.75,727.84,21.19,296.5,535,5731,5,295,348.6,51.41,Sunday,23,0
SRV-010,30-03-2026 00:30,Database,Windows Server,76.17,72.93,50.53,80.01,1392.44,1098.56,24.39,278.56,621,7495,11,312,1399.48,56.36,Monday,0,0
SRV-074,30-03-2026 01:00,Web,Windows Server,72.3,78.38,85.71,40.21,1287.39,1016.76,13.66,296.19,608,7099,10,283,1295.49,52.34,Monday,1,0
SRV-057,30-03-2026 01:30,Database,Linux,72.46,65.75,56.68,80.57,1485.17,1051.11,15.63,254.89,673,7413,10,267,460.32,56.37,Monday,1,0
SRV-023,30-03-2026 02:00,API,Linux,52.56,61.97,31.91,59.88,1501.33,1023.52,19.42,259.26,594,7330,6,232,533.22,52.43,Monday,2,0
SRV-003,30-03-2026 03:00,API,Linux,70.87,44.89,58.13,62.97,1413.92,1060.75,28.29,316.1,807,7266,12,356,849.89,63.92,Monday,3,0
SRV-018,30-03-2026 03:30,Web,Windows Server,60.65,50.58,55.03,78.47,1385.75,1089.34,21.42,286.9,543,7071,12,219,1163.08,59.45,Monday,3,0
SRV-092,30-03-2026 07:00,Application,Linux,57.91,58.34,59.65,52.0,1349.9,963.21,21.77,301.22,502,6846,11,303,309.65,49.08,Monday,7,0
SRV-070,30-03-2026 07:30,Database,Windows Server,63.16,73.55,62.79,32.91,1403.08,1068.24,22.51,272.48,710,7363,10,254,1327.45,49.7,Monday,7,0
SRV-083,30-03-2026 10:00,File,Linux,83.09,56.41,38.47,62.2,1580.18,1220.6,27.86,337.22,545,8327,13,306,499.54,62.03,Monday,10,0
SRV-011,30-03-2026 11:30,Database,Linux,80.18,67.93,60.34,99.0,2162.92,1658.57,25.49,325.37,1081,11203,9,291,999.66,66.39,Monday,11,0
SRV-010,30-03-2026 11:30,Database,Windows Server,77.88,72.84,36.78,99.0,2063.67,1678.57,19.41,320.33,1007,11118,15,314,519.47,59.87,Monday,11,0
SRV-048,30-03-2026 12:00,Web,Linux,90.61,71.66,53.12,80.93,2033.99,1576.43,29.38,394.35,953,10499,13,264,769.85,63.72,Monday,12,0
SRV-044,30-03-2026 13:00,Database,Linux,80.61,82.62,60.43,83.55,2061.12,1644.34,37.4,378.34,1098,11189,17,332,614.87,58.59,Monday,13,0
SRV-031,30-03-2026 13:00,Application,Linux,65.27,94.1,54.72,89.48,1991.72,1422.4,32.06,346.35,1030,9963,12,244,194.89,62.77,Monday,13,0
SRV-099,30-03-2026 13:30,Web,Linux,71.41,73.43,49.08,79.27,2076.19,1549.89,32.06,337.24,1126,10281,9,234,1046.25,60.48,Monday,13,0
SRV-093,30-03-2026 13:30,Database,Linux,60.86,58.11,46.98,70.82,2129.6,1680.25,25.81,284.87,1092,11063,8,276,1305.94,54.28,Monday,13,0
SRV-043,30-03-2026 14:30,Application,Windows Server,82.01,65.17,72.64,64.4,1919.96,1499.82,32.88,320.93,976,10111,17,254,566.06,57.03,Monday,14,0
SRV-097,30-03-2026 15:30,Database,Linux,76.75,67.73,46.71,64.49,2192.09,1724.1,24.69,354.77,1300,11130,9,247,1560.11,67.02,Monday,15,0
SRV-092,30-03-2026 17:00,Application,Linux,75.61,55.5,51.5,70.67,1952.38,1462.19,17.5,339.17,725,10011,12,289,263.18,59.74,Monday,17,0
SRV-087,30-03-2026 20:00,Application,Linux,61.92,56.75,59.99,48.01,1324.87,987.4,29.28,204.14,338,6981,6,347,1238.08,53.14,Monday,20,0
SRV-061,30-03-2026 21:00,Application,Linux,69.88,49.56,66.89,60.39,1303.9,950.12,27.8,245.36,588,6768,8,294,252.6,58.33,Monday,21,0
SRV-098,30-03-2026 21:00,Web,Windows Server,47.6,77.39,59.19,70.97,1292.77,1058.32,30.33,269.38,586,6936,11,191,913.77,48.1,Monday,21,0
SRV-033,30-03-2026 22:00,Database,Linux,56.67,53.38,74.83,67.74,1390.57,1042.03,30.65,212.72,831,7489,3,288,975.96,52.89,Monday,22,0
SRV-067,30-03-2026 22:30,Application,Windows Server,61.31,65.76,67.9,83.01,1213.18,1032.27,17.88,292.21,729,6789,12,305,1050.24,48.83,Monday,22,0
SRV-008,30-03-2026 23:00,File,Linux,60.94,55.21,70.02,55.57,1147.51,815.29,32.71,223.44,544,5839,4,274,687.13,58.17,Monday,23,0
SRV-002,30-03-2026 23:00,Database,Windows Server,52.19,72.29,47.28,56.46,1403.6,1133.33,21.73,280.17,759,7269,9,237,811.28,57.55,Monday,23,0
SRV-031,30-03-2026 23:30,Application,Linux,71.89,73.8,75.69,48.37,1366.47,1020.06,33.3,277.27,508,6995,13,311,803.06,56.23,Monday,23,0
SRV-014,31-03-2026 03:00,File,Linux,43.59,53.13,47.24,31.86,1177.66,796.47,21.91,242.22,656,5994,6,221,365.25,53.43,Tuesday,3,0
SRV-013,31-03-2026 03:00,Application,Linux,86.6,56.66,43.75,72.73,1363.47,1061.01,20.67,301.26,516,6805,8,306,1017.03,62.63,Tuesday,3,0
SRV-050,31-03-2026 03:30,Web,Linux,68.97,66.65,47.07,49.27,1462.59,1116.37,23.86,359.2,470,6999,13,258,661.9,59.1,Tuesday,3,0
SRV-085,31-03-2026 03:30,Web,Windows Server,55.75,53.01,75.24,31.32,1307.92,1057.13,21.28,245.34,764,7090,5,189,362.29,54.99,Tuesday,3,0
SRV-040,31-03-2026 06:30,Application,Linux,57.54,62.66,55.93,51.41,1319.08,1014.61,25.59,296.64,738,6730,10,265,620.08,57.99,Tuesday,6,0
SRV-049,31-03-2026 07:30,Application,Linux,75.06,64.26,81.3,24.73,1352.92,1014.35,28.12,293.7,588,6881,17,300,480.49,55.61,Tuesday,7,0
SRV-093,31-03-2026 07:30,Database,Linux,82.45,70.5,47.86,91.35,1489.18,1069.04,18.62,375.73,639,7479,15,312,714.11,61.19,Tuesday,7,0
SRV-034,31-03-2026 09:30,Database,Linux,99.0,67.44,75.11,70.96,2160.53,1676.24,26.64,412.15,932,11152,14,355,513.57,68.04,Tuesday,9,0
SRV-061,31-03-2026 11:00,Application,Linux,83.01,67.86,54.09,77.74,1935.69,1447.69,22.28,336.33,1071,10006,12,314,519.43,66.57,Tuesday,11,0
SRV-063,31-03-2026 11:00,Application,Linux,81.26,54.71,53.25,70.42,1953.07,1458.55,36.08,329.74,731,10078,11,347,1933.25,62.12,Tuesday,11,0
SRV-074,31-03-2026 15:30,Web,Windows Server,82.22,74.64,64.0,80.88,1898.42,1560.57,30.72,280.58,995,10385,8,257,1308.91,63.66,Tuesday,15,0
SRV-022,31-03-2026 16:00,Database,Linux,98.84,88.9,59.51,95.0,2058.9,1605.63,27.15,417.05,1347,11075,14,355,327.83,67.21,Tuesday,16,1
SRV-024,31-03-2026 16:30,API,Linux,72.99,72.52,45.51,74.37,2020.6,1531.9,16.34,353.02,859,10703,10,264,735.51,58.28,Tuesday,16,0
SRV-018,31-03-2026 17:00,Web,Windows Server,73.2,57.44,61.67,75.01,2038.46,1567.71,29.23,354.4,941,10386,11,326,410.56,61.84,Tuesday,17,0
SRV-093,31-03-2026 21:00,Database,Linux,64.24,77.19,38.04,63.77,1534.15,1088.42,20.35,333.95,602,7419,10,287,1231.93,52.75,Tuesday,21,0
SRV-086,31-03-2026 21:30,Web,Windows Server,82.13,64.38,54.11,57.38,1445.18,1014.7,12.41,339.36,582,7031,8,290,413.95,59.55,Tuesday,21,0
SRV-017,31-03-2026 22:30,Application,Windows Server,70.4,53.63,41.45,62.06,1220.05,899.23,21.31,204.24,566,6721,12,236,694.69,60.13,Tuesday,22,0
SRV-021,31-03-2026 23:00,File,Linux,63.66,48.32,67.61,43.76,1214.77,851.23,30.23,256.32,543,5899,8,232,249.82,56.96,Tuesday,23,0
SRV-038,31-03-2026 23:00,Database,Linux,89.63,73.52,65.01,74.58,1459.24,1013.1,34.67,361.38,516,7505,6,242,640.68,65.64,Tuesday,23,0
SRV-048,01-04-2026 00:30,Web,Linux,65.81,44.41,41.91,67.12,1360.24,1018.12,27.1,264.5,634,7118,2,210,458.29,52.8,Wednesday,0,0
SRV-094,01-04-2026 01:30,Database,Windows Server,75.26,70.92,66.39,64.24,1499.1,1093.45,30.02,364.36,592,7373,5,312,547.91,60.87,Wednesday,1,0
SRV-009,01-04-2026 02:00,Web,Linux,63.66,56.63,58.24,52.38,1297.71,948.38,20.06,301.65,408,6900,9,323,547.12,55.38,Wednesday,2,0
SRV-001,01-04-2026 02:30,File,Windows Server,79.34,48.63,55.81,23.83,1133.48,887.31,19.38,312.83,607,5808,6,314,356.02,55.87,Wednesday,2,0
SRV-044,01-04-2026 03:00,Database,Linux,66.08,63.7,66.3,62.0,1396.2,1060.06,27.84,272.93,688,7414,7,251,1439.03,51.56,Wednesday,3,0
SRV-080,01-04-2026 04:30,File,Windows Server,55.94,56.98,54.57,33.64,1194.69,891.55,21.85,298.97,480,5845,5,321,580.46,46.54,Wednesday,4,0
SRV-092,01-04-2026 04:30,Application,Linux,72.69,54.55,37.05,69.24,1282.44,1052.43,26.55,324.43,704,6964,8,313,881.9,62.56,Wednesday,4,0
SRV-060,01-04-2026 06:30,Web,Windows Server,93.64,59.58,24.91,62.01,1388.71,1112.64,31.19,344.21,659,6968,14,345,327.64,59.92,Wednesday,6,0
SRV-082,01-04-2026 08:30,Database,Windows Server,69.38,75.56,70.2,62.0,1457.33,1073.01,13.64,302.16,522,7549,6,235,585.03,55.93,Wednesday,8,0
SRV-033,01-04-2026 08:30,Database,Linux,58.23,59.7,61.64,74.72,1451.76,1109.11,28.47,299.82,747,7487,10,218,730.94,52.99,Wednesday,8,0
SRV-094,01-04-2026 09:00,Database,Windows Server,75.66,86.95,49.68,69.07,2230.01,1660.95,28.55,315.07,1176,11150,17,330,312.57,51.1,Wednesday,9,0
SRV-022,01-04-2026 10:30,Database,Linux,92.6,69.68,67.03,78.7,2163.57,1761.61,29.55,348.69,1134,11061,11,333,1028.46,60.78,Wednesday,10,0
SRV-043,01-04-2026 12:00,Application,Windows Server,90.86,67.46,54.49,73.84,1922.18,1532.99,30.03,402.3,792,9910,15,409,620.31,62.64,Wednesday,12,0
SRV-038,01-04-2026 13:00,Database,Linux,74.33,92.94,55.78,90.15,2149.86,1572.86,23.3,353.81,939,11043,9,222,641.25,57.55,Wednesday,13,0
SRV-061,01-04-2026 14:30,Application,Linux,88.93,94.06,38.17,75.32,1880.19,1538.2,30.83,344.12,791,10279,14,256,837.0,68.38,Wednesday,14,0
SRV-077,01-04-2026 14:30,Web,Linux,68.28,77.9,58.72,77.05,1886.8,1493.62,28.8,355.74,1153,10282,12,267,938.6,55.6,Wednesday,14,0
SRV-050,01-04-2026 15:30,Web,Linux,81.52,52.88,45.75,86.24,2007.54,1545.77,27.63,292.23,1010,10341,16,239,458.15,60.02,Wednesday,15,0
SRV-080,01-04-2026 17:00,File,Windows Server,79.25,77.52,49.33,82.07,1600.0,1228.65,31.12,320.18,1075,8290,16,311,1209.79,64.54,Wednesday,17,0
SRV-073,01-04-2026 17:00,API,Linux,67.21,78.85,55.35,73.52,2030.05,1563.39,23.72,362.38,1107,10755,13,211,1392.29,60.34,Wednesday,17,0
SRV-092,01-04-2026 17:30,Application,Linux,87.89,82.61,65.69,68.89,1983.46,1470.06,31.51,327.04,974,10057,10,243,233.13,60.49,Wednesday,17,0
SRV-040,01-04-2026 17:30,Application,Linux,86.47,65.1,42.18,94.12,1847.46,1445.28,26.27,384.24,866,9978,13,278,674.54,63.34,Wednesday,17,1
SRV-070,01-04-2026 19:00,Database,Windows Server,90.79,68.65,55.76,63.48,1591.85,1007.47,20.95,319.07,718,7458,17,306,1398.71,63.53,Wednesday,19,0
SRV-074,01-04-2026 19:30,Web,Windows Server,41.8,56.64,78.84,56.13,1250.93,1088.33,25.48,242.47,650,7043,8,158,628.57,44.09,Wednesday,19,0
SRV-052,01-04-2026 20:30,Web,Windows Server,51.98,58.16,37.71,61.35,1436.38,921.6,20.19,293.2,830,6958,7,235,622.72,51.49,Wednesday,20,0
SRV-061,01-04-2026 21:00,Application,Linux,47.58,54.84,61.86,41.48,1338.99,985.11,34.24,218.13,497,6818,5,249,670.58,45.19,Wednesday,21,0
SRV-017,01-04-2026 21:00,Application,Windows Server,58.35,59.92,53.7,45.02,1295.3,973.01,22.25,260.55,711,6863,10,196,852.77,50.71,Wednesday,21,0
SRV-053,01-04-2026 21:30,File,Linux,82.48,56.74,52.99,71.91,1243.76,861.83,26.82,314.08,431,5967,8,299,178.09,60.95,Wednesday,21,0
SRV-041,02-04-2026 01:00,Database,Linux,51.27,58.24,77.47,45.3,1558.59,1065.1,23.27,224.27,723,7493,5,265,491.04,48.01,Thursday,1,0
SRV-010,02-04-2026 01:00,Database,Windows Server,85.8,51.24,57.84,46.6,1498.73,1132.61,20.87,329.04,845,7424,17,354,894.69,54.02,Thursday,1,0
SRV-100,02-04-2026 01:30,API,Linux,72.78,66.03,69.96,32.99,1473.71,1090.18,19.86,233.6,707,7273,7,268,340.79,56.81,Thursday,1,0
SRV-011,02-04-2026 01:30,Database,Linux,82.46,75.12,56.2,59.47,1537.95,1180.27,22.94,311.63,732,7488,10,344,585.4,57.88,Thursday,1,0
SRV-014,02-04-2026 01:30,File,Linux,58.31,79.59,24.56,48.71,1221.66,873.3,23.2,353.34,569,5828,14,280,616.17,48.26,Thursday,1,0
SRV-088,02-04-2026 02:00,Database,Linux,60.48,63.38,60.55,59.26,1475.73,1108.99,25.87,262.34,639,7427,9,230,1245.57,57.41,Thursday,2,0
SRV-099,02-04-2026 04:00,Web,Linux,68.15,53.38,58.05,53.64,1513.72,1022.19,26.36,269.31,698,6971,8,217,519.24,54.18,Thursday,4,0
SRV-062,02-04-2026 05:00,Database,Windows Server,61.73,62.51,65.65,58.5,1463.01,1144.87,24.15,261.53,530,7515,6,233,1245.34,57.31,Thursday,5,0
SRV-075,02-04-2026 06:00,Web,Linux,57.1,73.14,78.06,27.15,1290.6,914.62,26.09,348.6,683,6989,6,308,894.36,48.09,Thursday,6,0
SRV-073,02-04-2026 06:30,API,Linux,70.46,49.58,67.39,38.31,1382.15,1015.64,27.85,316.3,875,7149,17,274,394.64,57.34,Thursday,6,0
SRV-037,02-04-2026 07:30,Web,Windows Server,64.87,46.29,44.3,85.44,1267.09,1006.15,31.99,250.86,661,7024,9,286,1119.38,59.01,Thursday,7,0
SRV-084,02-04-2026 11:00,Web,Linux,71.54,64.75,38.28,89.78,2110.62,1457.39,24.5,287.87,1107,10470,9,281,1147.04,58.8,Thursday,11,0
SRV-016,02-04-2026 12:00,Web,Windows Server,64.8,72.77,60.12,82.49,2163.49,1486.27,28.37,326.47,988,10288,17,336,580.38,56.69,Thursday,12,0
SRV-083,02-04-2026 12:30,File,Linux,69.2,58.72,29.25,66.84,1648.13,1276.1,16.84,288.61,723,8271,4,267,1509.1,55.07,Thursday,12,0
SRV-028,02-04-2026 12:30,Web,Linux,83.93,84.06,57.74,80.96,1989.23,1478.62,28.66,412.99,999,10126,16,275,705.55,61.86,Thursday,12,0
SRV-052,02-04-2026 13:00,Web,Windows Server,90.09,61.81,46.84,71.61,2078.08,1523.51,24.5,416.9,1020,10360,8,346,1345.9,62.57,Thursday,13,0
SRV-036,02-04-2026 13:00,Web,Linux,93.07,63.1,65.05,80.44,1939.78,1554.11,37.84,385.68,1235,10456,9,327,513.86,71.61,Thursday,13,1
SRV-066,02-04-2026 13:30,Application,Linux,90.21,69.85,60.4,80.35,1981.81,1462.3,32.08,373.27,876,10015,13,302,1115.6,63.62,Thursday,13,0
SRV-026,02-04-2026 13:30,Web,Linux,80.8,82.53,47.56,77.8,1964.92,1495.39,29.77,349.84,1016,10240,12,249,373.49,68.21,Thursday,13,0
SRV-037,02-04-2026 14:00,Web,Windows Server,69.73,73.79,52.65,85.85,1914.06,1543.78,25.98,329.01,1102,10088,16,210,696.03,65.04,Thursday,14,0
SRV-091,02-04-2026 14:30,Web,Windows Server,61.39,69.82,61.71,47.79,2001.58,1527.92,19.78,310.57,934,10327,13,267,425.36,56.71,Thursday,14,0
SRV-019,02-04-2026 15:30,File,Linux,72.36,63.91,67.49,63.0,1668.97,1228.13,28.56,311.95,617,8403,13,308,797.28,59.93,Thursday,15,0
SRV-023,02-04-2026 15:30,API,Linux,78.18,73.48,60.7,96.6,2086.06,1660.44,23.45,323.96,928,10770,12,203,515.77,58.01,Thursday,15,0
SRV-088,02-04-2026 16:00,Database,Linux,64.68,75.05,57.48,83.1,2132.99,1705.47,28.31,304.99,1181,10983,8,317,481.65,60.77,Thursday,16,0
SRV-015,02-04-2026 16:00,Database,Linux,63.99,78.75,31.3,94.05,2148.16,1606.49,24.93,268.54,972,11189,5,285,304.99,56.14,Thursday,16,0
SRV-092,02-04-2026 16:00,Application,Linux,85.59,78.12,59.07,68.88,1928.06,1486.67,31.65,427.11,864,9939,12,355,325.92,59.37,Thursday,16,0
SRV-054,02-04-2026 16:30,Application,Linux,78.47,90.31,75.26,81.44,2032.89,1437.55,24.77,357.91,915,10022,10,384,406.63,59.26,Thursday,16,0
SRV-095,02-04-2026 16:30,Database,Linux,92.77,77.71,50.75,79.74,2069.24,1552.56,24.5,398.15,1170,11132,11,274,614.66,65.5,Thursday,16,0
SRV-023,02-04-2026 17:00,API,Linux,76.41,74.94,58.62,93.61,2009.21,1611.07,26.7,350.42,1216,10609,10,286,613.18,62.52,Thursday,17,0
SRV-074,02-04-2026 18:30,Web,Windows Server,53.22,57.05,57.92,68.68,1332.59,959.53,21.98,260.89,575,7036,11,195,388.65,53.56,Thursday,18,0
SRV-037,02-04-2026 19:00,Web,Windows Server,61.99,61.34,44.16,62.54,1427.74,998.12,10.76,292.69,547,7052,8,213,607.55,51.05,Thursday,19,0
SRV-072,02-04-2026 19:00,Database,Linux,77.59,53.9,56.26,75.0,1425.72,1194.46,30.93,325.66,683,7398,8,253,934.31,60.33,Thursday,19,0
SRV-010,02-04-2026 19:30,Database,Windows Server,61.84,47.98,70.4,51.73,1511.54,1103.7,16.07,276.55,850,7532,6,341,751.34,52.56,Thursday,19,0
SRV-039,02-04-2026 21:00,Web,Windows Server,69.56,69.09,41.22,81.53,1369.79,1069.22,38.17,331.6,551,7201,14,241,443.04,55.47,Thursday,21,0
SRV-067,02-04-2026 21:30,Application,Windows Server,66.49,58.45,47.43,54.14,1353.42,988.46,21.83,303.36,567,6840,4,195,644.39,56.9,Thursday,21,0
SRV-028,02-04-2026 21:30,Web,Linux,87.66,51.93,56.08,52.6,1433.82,969.8,22.58,382.7,700,6971,8,331,1139.15,57.38,Thursday,21,0
SRV-094,02-04-2026 23:30,Database,Windows Server,68.13,60.75,59.3,55.35,1575.53,1088.44,20.99,341.43,882,7501,14,203,783.76,57.86,Thursday,23,0
SRV-088,02-04-2026 23:30,Database,Linux,64.8,56.44,46.07,77.64,1409.67,1124.66,22.41,210.97,529,7435,10,227,184.86,50.07,Thursday,23,0
SRV-061,03-04-2026 00:00,Application,Linux,79.34,49.48,61.83,64.52,1270.65,961.36,14.61,211.79,580,6720,12,296,827.46,58.58,Friday,0,0
SRV-096,03-04-2026 01:30,Application,Linux,70.13,87.36,54.51,70.03,1358.16,1015.62,24.95,375.37,710,6867,12,256,445.37,55.48,Friday,1,0
SRV-096,03-04-2026 02:00,Application,Linux,88.55,61.25,57.75,55.18,1452.16,1019.92,35.2,298.0,621,6951,13,296,715.37,57.62,Friday,2,0
SRV-099,03-04-2026 04:00,Web,Linux,71.92,72.79,53.12,43.81,1364.05,1013.8,33.07,362.49,671,6945,12,256,1185.18,54.65,Friday,4,0
SRV-003,03-04-2026 04:30,API,Linux,67.2,67.8,56.9,55.81,1350.8,1030.48,33.82,377.12,856,7161,12,257,689.12,53.7,Friday,4,0
SRV-067,03-04-2026 07:00,Application,Windows Server,71.19,45.71,67.63,67.92,1342.63,987.81,30.54,227.3,685,6893,11,332,1747.39,54.44,Friday,7,0
SRV-004,03-04-2026 08:00,Application,Windows Server,60.07,60.17,60.8,54.13,1316.63,997.51,16.11,228.52,623,6787,11,229,391.97,53.3,Friday,8,0
SRV-070,03-04-2026 08:30,Database,Windows Server,65.41,56.11,74.94,63.07,1446.2,1073.75,24.65,286.49,668,7463,14,239,1200.12,53.34,Friday,8,0
SRV-014,03-04-2026 10:00,File,Linux,61.49,62.54,36.92,68.72,1624.96,1131.32,25.06,273.3,799,8181,14,166,537.08,53.57,Friday,10,0
SRV-096,03-04-2026 10:00,Application,Linux,56.16,77.58,42.14,57.56,1856.48,1483.62,32.13,363.33,1042,9896,12,215,906.4,54.71,Friday,10,0
SRV-006,03-04-2026 10:30,API,Windows Server,81.23,64.76,62.38,92.26,2088.21,1472.17,27.94,361.72,1195,10584,8,263,906.73,60.68,Friday,10,0
SRV-031,03-04-2026 11:00,Application,Linux,77.72,90.37,51.53,83.8,1960.75,1335.27,28.58,408.13,1032,9910,15,334,491.72,63.46,Friday,11,0
SRV-043,03-04-2026 12:30,Application,Windows Server,86.01,77.33,45.07,75.13,1926.89,1350.5,24.58,327.31,1022,9872,9,349,448.79,61.97,Friday,12,0
SRV-077,03-04-2026 12:30,Web,Linux,71.17,60.01,53.49,96.65,1928.37,1571.08,30.73,295.27,989,10418,14,208,1021.1,59.06,Friday,12,0
SRV-091,03-04-2026 12:30,Web,Windows Server,99.0,73.42,68.04,79.7,1989.51,1516.55,28.89,358.68,840,10322,20,322,998.3,68.0,Friday,12,0
SRV-084,03-04-2026 13:00,Web,Linux,73.85,57.79,53.62,98.06,2004.53,1491.66,29.31,339.41,1245,10357,16,280,484.06,61.06,Friday,13,0
SRV-097,03-04-2026 13:30,Database,Linux,74.54,72.37,44.33,76.73,2205.93,1680.74,23.39,320.38,903,11293,10,291,656.34,53.52,Friday,13,0
SRV-011,03-04-2026 14:00,Database,Linux,80.41,57.88,43.63,94.65,2192.47,1571.48,37.94,346.97,1154,10829,11,316,386.96,57.33,Friday,14,0
SRV-018,03-04-2026 14:00,Web,Windows Server,69.23,66.84,59.36,96.25,1982.38,1564.34,25.7,329.75,1143,10363,10,250,956.6,65.11,Friday,14,0
SRV-008,03-04-2026 15:00,File,Linux,60.42,49.75,49.24,81.41,1526.51,1205.21,18.48,264.03,728,8240,7,291,167.29,56.375,Friday,15,0
SRV-023,03-04-2026 15:30,API,Linux,69.07,73.64,63.02,47.3,1987.95,1493.92,29.17,357.03,1089,10510,7,225,616.39,51.41,Friday,15,0
SRV-099,03-04-2026 16:00,Web,Linux,82.06,86.83,80.46,64.36,1962.12,1491.89,30.4,345.81,926,10120,13,342,271.99,58.7,Friday,16,0
SRV-032,03-04-2026 16:30,API,Windows Server,74.67,82.16,50.85,96.69,2048.91,1479.92,34.15,368.83,1101,10737,18,290,1373.76,58.24,Friday,16,0
SRV-025,03-04-2026 16:30,File,Linux,76.77,56.57,69.96,87.43,1563.0,1183.38,20.3,349.31,469,8169,6,338,1144.05,69.31,Friday,16,0
SRV-031,03-04-2026 17:00,Application,Linux,70.21,95.49,60.16,56.64,1866.19,1378.45,26.43,374.95,1099,9770,13,307,701.51,60.49,Friday,17,0
SRV-018,03-04-2026 18:30,Web,Windows Server,62.02,42.91,54.51,72.1,1323.77,1030.38,20.56,246.72,606,6985,11,197,699.41,64.3,Friday,18,0
SRV-075,03-04-2026 18:30,Web,Linux,65.17,77.77,54.33,44.97,1420.68,991.26,30.83,331.19,722,7013,9,284,549.73,52.47,Friday,18,0
SRV-038,03-04-2026 19:30,Database,Linux,85.51,67.45,36.2,65.82,1583.48,1100.3,25.3,301.15,841,7532,14,304,1135.41,60.08,Friday,19,0
SRV-098,03-04-2026 20:00,Web,Windows Server,73.16,51.6,32.28,58.25,1409.12,1010.0,19.46,321.59,659,7101,12,223,225.13,56.71,Friday,20,0
SRV-040,03-04-2026 20:00,Application,Linux,67.0,62.27,55.6,49.18,1332.93,977.8,35.78,278.44,824,6662,13,297,350.16,58.71,Friday,20,0
SRV-051,04-04-2026 01:00,Web,Windows Server,54.17,64.45,51.58,30.59,1156.89,854.43,15.28,225.28,498,5824,7,229,164.58,51.85,Saturday,1,0
SRV-051,04-04-2026 01:30,Web,Windows Server,55.66,58.68,64.31,46.64,1159.09,799.32,17.81,313.16,561,5848,4,229,216.76,54.97,Saturday,1,0
SRV-097,04-04-2026 02:00,Database,Linux,36.97,55.8,43.73,52.32,1175.82,887.12,22.67,260.94,578,5943,9,173,926.56,48.35,Saturday,2,0
SRV-078,04-04-2026 02:00,Application,Windows Server,54.59,48.2,27.03,38.98,1079.91,826.44,20.65,247.79,441,5668,10,187,547.75,54.86,Saturday,2,0
SRV-071,04-04-2026 02:00,Web,Linux,56.29,69.09,62.84,56.39,1082.64,875.13,24.66,277.07,565,5954,7,291,740.87,51.16,Saturday,2,0
SRV-093,04-04-2026 03:00,Database,Linux,51.19,70.39,39.33,57.84,1326.69,944.55,14.84,269.33,360,6282,11,212,389.08,54.46,Saturday,3,0
SRV-044,04-04-2026 04:30,Database,Linux,55.68,49.91,67.72,27.48,1152.53,869.22,15.95,208.35,269,6105,4,249,362.54,50.59,Saturday,4,0
SRV-022,04-04-2026 04:30,Database,Linux,67.96,61.43,47.96,58.48,1242.77,887.89,21.68,251.82,700,6100,9,241,680.39,52.47,Saturday,4,0
SRV-013,04-04-2026 07:30,Application,Linux,49.91,49.49,74.32,49.53,1085.02,749.39,21.85,250.72,291,5706,9,274,1489.68,46.8,Saturday,7,0
SRV-029,04-04-2026 08:00,Web,Linux,44.86,42.07,59.91,42.51,1199.54,846.45,24.15,266.88,811,6041,12,231,379.92,51.95,Saturday,8,0
SRV-012,04-04-2026 08:30,API,Linux,72.25,59.82,54.18,53.45,1195.01,901.34,20.45,263.36,728,6080,6,292,534.7,57.66,Saturday,8,0
SRV-050,04-04-2026 09:00,Web,Linux,81.17,74.12,79.91,89.16,1570.41,1279.49,21.39,370.59,877,8140,15,273,296.79,64.92,Saturday,9,0
SRV-073,04-04-2026 10:00,API,Linux,62.95,71.73,69.42,57.88,1626.49,1225.87,19.43,331.96,733,8392,7,266,817.42,54.55,Saturday,10,0
SRV-057,04-04-2026 10:30,Database,Linux,64.08,65.95,45.7,72.91,1669.71,1374.16,23.82,327.15,832,8547,10,287,822.11,56.44,Saturday,10,0
SRV-026,04-04-2026 11:00,Web,Linux,53.67,57.6,72.81,53.85,1633.91,1173.99,28.33,292.3,768,8049,10,224,790.19,57.38,Saturday,11,0
SRV-028,04-04-2026 11:30,Web,Linux,48.75,66.05,41.91,73.21,1557.94,1251.07,29.65,333.77,792,8116,11,195,1743.0,52.31,Saturday,11,0
SRV-063,04-04-2026 12:30,Application,Linux,44.52,62.07,66.96,53.63,1491.79,1257.03,23.78,249.62,508,7967,4,166,438.12,42.66,Saturday,12,0
SRV-011,04-04-2026 13:00,Database,Linux,49.9,72.78,66.51,69.57,1675.64,1276.04,22.03,277.01,816,8663,5,322,698.58,53.64,Saturday,13,0
SRV-098,04-04-2026 13:00,Web,Windows Server,67.85,60.7,66.99,78.02,1626.23,1149.76,23.1,324.68,865,8058,6,211,1102.61,53.09,Saturday,13,0
SRV-007,04-04-2026 15:30,File,Linux,82.69,68.52,49.47,54.83,1333.44,919.61,16.53,348.38,321,6535,8,319,956.06,54.53,Saturday,15,0
SRV-100,04-04-2026 16:00,API,Linux,60.98,65.22,51.91,86.64,1716.5,1238.67,19.29,287.6,721,8422,8,255,686.82,49.71,Saturday,16,0
SRV-041,04-04-2026 16:00,Database,Linux,87.08,68.56,54.18,86.13,1709.93,1247.25,27.5,323.34,727,8563,20,332,1085.29,59.25,Saturday,16,0
SRV-085,04-04-2026 17:00,Web,Windows Server,66.49,69.95,72.59,42.64,1685.04,1163.33,9.13,269.78,691,8141,6,253,1109.97,53.65,Saturday,17,0
SRV-087,04-04-2026 17:00,Application,Linux,68.82,64.57,71.7,66.81,1468.13,1186.81,30.56,326.72,977,7885,10,283,1101.39,59.47,Saturday,17,0
SRV-066,04-04-2026 17:30,Application,Linux,71.85,53.15,65.61,50.67,1576.8,1137.15,25.29,296.11,848,7784,9,245,523.44,51.42,Saturday,17,0
SRV-010,04-04-2026 17:30,Database,Windows Server,65.94,59.11,43.64,61.22,1639.57,1283.86,25.76,314.5,1024,8608,10,283,1569.29,57.13,Saturday,17,0
SRV-030,04-04-2026 19:00,Application,Linux,76.27,58.89,46.54,54.45,1116.04,750.36,15.23,290.29,319,5707,14,329,246.38,60.59,Saturday,19,0
SRV-012,04-04-2026 19:30,API,Linux,82.29,61.15,53.22,38.0,1116.91,996.17,24.5,347.33,815,5996,6,278,1161.49,60.23,Saturday,19,0
SRV-044,04-04-2026 20:30,Database,Linux,46.74,61.53,57.48,42.21,1129.96,922.51,27.93,244.0,536,6171,7,222,1296.2,52.89,Saturday,20,0
SRV-055,04-04-2026 21:00,Application,Linux,70.22,72.93,66.82,82.41,1133.68,906.24,27.82,272.36,412,5680,5,301,975.13,54.02,Saturday,21,0
SRV-038,04-04-2026 21:30,Database,Linux,55.37,44.42,60.18,50.35,1178.63,861.26,18.25,304.14,698,6046,12,269,342.43,52.24,Saturday,21,0
SRV-056,04-04-2026 22:00,File,Windows Server,41.89,68.95,39.42,23.35,975.66,798.49,22.28,220.93,460,5214,6,180,735.74,45.98,Saturday,22,0
SRV-031,04-04-2026 22:30,Application,Linux,54.43,55.74,55.83,55.56,1073.13,790.7,12.61,242.87,529,5724,8,292,206.39,54.31,Saturday,22,0
SRV-053,04-04-2026 23:00,File,Linux,63.64,41.64,54.27,46.76,979.94,719.99,20.61,200.69,288,4985,3,307,1289.88,57.06,Saturday,23,0
SRV-014,04-04-2026 23:30,File,Linux,52.64,48.47,62.78,46.13,934.5,784.14,23.54,300.93,408,5054,9,211,400.72,53.96,Saturday,23,0
SRV-037,04-04-2026 23:30,Web,Windows Server,51.78,42.19,40.77,36.78,1164.66,891.24,18.48,279.33,444,5783,11,239,335.14,49.78,Saturday,23,0
SRV-089,05-04-2026 00:30,Web,Windows Server,59.39,54.93,83.35,53.85,1195.87,792.97,23.06,282.55,561,5811,12,283,549.35,46.38,Sunday,0,0
SRV-042,05-04-2026 01:00,File,Linux,54.81,65.42,47.46,50.42,989.22,694.69,24.16,310.64,652,4951,12,260,1262.47,56.69,Sunday,1,0
SRV-063,05-04-2026 04:00,Application,Linux,74.62,45.58,39.83,32.92,1084.96,770.51,30.57,290.42,622,5805,14,328,1185.05,53.34,Sunday,4,0
SRV-023,05-04-2026 04:00,API,Linux,55.05,65.49,51.85,66.03,951.69,912.3,21.58,317.67,467,5907,11,284,651.65,53.22,Sunday,4,0
SRV-078,05-04-2026 05:30,Application,Windows Server,51.78,64.15,65.05,50.09,1114.26,760.44,14.45,303.2,516,5686,10,294,608.97,49.48,Sunday,5,0
SRV-052,05-04-2026 06:00,Web,Windows Server,69.01,63.4,50.59,59.45,1036.92,832.8,33.11,289.21,536,5799,10,286,1352.38,53.92,Sunday,6,0
SRV-090,05-04-2026 06:30,Application,Linux,38.52,36.61,72.53,46.12,1137.63,888.02,21.47,177.67,394,5808,2,232,1245.47,47.16,Sunday,6,0
SRV-070,05-04-2026 08:00,Database,Windows Server,57.7,64.23,59.4,56.99,1107.74,859.17,31.37,316.07,522,6099,11,252,226.39,60.67,Sunday,8,0
SRV-044,05-04-2026 08:30,Database,Linux,69.13,62.23,46.84,81.48,1191.96,878.74,22.42,303.33,656,6064,9,252,439.99,62.81,Sunday,8,0
SRV-089,05-04-2026 09:00,Web,Windows Server,64.79,41.9,74.73,63.87,1550.08,1153.78,23.97,313.05,585,8133,7,307,408.5,55.93,Sunday,9,0
SRV-077,05-04-2026 10:30,Web,Linux,74.28,65.31,60.0,63.92,1441.44,1142.18,30.48,331.15,702,8202,12,223,271.43,57.1,Sunday,10,0
SRV-011,05-04-2026 11:00,Database,Linux,70.32,86.81,57.24,67.49,1651.75,1198.52,17.01,316.41,817,8635,9,241,400.72,53.32,Sunday,11,0
SRV-051,05-04-2026 11:30,Web,Windows Server,80.8,69.21,59.74,54.58,1560.76,1203.45,19.93,336.69,785,8155,14,310,546.25,56.375,Sunday,11,0
SRV-008,05-04-2026 11:30,File,Linux,52.09,53.97,45.5,70.01,1331.46,904.86,27.09,225.5,797,6672,9,184,192.25,53.93,Sunday,11,0
SRV-034,05-04-2026 13:30,Database,Linux,75.8,57.56,52.41,66.25,1760.24,1254.83,27.23,276.6,863,8834,5,259,1210.67,55.15,Sunday,13,0
SRV-059,05-04-2026 15:00,Web,Windows Server,60.95,60.22,48.36,58.32,1601.09,1202.55,27.51,275.02,937,8238,7,301,1921.71,52.78,Sunday,15,0
SRV-037,05-04-2026 16:00,Web,Windows Server,82.96,80.81,49.73,54.88,1480.44,1168.15,19.18,343.95,778,8183,11,324,943.78,56.5,Sunday,16,0
SRV-057,05-04-2026 16:30,Database,Linux,91.29,74.44,55.65,83.81,1653.94,1280.29,30.36,317.87,914,8638,8,319,183.21,63.33,Sunday,16,0
SRV-035,05-04-2026 16:30,Database,Linux,56.26,89.27,55.74,36.98,1671.9,1248.68,17.76,245.04,620,8409,10,200,780.28,52.71,Sunday,16,0
SRV-006,05-04-2026 16:30,API,Windows Server,72.42,72.07,57.93,52.64,1564.1,1164.22,18.73,297.57,620,8136,14,284,323.18,55.43,Sunday,16,0
SRV-005,05-04-2026 17:30,Web,Windows Server,66.29,69.28,44.02,50.94,1522.91,1198.36,23.99,282.67,747,8090,17,282,1015.85,49.62,Sunday,17,0
SRV-073,05-04-2026 18:00,API,Linux,71.15,52.13,37.94,76.54,1683.37,1232.52,27.24,275.74,676,8468,12,258,867.35,57.05,Sunday,18,0
SRV-017,05-04-2026 19:00,Application,Windows Server,64.24,53.75,34.47,60.45,1123.28,907.33,29.05,253.66,550,5700,6,191,194.74,52.71,Sunday,19,0
SRV-060,05-04-2026 22:00,Web,Windows Server,62.0,61.27,55.37,31.69,1136.91,735.73,6.74,273.98,469,5726,7,242,363.91,51.8,Sunday,22,0
SRV-074,05-04-2026 22:30,Web,Windows Server,61.58,67.89,42.92,41.68,1107.75,855.39,25.59,339.77,337,5877,6,185,436.43,52.75,Sunday,22,0
SRV-076,05-04-2026 23:00,Web,Linux,64.34,53.45,41.09,40.32,1151.4,903.91,16.58,254.1,434,5771,8,279,1099.8,57.22,Sunday,23,0
SRV-002,05-04-2026 23:30,Database,Windows Server,40.59,75.37,48.96,50.16,1068.35,772.63,13.35,258.81,583,6131,11,198,1825.68,45.79,Sunday,23,0
SRV-093,05-04-2026 23:30,Database,Linux,46.85,53.15,53.11,42.14,1272.37,941.92,20.23,306.73,463,6080,12,229,211.54,51.34,Sunday,23,0
SRV-026,06-04-2026 00:00,Web,Linux,58.98,51.69,68.09,52.24,1340.81,1023.13,26.21,271.61,779,6925,6,269,808.94,48.94,Monday,0,0
SRV-009,06-04-2026 00:00,Web,Linux,72.32,59.65,41.1,67.57,1240.58,987.63,21.2,284.18,495,7006,11,266,1202.08,52.65,Monday,0,0
SRV-001,06-04-2026 00:30,File,Windows Server,45.28,70.87,49.28,63.78,1104.36,869.41,24.48,261.63,725,5908,7,276,994.84,51.37,Monday,0,0
SRV-060,06-04-2026 01:00,Web,Windows Server,66.11,69.88,55.88,55.24,1412.57,1045.56,18.28,313.85,738,7028,14,225,190.27,55.46,Monday,1,0
SRV-025,06-04-2026 01:30,File,Linux,55.41,50.58,58.75,39.93,1103.04,839.16,20.6,241.83,437,5932,4,246,1238.21,58.9,Monday,1,0
SRV-012,06-04-2026 01:30,API,Linux,62.72,46.24,71.5,57.2,1403.73,1154.19,24.58,225.71,599,7354,7,238,917.68,52.85,Monday,1,0
SRV-069,06-04-2026 02:00,Web,Linux,64.69,76.15,71.15,51.66,1411.49,1057.63,20.71,307.56,685,7101,10,260,672.77,49.69,Monday,2,0
SRV-089,06-04-2026 03:00,Web,Windows Server,71.6,65.67,73.79,41.66,1456.25,1020.34,28.37,256.69,846,7082,12,266,958.87,57.59,Monday,3,0
SRV-070,06-04-2026 03:00,Database,Windows Server,77.13,52.24,21.76,43.28,1483.02,1017.16,28.55,287.56,840,7292,7,299,870.16,56.79,Monday,3,0
SRV-044,06-04-2026 04:30,Database,Linux,64.39,51.93,70.04,63.65,1348.73,1043.87,25.8,290.61,634,7438,5,265,1049.95,63.48,Monday,4,0
SRV-035,06-04-2026 05:30,Database,Linux,83.9,74.21,59.94,75.47,1548.85,1100.07,24.27,421.2,604,7356,11,302,335.99,67.9,Monday,5,0
SRV-044,06-04-2026 06:30,Database,Linux,80.57,63.96,73.96,71.7,1404.36,1235.17,15.12,264.71,511,7494,11,266,1201.39,58.62,Monday,6,0
SRV-041,06-04-2026 08:30,Database,Linux,46.77,61.93,54.41,60.13,1396.65,1047.41,22.61,260.63,584,7370,8,224,686.12,54.56,Monday,8,0
SRV-068,06-04-2026 11:00,Database,Windows Server,62.17,79.8,50.83,85.14,2191.5,1592.17,21.46,337.53,1273,11143,15,273,484.95,51.71,Monday,11,0
SRV-068,06-04-2026 11:00,Database,Windows Server,88.97,77.84,54.9,83.18,2201.34,1578.22,31.1,320.92,963,11112,11,327,557.58,66.22,Monday,11,0
SRV-046,06-04-2026 11:30,File,Linux,67.78,93.66,56.16,99.0,1616.75,1218.19,24.25,316.42,858,8212,10,249,674.01,60.43,Monday,11,0
SRV-080,06-04-2026 12:00,File,Windows Server,67.87,57.86,58.75,54.77,1531.82,1157.79,28.68,318.65,978,8301,12,290,996.83,50.35,Monday,12,0
SRV-078,06-04-2026 12:00,Application,Windows Server,72.78,64.26,51.65,64.22,1924.03,1430.3,34.2,278.8,828,10037,11,305,1231.99,57.76,Monday,12,0
SRV-024,06-04-2026 12:30,API,Linux,72.72,82.13,49.96,99.0,2166.77,1657.69,30.42,298.88,1258,10788,11,302,472.71,62.74,Monday,12,0
SRV-046,06-04-2026 13:00,File,Linux,69.45,81.78,49.63,62.95,1620.81,1189.39,20.13,286.66,766,8241,11,290,397.55,52.95,Monday,13,0
SRV-029,06-04-2026 13:00,Web,Linux,82.25,93.53,63.12,81.39,1917.56,1530.07,22.62,302.14,835,10274,13,276,793.21,60.5,Monday,13,0
SRV-091,06-04-2026 13:30,Web,Windows Server,86.1,68.51,41.76,73.3,2017.44,1597.09,26.26,299.65,1092,10175,15,325,753.87,64.17,Monday,13,0
SRV-035,06-04-2026 14:30,Database,Linux,70.94,84.23,58.4,86.21,2178.9,1594.69,32.84,340.87,1087,11082,5,294,582.16,63.77,Monday,14,0
SRV-057,06-04-2026 15:00,Database,Linux,85.0,71.83,63.07,86.19,2271.36,1620.49,33.08,358.26,1317,11128,13,309,432.1,59.26,Monday,15,0
SRV-045,06-04-2026 15:30,File,Linux,82.35,58.12,64.55,73.54,1545.45,1217.37,26.15,279.37,739,8184,11,335,726.61,60.68,Monday,15,0
SRV-013,06-04-2026 16:00,Application,Linux,88.18,99.0,52.7,40.56,1947.95,1480.69,25.1,314.33,956,9954,12,233,458.39,62.18,Monday,16,0
SRV-026,06-04-2026 16:30,Web,Linux,93.48,69.54,30.57,95.21,2027.02,1566.87,33.69,398.86,819,10456,12,345,965.41,64.94,Monday,16,1
SRV-089,06-04-2026 17:30,Web,Windows Server,58.91,81.62,76.87,81.42,2051.95,1533.29,21.34,355.21,1031,10188,14,264,590.98,54.52,Monday,17,0
SRV-010,06-04-2026 17:30,Database,Windows Server,58.38,70.52,55.0,68.97,2196.81,1607.47,22.2,331.83,773,11205,9,250,618.41,51.08,Monday,17,0
SRV-039,06-04-2026 18:00,Web,Windows Server,69.18,56.19,51.43,73.32,1998.66,1457.96,29.0,253.89,902,10431,3,216,1095.21,59.94,Monday,18,0
SRV-006,06-04-2026 19:00,API,Windows Server,73.23,69.04,53.58,68.33,1444.33,1073.27,28.19,277.12,566,7217,8,267,332.7,59.78,Monday,19,0
SRV-083,06-04-2026 19:30,File,Linux,59.3,77.2,74.75,29.04,1268.07,1042.55,14.58,257.8,575,5909,11,232,1336.82,51.73,Monday,19,0
SRV-079,06-04-2026 20:30,Application,Windows Server,65.01,68.0,62.39,32.94,1418.68,1037.52,26.8,270.13,563,6798,6,183,551.58,49.85,Monday,20,0
SRV-078,06-04-2026 21:00,Application,Windows Server,46.15,49.15,49.38,32.85,1383.12,1024.63,23.89,259.35,786,6801,7,182,762.64,50.64,Monday,21,0
SRV-043,06-04-2026 21:30,Application,Windows Server,69.59,50.74,31.85,67.22,1363.61,1067.51,31.25,329.09,733,6964,15,322,247.09,60.13,Monday,21,0
SRV-032,06-04-2026 23:30,API,Windows Server,61.84,49.92,61.45,32.13,1329.23,1128.71,23.1,272.94,639,7212,10,257,252.94,47.68,Monday,23,0
SRV-068,07-04-2026 00:00,Database,Windows Server,53.99,65.51,71.74,47.21,1499.52,1111.16,21.28,253.28,670,7340,13,184,493.54,48.12,Tuesday,0,0
SRV-056,07-04-2026 01:30,File,Windows Server,52.48,70.07,66.88,35.77,1049.98,900.3,23.14,291.01,546,5962,16,265,705.35,53.25,Tuesday,1,0
SRV-082,07-04-2026 01:30,Database,Windows Server,65.6,62.62,46.62,83.26,1492.51,1081.24,27.71,290.98,840,7342,12,243,810.78,56.55,Tuesday,1,0
SRV-094,07-04-2026 03:30,Database,Windows Server,70.73,58.72,33.23,61.98,1440.3,1098.32,26.46,284.5,520,7436,9,247,651.51,55.26,Tuesday,3,0
SRV-049,07-04-2026 04:30,Application,Linux,41.5,66.69,75.53,42.22,1394.18,1019.39,23.24,297.29,657,6982,11,219,758.74,50.68,Tuesday,4,0
SRV-094,07-04-2026 04:30,Database,Windows Server,52.65,67.74,55.96,71.79,1419.11,1115.22,15.78,207.15,680,7366,8,228,791.09,55.78,Tuesday,4,0
SRV-042,07-04-2026 06:00,File,Linux,54.54,43.91,52.57,50.72,1183.71,881.16,19.86,280.04,702,5877,7,197,744.11,50.54,Tuesday,6,0
SRV-028,07-04-2026 09:00,Web,Linux,78.62,73.38,69.3,83.6,2070.16,1522.64,23.75,323.5,950,10194,12,292,394.35,60.53,Tuesday,9,0
SRV-011,07-04-2026 09:00,Database,Linux,82.35,73.93,66.8,96.61,2226.56,1618.46,36.33,295.65,1196,11062,7,275,1134.36,70.83,Tuesday,9,0
SRV-098,07-04-2026 10:00,Web,Windows Server,68.68,58.88,44.35,52.94,2025.2,1578.64,31.57,346.89,935,10226,8,270,241.42,62.35,Tuesday,10,0
SRV-056,07-04-2026 11:30,File,Windows Server,82.94,77.75,48.14,73.42,1586.66,1217.92,21.98,345.03,734,8228,11,269,1394.24,54.37,Tuesday,11,0
SRV-017,07-04-2026 12:30,Application,Windows Server,76.9,50.29,52.71,80.02,1995.2,1413.9,34.85,321.27,1188,10090,13,277,1200.3,58.34,Tuesday,12,0
SRV-010,07-04-2026 13:00,Database,Windows Server,70.5,70.79,60.13,73.96,2109.76,1590.07,27.74,318.45,1113,11018,17,229,1096.34,58.68,Tuesday,13,0
SRV-036,07-04-2026 13:30,Web,Linux,97.0,63.13,55.21,72.83,1967.24,1391.32,34.16,345.36,999,10332,18,313,1128.58,61.97,Tuesday,13,0
SRV-047,07-04-2026 13:30,Database,Linux,66.22,70.02,42.45,79.52,2260.48,1619.97,30.32,327.01,951,11134,10,314,993.39,60.39,Tuesday,13,0
SRV-016,07-04-2026 14:00,Web,Windows Server,67.08,64.0,47.05,77.72,2068.89,1540.5,25.41,301.58,1110,10478,9,254,584.82,57.05,Tuesday,14,0
SRV-058,07-04-2026 15:30,Application,Windows Server,84.49,84.31,41.07,86.26,1944.4,1414.92,37.15,303.86,891,9917,11,363,556.75,52.64,Tuesday,15,0
SRV-052,07-04-2026 16:00,Web,Windows Server,75.63,68.28,58.17,79.62,2028.96,1561.47,26.28,279.01,964,10406,9,283,851.61,59.05,Tuesday,16,0
SRV-068,07-04-2026 17:00,Database,Windows Server,78.78,78.83,63.92,89.73,2075.57,1593.37,30.4,323.89,904,11039,15,334,420.14,60.27,Tuesday,17,0
SRV-066,07-04-2026 18:30,Application,Linux,51.6,54.58,65.89,59.1,1453.64,924.91,33.36,273.35,690,7008,8,237,608.99,45.52,Tuesday,18,0
SRV-081,07-04-2026 20:00,Application,Windows Server,55.46,69.04,40.99,50.35,1400.79,1062.9,29.33,302.16,519,6883,10,238,1090.62,54.19,Tuesday,20,0
SRV-086,07-04-2026 22:30,Web,Windows Server,77.23,64.0,53.62,83.94,1478.03,958.86,22.62,329.79,773,7077,8,278,823.31,60.25,Tuesday,22,0
SRV-075,08-04-2026 00:30,Web,Linux,61.2,44.14,58.65,77.24,1274.37,961.29,31.33,317.35,677,7054,11,249,604.02,53.27,Wednesday,0,0
SRV-048,08-04-2026 01:00,Web,Linux,77.93,54.43,70.11,86.58,1402.72,929.22,19.18,250.48,618,7009,10,268,351.14,60.69,Wednesday,1,0
SRV-047,08-04-2026 01:30,Database,Linux,68.97,55.33,47.95,75.14,1401.1,1064.85,33.18,281.38,935,7274,6,244,486.71,53.1,Wednesday,1,0
SRV-006,08-04-2026 02:00,API,Windows Server,56.8,49.45,51.65,56.35,1432.0,1042.45,14.5,267.9,657,7344,8,260,462.48,52.68,Wednesday,2,0
SRV-009,08-04-2026 03:00,Web,Linux,61.84,75.25,48.73,52.81,1424.75,1010.76,21.82,258.2,449,7022,4,295,262.78,56.55,Wednesday,3,0
SRV-054,08-04-2026 04:30,Application,Linux,68.35,68.45,35.87,63.72,1403.92,1018.39,24.5,348.56,643,6803,17,277,498.24,57.17,Wednesday,4,0
SRV-086,08-04-2026 05:00,Web,Windows Server,55.49,63.0,33.31,63.21,1435.36,1024.1,29.0,241.12,744,7062,4,267,492.22,49.16,Wednesday,5,0
SRV-013,08-04-2026 05:00,Application,Linux,57.08,53.69,63.62,48.21,1352.74,956.59,14.15,257.51,876,6725,3,233,509.24,48.9,Wednesday,5,0
SRV-097,08-04-2026 05:30,Database,Linux,66.83,63.66,77.3,37.11,1406.49,1071.25,34.51,326.99,758,7522,14,253,633.53,48.65,Wednesday,5,0
SRV-071,08-04-2026 05:30,Web,Linux,60.45,59.33,56.18,48.05,1337.73,1082.33,23.2,254.57,690,7054,8,212,554.23,54.29,Wednesday,5,0
SRV-062,08-04-2026 07:30,Database,Windows Server,68.07,66.35,62.6,80.08,1429.37,1078.57,20.92,258.12,544,7510,7,261,410.7,60.93,Wednesday,7,0
SRV-028,08-04-2026 08:00,Web,Linux,53.57,63.17,38.77,61.61,1458.16,1036.23,25.8,325.14,679,7074,9,225,673.83,55.63,Wednesday,8,0
SRV-006,08-04-2026 09:00,API,Windows Server,74.77,81.58,36.27,81.01,2240.22,1588.88,25.66,313.2,1013,10732,13,301,975.43,68.09,Wednesday,9,0
SRV-001,08-04-2026 10:30,File,Windows Server,86.6,66.13,49.92,77.56,1540.31,1171.08,33.17,353.47,1128,8206,9,308,964.57,65.23,Wednesday,10,0
SRV-047,08-04-2026 10:30,Database,Linux,81.54,74.87,37.43,96.76,2187.98,1491.42,21.13,440.05,1075,11038,13,312,1038.0,58.73,Wednesday,10,1
SRV-011,08-04-2026 10:30,Database,Linux,90.84,69.0,53.5,99.0,2237.56,1724.69,28.91,346.63,991,11203,12,343,628.76,67.58,Wednesday,10,0
SRV-082,08-04-2026 10:30,Database,Windows Server,85.18,84.56,66.14,88.47,2173.81,1616.29,30.47,342.68,1153,11026,14,268,632.03,61.89,Wednesday,10,0
SRV-075,08-04-2026 11:30,Web,Linux,75.72,67.19,52.98,82.23,1917.0,1544.54,23.13,261.86,1005,10355,8,227,549.29,59.82,Wednesday,11,0
SRV-010,08-04-2026 13:00,Database,Windows Server,68.84,97.19,69.64,99.0,2180.27,1637.76,34.34,384.37,1163,10968,13,311,721.68,62.96,Wednesday,13,0
SRV-094,08-04-2026 14:00,Database,Windows Server,77.7,79.63,36.33,69.54,2205.51,1732.46,34.93,377.91,916,11158,8,284,675.51,54.81,Wednesday,14,0
SRV-054,08-04-2026 14:00,Application,Linux,75.75,80.06,70.23,84.83,1975.2,1588.64,20.57,380.2,890,10063,11,255,1701.87,66.6,Wednesday,14,0
SRV-038,08-04-2026 14:00,Database,Linux,99.0,95.69,56.02,88.58,2255.45,1632.68,34.71,392.32,1000,11212,15,331,1325.71,64.91,Wednesday,14,1
SRV-033,08-04-2026 14:30,Database,Linux,84.27,86.91,41.4,99.0,2223.89,1682.52,33.01,400.09,927,10961,21,294,777.56,57.87,Wednesday,14,1
SRV-035,08-04-2026 14:30,Database,Linux,89.42,74.27,73.34,84.63,2036.92,1604.72,28.72,328.19,1082,10903,17,264,780.42,68.38,Wednesday,14,0
SRV-063,08-04-2026 15:30,Application,Linux,93.91,76.07,20.64,92.44,1867.11,1527.93,33.74,386.54,1143,10124,13,298,735.65,65.45,Wednesday,15,1
SRV-024,08-04-2026 16:30,API,Linux,64.68,98.54,67.26,99.0,2107.49,1585.99,18.49,383.41,1083,10614,15,264,632.88,57.84,Wednesday,16,1
SRV-078,08-04-2026 17:30,Application,Windows Server,93.94,77.84,71.9,99.0,1933.38,1552.91,34.15,342.94,720,9926,13,332,1291.51,67.97,Wednesday,17,0
SRV-061,08-04-2026 18:00,Application,Linux,84.34,74.62,50.03,82.38,1958.94,1466.71,26.78,386.56,1046,9949,12,238,692.11,59.83,Wednesday,18,0
SRV-033,08-04-2026 18:30,Database,Linux,53.53,63.71,76.57,63.52,1416.32,1180.11,22.13,302.16,654,7364,7,250,406.52,49.46,Wednesday,18,0
SRV-014,08-04-2026 19:30,File,Linux,56.11,48.58,39.74,44.98,1126.36,918.58,21.94,211.92,490,5890,1,248,1386.4,52.58,Wednesday,19,0
SRV-050,08-04-2026 20:00,Web,Linux,73.4,58.82,67.09,55.05,1413.53,997.64,19.51,259.52,577,6932,13,264,1655.48,54.97,Wednesday,20,0
SRV-064,08-04-2026 21:00,File,Linux,60.89,50.78,59.73,35.28,1058.87,891.6,21.63,252.35,430,5939,5,235,315.15,54.95,Wednesday,21,0
SRV-080,09-04-2026 01:00,File,Windows Server,66.19,60.55,85.54,49.27,1173.74,872.72,24.31,313.86,554,5911,8,247,685.65,52.52,Thursday,1,0
SRV-100,09-04-2026 01:30,API,Linux,60.89,44.22,40.34,54.71,1272.19,1033.79,27.35,250.1,729,7251,7,273,713.79,52.83,Thursday,1,0
SRV-038,09-04-2026 02:30,Database,Linux,40.27,59.71,48.16,55.89,1630.76,1036.94,25.04,244.33,645,7448,8,175,632.87,50.27,Thursday,2,0
SRV-098,09-04-2026 04:30,Web,Windows Server,82.69,51.82,41.7,62.29,1387.63,1152.48,24.38,309.81,632,7050,14,242,1185.83,59.92,Thursday,4,0
SRV-081,09-04-2026 05:30,Application,Windows Server,67.04,57.89,72.08,47.76,1311.08,952.88,30.05,297.36,711,6733,15,319,508.32,56.35,Thursday,5,0
SRV-088,09-04-2026 06:00,Database,Linux,86.0,62.51,57.32,70.2,1354.99,1044.45,9.79,346.63,376,7457,12,290,735.38,64.7,Thursday,6,0
SRV-070,09-04-2026 06:30,Database,Windows Server,69.5,66.97,49.37,40.45,1503.15,1113.57,20.52,258.32,666,7479,11,285,883.14,57.99,Thursday,6,0
SRV-046,09-04-2026 07:00,File,Linux,64.75,43.34,46.19,57.42,1060.43,846.96,26.8,313.23,389,5909,8,316,395.38,50.64,Thursday,7,0
SRV-005,09-04-2026 08:00,Web,Windows Server,54.42,66.16,74.3,42.43,1398.53,1079.62,19.59,311.64,228,6993,10,186,447.74,56.76,Thursday,8,0
SRV-011,09-04-2026 08:30,Database,Linux,73.09,57.56,57.17,56.22,1407.8,1138.58,30.99,265.46,648,7406,4,245,1489.68,51.99,Thursday,8,0
SRV-076,09-04-2026 08:30,Web,Linux,65.94,52.71,27.7,60.46,1290.25,1070.56,18.64,270.86,618,7007,9,282,480.28,56.69,Thursday,8,0
SRV-017,09-04-2026 10:30,Application,Windows Server,79.51,64.99,51.97,56.79,1977.65,1509.62,30.04,345.25,903,9921,12,264,484.64,56.47,Thursday,10,0
SRV-054,09-04-2026 11:30,Application,Linux,83.19,73.99,52.55,76.07,1911.3,1479.16,27.78,392.35,931,9838,20,293,949.69,61.13,Thursday,11,0
SRV-067,09-04-2026 11:30,Application,Windows Server,87.72,82.7,49.49,75.08,1930.39,1484.62,33.71,308.38,957,9985,10,300,1049.0,59.76,Thursday,11,0
SRV-055,09-04-2026 11:30,Application,Linux,83.35,76.1,40.5,62.42,1980.84,1431.66,21.07,389.55,912,10157,15,260,400.96,56.375,Thursday,11,0
SRV-035,09-04-2026 12:00,Database,Linux,76.36,83.04,72.95,76.25,2255.52,1615.3,18.45,310.03,1054,11280,11,273,777.5,58.23,Thursday,12,0
SRV-055,09-04-2026 14:30,Application,Linux,81.31,64.35,50.41,39.37,1988.09,1433.2,23.4,315.79,1001,9971,10,318,1434.31,59.21,Thursday,14,0
SRV-053,09-04-2026 15:00,File,Linux,67.55,58.78,62.15,63.64,1638.59,1241.92,24.5,260.17,537,8362,9,358,902.39,59.2,Thursday,15,0
SRV-088,09-04-2026 15:00,Database,Linux,71.09,79.72,40.68,83.71,2082.57,1585.45,25.25,357.12,1272,10913,11,303,976.51,55.34,Thursday,15,0
SRV-083,09-04-2026 17:30,File,Linux,63.37,77.58,68.78,65.09,1679.33,1229.03,34.06,370.08,1028,8261,16,211,413.64,58.87,Thursday,17,0
SRV-071,09-04-2026 18:30,Web,Linux,72.32,59.4,29.62,76.9,1443.78,926.32,22.4,303.54,562,6975,13,274,1266.51,61.74,Thursday,18,0
SRV-100,09-04-2026 20:00,API,Linux,63.53,65.91,36.9,25.36,1475.77,1044.1,25.25,283.75,889,7312,15,252,707.89,51.85,Thursday,20,0
SRV-071,09-04-2026 20:00,Web,Linux,38.17,57.85,81.1,58.43,1397.16,1019.22,16.32,297.66,521,7112,7,216,681.58,55.15,Thursday,20,0
SRV-060,09-04-2026 22:30,Web,Windows Server,67.53,56.37,50.44,40.93,1408.05,1006.87,17.19,237.85,349,7119,10,269,569.54,52.86,Thursday,22,0
SRV-020,09-04-2026 23:00,Application,Linux,55.24,47.4,64.39,52.66,1288.03,951.13,19.79,193.29,602,6801,7,289,886.04,48.56,Thursday,23,0
SRV-087,10-04-2026 00:00,Application,Linux,52.56,54.5,59.09,63.24,1271.31,935.42,21.84,242.15,758,6764,3,205,956.63,50.44,Friday,0,0
SRV-012,10-04-2026 00:00,API,Linux,53.3,63.24,61.16,63.99,1419.17,1045.62,25.41,288.85,608,7324,7,244,1157.3,56.67,Friday,0,0
SRV-031,10-04-2026 00:30,Application,Linux,62.47,85.23,38.94,55.5,1414.23,905.55,26.66,320.52,730,6811,9,261,633.25,49.96,Friday,0,0
SRV-048,10-04-2026 00:30,Web,Linux,76.74,52.55,72.68,72.13,1414.3,1018.25,17.86,267.34,276,7121,7,232,1576.69,64.04,Friday,0,0
SRV-084,10-04-2026 01:00,Web,Linux,65.54,66.03,47.4,63.59,1320.92,982.61,21.99,284.13,671,6988,10,258,842.72,58.35,Friday,1,0
SRV-094,10-04-2026 05:30,Database,Windows Server,82.24,54.47,61.67,53.07,1377.83,1069.88,27.94,278.13,453,7398,8,305,737.18,62.06,Friday,5,0
SRV-028,10-04-2026 05:30,Web,Linux,59.13,87.08,45.67,38.86,1371.9,1048.34,22.9,307.23,647,6939,7,245,274.72,52.68,Friday,5,0
SRV-084,10-04-2026 06:00,Web,Linux,88.35,58.84,42.04,68.76,1314.31,1006.2,20.36,305.74,757,7063,10,356,822.75,62.55,Friday,6,0
SRV-038,10-04-2026 06:00,Database,Linux,49.35,60.66,41.71,55.17,1445.51,1137.5,23.85,217.08,756,7343,1,195,424.29,52.02,Friday,6,0
SRV-090,10-04-2026 06:30,Application,Linux,89.47,52.11,47.4,59.48,1314.17,966.71,26.75,299.65,612,6848,7,319,762.86,61.94,Friday,6,0
SRV-055,10-04-2026 06:30,Application,Linux,66.67,52.76,54.93,71.22,1325.49,854.9,22.63,275.66,889,6718,9,225,633.43,56.43,Friday,6,0
SRV-023,10-04-2026 08:00,API,Linux,74.7,58.19,65.92,50.99,1319.79,1046.53,27.47,275.85,617,7345,9,321,1705.4,52.1,Friday,8,0
SRV-032,10-04-2026 08:30,API,Windows Server,77.17,56.08,58.27,64.81,1384.25,1087.21,24.5,254.58,515,7344,8,288,177.88,58.56,Friday,8,0
SRV-040,10-04-2026 08:30,Application,Linux,73.3,81.18,59.6,45.27,1263.79,930.93,20.38,361.75,573,6862,10,240,623.71,53.8,Friday,8,0
SRV-003,10-04-2026 10:00,API,Linux,85.86,73.48,43.05,92.62,2194.12,1569.57,23.49,339.57,969,10844,7,354,503.39,70.08,Friday,10,0
SRV-004,10-04-2026 10:00,Application,Windows Server,63.94,73.55,58.34,91.18,1896.37,1376.86,28.23,277.44,924,9848,10,269,840.02,59.74,Friday,10,0
SRV-027,10-04-2026 11:30,Database,Linux,62.43,89.61,55.07,71.31,2117.25,1621.54,29.03,350.69,930,11147,6,250,1027.55,53.66,Friday,11,0
SRV-079,10-04-2026 11:30,Application,Windows Server,86.01,55.75,38.09,75.58,1864.61,1574.02,21.26,344.77,834,9923,11,246,788.73,62.78,Friday,11,0
SRV-012,10-04-2026 14:00,API,Linux,77.68,78.24,39.65,98.05,2126.07,1615.03,31.17,315.98,979,10713,13,297,793.18,60.43,Friday,14,0
SRV-098,10-04-2026 14:30,Web,Windows Server,99.0,81.42,50.04,80.21,2120.02,1466.91,34.04,472.35,974,10302,10,344,376.41,67.24,Friday,14,1
SRV-014,10-04-2026 15:00,File,Linux,63.93,48.28,56.79,78.27,1533.51,1257.98,22.66,285.59,587,8192,7,248,209.74,55.32,Friday,15,0
SRV-068,10-04-2026 15:30,Database,Windows Server,62.51,75.64,58.29,79.89,2235.76,1652.06,19.57,337.06,958,11017,12,218,1599.85,52.72,Friday,15,0
SRV-060,10-04-2026 16:00,Web,Windows Server,88.19,61.91,80.82,85.25,1973.89,1525.32,29.6,331.11,1079,10350,7,326,556.93,66.57,Friday,16,0
SRV-050,10-04-2026 16:30,Web,Linux,87.17,71.28,50.72,99.0,2049.63,1525.49,24.38,376.95,893,10431,7,352,966.86,68.09,Friday,16,0
SRV-008,10-04-2026 17:00,File,Linux,61.98,62.64,61.72,81.21,1658.14,1189.36,24.52,367.81,727,8237,15,285,1008.61,57.99,Friday,17,0
SRV-049,10-04-2026 18:30,Application,Linux,72.38,57.11,53.29,63.47,1369.29,978.26,21.16,326.88,725,6732,9,321,711.34,54.27,Friday,18,0
SRV-067,10-04-2026 19:00,Application,Windows Server,69.66,56.94,57.84,40.1,1402.33,996.94,18.07,249.02,708,6829,5,237,824.17,55.92,Friday,19,0
SRV-063,10-04-2026 19:30,Application,Linux,56.51,54.12,55.37,49.56,1336.32,989.51,24.06,238.35,646,6857,7,211,728.65,53.25,Friday,19,0
SRV-008,10-04-2026 20:00,File,Linux,38.42,51.57,53.66,63.26,1145.36,836.38,22.19,334.52,549,5915,9,220,760.92,48.1,Friday,20,0
SRV-041,10-04-2026 20:30,Database,Linux,68.42,52.05,37.39,57.59,1428.05,1096.62,26.12,370.72,626,7416,12,292,868.36,52.19,Friday,20,0
SRV-059,10-04-2026 21:00,Web,Windows Server,66.36,62.51,44.92,73.07,1341.88,940.36,26.17,331.15,769,6934,10,260,271.08,57.68,Friday,21,0
SRV-019,10-04-2026 22:30,File,Linux,61.61,50.59,54.54,46.28,996.24,773.43,19.18,282.93,831,5867,7,264,754.17,56.72,Friday,22,0
SRV-012,10-04-2026 23:00,API,Linux,81.76,48.75,73.78,80.12,1401.06,1129.35,20.03,305.7,761,7223,12,277,531.62,62.93,Friday,23,0
SRV-025,10-04-2026 23:00,File,Linux,74.42,54.49,34.42,30.02,1159.74,869.0,16.15,314.19,473,5845,6,312,695.86,60.58,Friday,23,0
SRV-092,10-04-2026 23:30,Application,Linux,58.66,59.14,57.41,55.56,1416.57,1009.92,17.79,220.95,687,6953,6,186,405.61,53.42,Friday,23,0
SRV-058,11-04-2026 00:00,Application,Windows Server,55.65,38.42,64.3,22.38,1048.68,877.87,25.17,262.42,460,5730,5,277,393.74,53.4,Saturday,0,0
SRV-033,11-04-2026 00:30,Database,Linux,66.89,54.39,37.64,52.11,1269.87,933.48,13.05,201.33,451,6145,11,266,907.09,51.95,Saturday,0,0
SRV-033,11-04-2026 02:00,Database,Linux,61.68,54.23,34.3,64.15,1156.32,946.51,22.59,301.57,559,6162,12,338,323.01,58.72,Saturday,2,0
SRV-013,11-04-2026 03:00,Application,Linux,72.25,69.1,51.58,42.99,1047.22,761.42,33.45,291.6,635,5762,8,304,795.94,55.41,Saturday,3,0
SRV-008,11-04-2026 04:00,File,Linux,54.55,32.19,71.07,55.68,981.76,686.6,28.26,278.56,621,4962,11,218,960.36,55.0,Saturday,4,0
SRV-024,11-04-2026 04:00,API,Linux,62.42,87.16,58.12,64.05,1270.13,839.35,26.16,306.6,749,5946,11,222,1019.71,53.84,Saturday,4,0
SRV-026,11-04-2026 05:30,Web,Linux,79.48,67.49,50.83,57.5,1176.82,832.08,23.47,350.24,617,5890,6,285,772.99,61.6,Saturday,5,0
SRV-081,11-04-2026 06:00,Application,Windows Server,77.36,47.62,71.19,66.04,1108.0,741.52,27.46,318.72,787,5796,10,275,1083.69,59.52,Saturday,6,0
SRV-094,11-04-2026 07:30,Database,Windows Server,70.86,76.95,44.7,39.24,1128.55,843.6,25.44,358.54,735,6006,15,299,933.7,49.03,Saturday,7,0
SRV-015,11-04-2026 08:00,Database,Linux,48.52,48.47,56.5,51.05,1160.4,882.19,15.95,245.29,511,6064,9,224,601.14,52.97,Saturday,8,0
SRV-084,11-04-2026 08:30,Web,Linux,46.81,62.16,73.39,32.43,1036.08,903.38,20.74,330.14,269,5833,5,262,803.49,49.36,Saturday,8,0
SRV-091,11-04-2026 09:00,Web,Windows Server,59.19,76.04,47.36,54.59,1584.35,1202.87,27.05,352.82,934,8097,13,244,546.07,53.91,Saturday,9,0
SRV-002,11-04-2026 09:30,Database,Windows Server,51.66,62.87,40.88,68.12,1673.61,1223.3,18.75,281.02,771,8719,8,242,602.37,56.72,Saturday,9,0
SRV-099,11-04-2026 09:30,Web,Linux,52.6,66.37,44.84,66.86,1643.79,1220.23,30.46,346.76,801,8218,8,200,503.87,54.57,Saturday,9,0
SRV-097,11-04-2026 09:30,Database,Linux,65.74,69.59,38.91,61.77,1574.3,1218.09,20.98,305.62,648,8612,6,315,414.9,60.87,Saturday,9,0
SRV-075,11-04-2026 10:30,Web,Linux,58.13,69.04,56.17,81.7,1556.46,1218.46,28.98,250.46,791,8045,14,298,777.37,61.2,Saturday,10,0
SRV-029,11-04-2026 11:00,Web,Linux,79.88,63.53,72.75,47.85,1566.84,1190.17,24.81,315.17,775,8246,9,263,1092.1,57.04,Saturday,11,0
SRV-097,11-04-2026 11:00,Database,Linux,66.82,69.49,65.17,63.03,1674.29,1314.52,32.7,279.91,838,8652,7,252,1382.15,59.35,Saturday,11,0
SRV-004,11-04-2026 12:00,Application,Windows Server,57.95,66.67,66.86,48.2,1624.82,1125.25,20.25,243.66,993,7933,6,216,634.63,52.55,Saturday,12,0
SRV-094,11-04-2026 13:00,Database,Windows Server,74.51,63.45,72.7,69.89,1720.02,1295.81,27.69,317.23,923,8758,11,266,429.72,61.6,Saturday,13,0
SRV-084,11-04-2026 13:00,Web,Linux,82.17,72.69,43.46,74.56,1627.13,1254.02,30.73,309.87,798,8247,4,305,970.35,59.54,Saturday,13,0
SRV-092,11-04-2026 13:30,Application,Linux,73.52,58.56,72.61,48.36,1561.33,1160.83,20.18,286.69,846,7995,12,328,227.08,54.06,Saturday,13,0
SRV-049,11-04-2026 16:00,Application,Linux,68.27,65.16,49.89,50.64,1594.97,1126.95,23.53,266.5,656,7906,14,219,382.31,56.42,Saturday,16,0
SRV-040,11-04-2026 17:00,Application,Linux,77.84,72.84,59.57,57.92,1595.68,1138.99,27.33,325.36,769,8000,8,240,507.48,62.13,Saturday,17,0
SRV-095,11-04-2026 17:30,Database,Linux,77.8,93.45,57.91,76.69,1680.17,1344.98,25.88,291.87,527,8767,13,271,834.55,56.86,Saturday,17,0
SRV-098,11-04-2026 18:00,Web,Windows Server,73.39,61.42,38.11,80.8,1714.19,1213.04,18.13,305.81,734,8026,6,230,609.91,56.95,Saturday,18,0
SRV-004,11-04-2026 18:00,Application,Windows Server,76.09,75.55,55.76,86.93,1521.79,1234.75,21.16,340.15,597,8075,7,266,568.49,62.6,Saturday,18,0
SRV-047,11-04-2026 18:30,Database,Linux,61.65,44.84,45.77,89.82,1214.23,884.84,26.95,222.02,455,6162,5,291,425.55,57.29,Saturday,18,0
SRV-068,11-04-2026 19:00,Database,Windows Server,55.4,64.69,45.18,55.19,1157.89,922.99,23.63,277.23,627,6077,9,220,632.93,55.14,Saturday,19,0
SRV-016,11-04-2026 19:30,Web,Windows Server,54.95,66.96,42.94,36.1,1189.73,816.88,25.65,224.9,763,5862,14,288,1127.32,51.01,Saturday,19,0
SRV-057,11-04-2026 21:30,Database,Linux,70.42,63.88,55.7,33.93,1237.36,854.98,24.98,362.32,729,6135,11,324,702.45,61.13,Saturday,21,0
SRV-038,11-04-2026 22:00,Database,Linux,44.14,75.65,43.33,73.96,1175.83,838.46,17.31,285.02,455,6120,13,227,398.52,57.01,Saturday,22,0
SRV-040,11-04-2026 23:00,Application,Linux,63.05,66.56,57.32,37.35,1049.73,900.63,30.82,307.72,356,5571,16,299,515.13,48.53,Saturday,23,0
SRV-023,11-04-2026 23:30,API,Linux,58.02,79.47,51.1,72.15,1116.89,884.87,23.93,329.62,617,5932,15,248,459.65,61.03,Saturday,23,0
SRV-096,11-04-2026 23:30,Application,Linux,71.69,61.05,55.35,67.81,1043.22,727.63,16.34,325.23,556,5563,9,293,509.57,54.47,Saturday,23,0
SRV-030,12-04-2026 01:30,Application,Linux,56.77,56.57,48.35,33.07,1100.45,854.46,20.86,239.31,526,5756,10,254,707.49,50.7,Sunday,1,0
SRV-065,12-04-2026 02:00,Application,Linux,62.55,49.07,81.48,35.98,1112.0,792.51,16.96,286.17,567,5798,10,319,990.57,54.58,Sunday,2,0
SRV-082,12-04-2026 02:30,Database,Windows Server,61.5,58.1,42.9,43.36,1143.34,802.29,20.8,272.01,633,6165,12,270,1149.26,53.74,Sunday,2,0
SRV-033,12-04-2026 02:30,Database,Linux,76.14,43.28,53.79,75.13,1096.85,915.48,19.25,255.62,443,6126,9,258,973.21,55.81,Sunday,2,0
SRV-086,12-04-2026 05:00,Web,Windows Server,66.88,75.57,68.26,60.67,1147.33,833.57,18.81,374.31,484,5776,15,305,319.18,56.55,Sunday,5,0
SRV-025,12-04-2026 05:00,File,Linux,35.22,43.94,45.84,7.58,941.56,737.72,18.77,284.04,371,5081,5,209,1048.9,50.71,Sunday,5,0
SRV-094,12-04-2026 06:30,Database,Windows Server,75.63,39.82,59.67,66.29,1251.7,879.49,15.29,309.15,649,6278,9,306,764.48,60.47,Sunday,6,0
SRV-068,12-04-2026 07:00,Database,Windows Server,61.95,47.61,49.92,39.4,1098.61,839.38,21.15,244.49,707,5996,6,234,419.16,53.21,Sunday,7,0
SRV-078,12-04-2026 08:00,Application,Windows Server,40.56,72.05,47.31,68.95,1122.32,809.98,23.12,261.21,712,5687,11,178,1048.13,56.375,Sunday,8,0
SRV-091,12-04-2026 08:00,Web,Windows Server,80.35,69.6,72.22,50.06,1122.65,783.02,20.46,351.4,816,5857,12,259,182.66,61.16,Sunday,8,0
SRV-040,12-04-2026 08:30,Application,Linux,66.09,60.36,54.49,60.29,1145.59,819.76,21.24,337.29,334,5657,11,292,666.26,57.49,Sunday,8,0
SRV-018,12-04-2026 09:30,Web,Windows Server,62.04,53.62,41.92,73.5,1744.24,1237.16,14.65,294.61,792,8154,14,235,708.89,54.04,Sunday,9,0
SRV-027,12-04-2026 10:30,Database,Linux,90.93,79.25,34.06,76.51,1636.99,1215.58,28.93,302.16,864,8603,16,293,853.29,66.83,Sunday,10,0
SRV-056,12-04-2026 11:00,File,Windows Server,55.42,55.48,53.26,51.33,1279.5,875.01,27.56,215.95,797,6607,9,310,469.44,55.71,Sunday,11,0
SRV-074,12-04-2026 11:00,Web,Windows Server,69.28,66.99,63.34,61.71,1502.68,1111.62,21.52,363.52,897,7987,18,282,1252.6,61.84,Sunday,11,0
SRV-100,12-04-2026 12:30,API,Linux,68.07,65.88,81.21,63.49,1671.01,1214.42,25.17,308.64,988,8355,8,233,737.55,56.67,Sunday,12,0
SRV-014,12-04-2026 15:00,File,Linux,53.9,70.35,53.84,65.59,1260.55,916.0,17.36,296.07,331,6555,6,199,937.11,51.36,Sunday,15,0
SRV-033,12-04-2026 16:00,Database,Linux,79.24,62.38,70.54,68.24,1721.61,1173.12,29.36,378.8,741,8356,11,267,1158.23,58.64,Sunday,16,0
SRV-021,12-04-2026 17:00,File,Linux,32.57,52.28,75.7,48.45,1302.23,949.48,20.85,197.03,889,6716,5,166,1221.85,43.02,Sunday,17,0
SRV-034,12-04-2026 17:30,Database,Linux,72.06,60.28,62.95,61.11,1674.71,1190.61,29.73,311.13,650,8712,10,263,1030.26,57.85,Sunday,17,0
SRV-035,12-04-2026 18:30,Database,Linux,55.34,54.51,65.12,69.87,1217.93,903.08,28.34,330.13,674,6126,5,193,673.96,57.93,Sunday,18,0
SRV-032,12-04-2026 19:30,API,Windows Server,49.03,53.59,40.26,30.07,1157.25,970.21,29.71,249.03,559,5964,7,270,702.06,50.32,Sunday,19,0
SRV-030,12-04-2026 19:30,Application,Linux,56.97,47.48,36.55,38.3,1219.55,862.74,23.72,263.41,656,5674,8,253,741.57,52.15,Sunday,19,0
SRV-077,12-04-2026 19:30,Web,Linux,67.78,53.96,75.39,27.48,1068.2,798.62,31.31,297.03,576,5745,4,272,1024.53,54.65,Sunday,19,0
SRV-072,12-04-2026 20:30,Database,Linux,52.3,76.43,51.75,70.82,1214.13,885.17,30.8,233.75,693,5971,6,241,566.44,48.67,Sunday,20,0
SRV-076,12-04-2026 21:00,Web,Linux,60.21,44.06,58.29,52.08,1071.11,894.98,20.31,229.18,676,5809,5,263,507.77,50.97,Sunday,21,0
SRV-012,12-04-2026 21:30,API,Linux,63.86,55.57,55.96,64.1,1100.96,828.06,20.33,296.07,409,6038,12,246,367.55,56.375,Sunday,21,0
SRV-079,12-04-2026 21:30,Application,Windows Server,63.04,47.88,61.86,43.12,1082.42,806.59,26.22,316.28,489,5730,6,264,715.65,54.61,Sunday,21,0
SRV-047,12-04-2026 21:30,Database,Linux,54.76,46.86,63.18,58.38,1134.3,1012.65,23.65,227.31,577,6087,3,245,579.3,49.77,Sunday,21,0
SRV-070,12-04-2026 22:00,Database,Windows Server,67.91,56.29,65.28,36.57,1137.01,961.08,20.54,405.18,472,6121,10,290,593.89,59.93,Sunday,22,0
SRV-042,12-04-2026 22:30,File,Linux,46.79,60.38,50.68,53.83,964.53,764.61,26.24,260.71,443,5026,13,275,1011.1,50.19,Sunday,22,0
SRV-001,12-04-2026 23:30,File,Windows Server,53.77,47.66,79.67,36.77,1054.87,677.49,9.37,224.99,349,4985,8,222,1036.67,51.77,Sunday,23,0
SRV-085,13-04-2026 00:00,Web,Windows Server,60.67,56.11,47.96,24.92,1293.02,984.25,22.98,269.04,648,6936,8,307,374.22,52.88,Monday,0,0
SRV-022,13-04-2026 01:00,Database,Linux,75.88,74.55,52.87,42.91,1489.01,991.4,23.61,343.98,552,7386,12,294,755.83,59.94,Monday,1,0
SRV-058,13-04-2026 02:00,Application,Windows Server,58.39,56.09,52.63,54.21,1319.17,946.51,14.46,203.75,468,6683,9,270,1645.16,57.43,Monday,2,0
SRV-019,13-04-2026 03:00,File,Linux,56.84,55.28,51.75,68.06,1198.78,871.58,31.52,255.33,326,5752,10,205,484.99,52.23,Monday,3,0
SRV-065,13-04-2026 03:00,Application,Linux,64.39,51.65,51.07,53.64,1348.09,1019.59,17.35,305.25,630,6956,8,334,378.99,45.29,Monday,3,0
SRV-088,13-04-2026 06:00,Database,Linux,71.61,58.41,57.35,34.46,1560.87,1068.91,29.81,235.33,754,7425,12,323,799.77,53.64,Monday,6,0
SRV-062,13-04-2026 06:30,Database,Windows Server,70.17,78.13,70.93,46.69,1392.25,1093.59,30.84,309.04,736,7461,10,248,792.81,57.79,Monday,6,0
SRV-090,13-04-2026 07:00,Application,Linux,83.82,81.08,63.01,48.99,1311.86,980.07,26.44,366.11,602,6901,15,285,887.03,66.37,Monday,7,0
SRV-005,13-04-2026 07:30,Web,Windows Server,60.31,56.76,48.69,44.07,1321.21,1001.11,18.71,228.23,657,7022,8,268,509.75,47.1,Monday,7,0
SRV-068,13-04-2026 08:30,Database,Windows Server,60.88,45.92,70.68,65.29,1435.14,1112.06,22.9,333.61,807,7653,16,289,319.57,56.88,Monday,8,0
SRV-055,13-04-2026 08:30,Application,Linux,52.68,88.69,60.64,32.1,1244.66,1092.3,21.04,212.47,925,6843,4,277,564.01,50.74,Monday,8,0
SRV-025,13-04-2026 10:00,File,Linux,71.08,51.8,63.97,80.26,1629.86,1295.48,28.93,318.19,838,8116,12,294,900.97,66.53,Monday,10,0
SRV-048,13-04-2026 11:30,Web,Linux,94.03,70.75,42.44,86.89,2041.15,1536.28,30.51,364.54,1018,10358,13,331,1016.7,70.3,Monday,11,0
SRV-001,13-04-2026 12:00,File,Windows Server,55.0,68.88,46.55,48.57,1424.68,1167.12,25.14,291.75,723,8266,11,271,854.1,48.69,Monday,12,0
SRV-099,13-04-2026 13:30,Web,Linux,68.89,77.19,60.79,99.0,2143.52,1548.92,19.3,302.69,800,10441,8,249,1045.35,62.99,Monday,13,0
SRV-037,13-04-2026 14:00,Web,Windows Server,85.04,72.41,70.58,76.19,1943.36,1532.21,22.93,380.33,989,10158,14,241,1460.97,57.81,Monday,14,0
SRV-093,13-04-2026 14:30,Database,Linux,88.17,91.44,24.02,76.86,2173.83,1552.2,26.9,434.88,1176,11162,12,320,833.87,61.07,Monday,14,1
SRV-048,13-04-2026 15:00,Web,Linux,89.81,79.68,55.2,63.75,1973.5,1462.52,29.9,339.87,750,10198,15,294,692.73,59.37,Monday,15,0
SRV-040,13-04-2026 15:30,Application,Linux,94.43,91.8,74.08,73.56,1926.78,1516.93,35.44,404.02,1287,10088,13,379,301.23,64.77,Monday,15,1
SRV-027,13-04-2026 16:00,Database,Linux,85.02,72.33,47.38,63.69,2151.17,1657.06,34.34,347.38,1118,10917,12,317,370.99,57.92,Monday,16,0
SRV-029,13-04-2026 16:00,Web,Linux,91.46,71.29,66.56,79.53,2080.03,1514.53,28.02,366.91,1027,10401,13,283,398.18,60.27,Monday,16,0
SRV-011,13-04-2026 16:30,Database,Linux,83.56,71.28,56.98,88.16,2142.93,1484.29,27.49,372.73,921,10843,11,319,635.26,59.05,Monday,16,0
SRV-031,13-04-2026 17:00,Application,Linux,85.84,74.86,71.55,89.81,2058.14,1561.74,23.99,352.36,1015,10082,12,262,1150.75,64.12,Monday,17,0
SRV-040,13-04-2026 18:00,Application,Linux,78.54,73.61,62.21,82.32,2031.71,1491.61,25.47,363.29,795,10142,8,294,696.6,59.23,Monday,18,0
SRV-030,13-04-2026 18:00,Application,Linux,86.43,78.88,45.53,80.69,1948.08,1487.48,24.34,340.47,907,10047,14,325,330.72,64.76,Monday,18,0
SRV-100,13-04-2026 18:30,API,Linux,59.54,58.69,57.62,59.01,1461.67,979.14,24.2,278.49,509,7157,6,271,279.27,58.1,Monday,18,0
SRV-016,13-04-2026 21:30,Web,Windows Server,74.93,62.78,46.24,45.57,1352.84,1035.11,19.77,320.95,598,7131,11,304,1370.72,57.24,Monday,21,0
SRV-003,13-04-2026 22:30,API,Linux,37.63,31.11,55.38,44.4,1420.95,1040.49,21.58,205.21,864,7260,11,195,619.64,50.79,Monday,22,0
SRV-050,13-04-2026 22:30,Web,Linux,62.05,64.29,49.95,56.34,1305.79,1002.33,28.73,306.62,469,7051,9,285,844.79,56.91,Monday,22,0
SRV-049,13-04-2026 23:00,Application,Linux,72.55,70.11,60.64,78.42,1350.97,1040.73,31.98,309.34,649,6964,11,224,1093.48,60.83,Monday,23,0
SRV-051,14-04-2026 02:30,Web,Windows Server,74.82,47.63,47.71,66.32,1353.94,1067.66,29.57,323.64,575,7006,8,273,1125.55,59.76,Tuesday,2,0
SRV-051,14-04-2026 02:30,Web,Windows Server,83.73,52.03,49.03,60.42,1315.12,952.09,28.13,287.48,726,7095,14,291,760.12,63.77,Tuesday,2,0
SRV-048,14-04-2026 02:30,Web,Linux,63.55,56.11,72.18,64.84,1341.62,1133.04,23.91,298.22,558,7088,12,263,242.76,62.37,Tuesday,2,0
SRV-046,14-04-2026 06:00,File,Linux,66.75,58.62,59.01,69.75,1138.92,805.15,24.45,322.82,536,5977,12,272,292.53,50.72,Tuesday,6,0
SRV-061,14-04-2026 07:00,Application,Linux,66.16,52.29,48.73,40.93,1280.2,978.68,30.28,214.0,883,6804,6,309,1049.76,51.45,Tuesday,7,0
SRV-040,14-04-2026 08:00,Application,Linux,65.69,59.79,39.31,46.96,1323.48,1074.89,24.91,248.92,596,6983,9,256,702.89,53.77,Tuesday,8,0
SRV-094,14-04-2026 09:00,Database,Windows Server,99.0,77.94,65.76,99.0,1991.77,1543.13,30.5,363.21,994,11113,17,315,408.65,64.14,Tuesday,9,0
SRV-007,14-04-2026 09:30,File,Linux,67.25,60.3,58.97,37.19,1599.31,1270.98,26.79,290.21,656,8187,17,291,294.72,50.3,Tuesday,9,0
SRV-069,14-04-2026 10:00,Web,Linux,69.63,82.6,50.34,82.37,2068.89,1521.18,31.73,364.12,1057,10251,15,321,514.28,55.28,Tuesday,10,0
SRV-054,14-04-2026 10:00,Application,Linux,86.93,69.97,58.21,82.31,2038.19,1380.77,24.78,256.04,788,9970,10,306,947.36,59.32,Tuesday,10,0
SRV-037,14-04-2026 10:30,Web,Windows Server,80.36,79.27,48.23,80.15,2008.29,1466.37,31.54,315.24,1182,10180,11,298,862.51,58.04,Tuesday,10,0
SRV-025,14-04-2026 13:00,File,Linux,74.57,60.55,69.29,71.22,1528.47,1211.98,34.29,325.44,740,8203,12,312,772.67,61.5,Tuesday,13,0
SRV-084,14-04-2026 13:30,Web,Linux,86.53,75.29,57.66,73.72,2091.0,1442.71,37.92,319.04,1248,10247,9,295,2611.13,53.89,Tuesday,13,0
SRV-052,14-04-2026 14:30,Web,Windows Server,70.37,84.68,70.83,61.32,1981.6,1531.61,25.41,318.19,1092,10263,13,234,225.99,60.06,Tuesday,14,0
SRV-077,14-04-2026 16:30,Web,Linux,94.61,70.86,62.95,79.24,1984.55,1499.43,31.92,306.9,877,10428,23,298,1112.88,61.93,Tuesday,16,0
SRV-073,14-04-2026 18:30,API,Linux,68.67,75.45,51.14,59.5,1416.84,1184.87,21.23,275.56,462,7143,8,218,570.71,57.78,Tuesday,18,0
SRV-020,14-04-2026 19:00,Application,Linux,54.49,50.47,39.1,58.85,1283.5,1023.96,24.5,178.04,736,6833,13,271,527.47,59.58,Tuesday,19,0
SRV-015,14-04-2026 20:30,Database,Linux,75.46,67.77,46.82,57.41,1394.38,1078.14,18.51,354.53,796,7390,11,304,548.72,56.31,Tuesday,20,0
SRV-085,14-04-2026 21:00,Web,Windows Server,68.43,53.69,45.26,53.1,1349.45,1034.21,13.97,233.81,323,7077,11,234,940.01,59.29,Tuesday,21,0
SRV-083,14-04-2026 21:30,File,Linux,58.89,52.38,65.86,52.17,1093.92,818.46,12.18,273.48,365,5943,6,244,857.15,52.58,Tuesday,21,0
SRV-042,14-04-2026 22:30,File,Linux,60.45,61.34,32.07,48.52,1065.11,895.52,22.08,254.74,583,5863,7,232,193.59,50.87,Tuesday,22,0
SRV-064,15-04-2026 00:00,File,Linux,60.81,38.6,50.03,50.46,1121.3,839.27,14.22,273.42,809,5953,6,348,1103.5,55.77,Wednesday,0,0
SRV-022,15-04-2026 00:00,Database,Linux,56.3,61.43,67.59,60.51,1418.35,1103.6,16.31,263.25,808,7359,6,227,552.88,50.77,Wednesday,0,0
SRV-063,15-04-2026 00:30,Application,Linux,53.05,49.88,57.78,58.36,1284.91,1022.55,20.72,226.47,737,6898,7,309,2315.49,51.73,Wednesday,0,0
SRV-011,15-04-2026 03:00,Database,Linux,59.85,75.43,58.06,52.68,1455.31,1120.74,23.22,253.94,612,7461,11,226,495.75,56.35,Wednesday,3,0
SRV-051,15-04-2026 04:00,Web,Windows Server,72.41,78.92,58.28,77.26,1299.97,1112.1,20.25,305.84,780,6878,16,299,507.85,56.92,Wednesday,4,0
SRV-079,15-04-2026 04:00,Application,Windows Server,65.35,58.08,47.73,66.01,1357.5,937.57,24.84,295.28,893,6783,14,317,951.06,56.87,Wednesday,4,0
SRV-010,15-04-2026 05:00,Database,Windows Server,83.23,66.36,25.09,71.23,1361.15,1158.97,28.12,358.96,802,7489,11,310,913.97,59.02,Wednesday,5,0
SRV-072,15-04-2026 05:00,Database,Linux,61.66,66.32,50.41,93.49,1416.3,1123.84,20.14,264.2,588,7367,5,286,404.51,58.48,Wednesday,5,0
SRV-051,15-04-2026 05:30,Web,Windows Server,64.35,49.81,76.76,64.51,1438.97,1084.45,22.68,308.04,573,7099,8,292,316.98,57.21,Wednesday,5,0
SRV-042,15-04-2026 10:00,File,Linux,73.12,60.21,60.27,94.81,1513.38,1192.09,20.46,260.3,724,8163,6,253,673.23,58.21,Wednesday,10,0
SRV-013,15-04-2026 11:30,Application,Linux,64.67,66.16,64.68,83.4,1952.55,1394.52,37.46,335.44,1061,9989,8,295,739.05,49.62,Wednesday,11,0
SRV-021,15-04-2026 15:00,File,Linux,70.59,53.28,55.71,61.69,1652.59,1134.58,26.24,323.91,771,8383,11,197,535.61,48.82,Wednesday,15,0
SRV-016,15-04-2026 15:00,Web,Windows Server,90.85,76.08,49.89,58.95,1990.09,1542.88,25.54,311.97,1052,10367,15,281,950.23,60.98,Wednesday,15,0
SRV-093,15-04-2026 16:30,Database,Linux,98.76,87.3,56.38,85.65,2114.72,1592.33,35.7,390.92,1215,11037,15,353,209.72,61.03,Wednesday,16,1
SRV-054,15-04-2026 16:30,Application,Linux,78.05,73.9,35.97,63.61,1949.16,1449.7,30.31,318.09,1118,10067,12,276,516.32,57.6,Wednesday,16,0
SRV-065,15-04-2026 18:00,Application,Linux,92.43,77.75,56.99,80.07,1880.07,1459.29,22.69,334.06,870,9930,15,357,910.26,66.31,Wednesday,18,0
SRV-022,15-04-2026 18:30,Database,Linux,52.32,58.79,68.71,65.89,1476.42,1050.15,28.15,262.33,775,7415,12,267,605.21,53.68,Wednesday,18,0
SRV-090,15-04-2026 19:00,Application,Linux,64.46,55.11,46.74,55.2,1332.89,1052.18,15.16,249.77,466,6886,11,295,635.55,58.57,Wednesday,19,0
SRV-032,15-04-2026 19:00,API,Windows Server,62.61,64.2,45.41,48.03,1414.91,1062.15,23.39,363.34,665,7390,9,274,1252.07,55.66,Wednesday,19,0
SRV-068,15-04-2026 19:30,Database,Windows Server,64.65,48.73,49.88,73.15,1437.01,1059.92,32.08,309.25,742,7402,12,281,562.75,64.7,Wednesday,19,0
SRV-084,15-04-2026 19:30,Web,Linux,45.13,44.74,41.91,58.99,1522.87,987.2,22.42,212.31,548,6999,1,208,775.31,51.83,Wednesday,19,0
SRV-088,15-04-2026 20:00,Database,Linux,72.3,56.13,67.01,61.79,1390.28,1119.07,17.38,391.28,595,7373,10,314,573.43,54.52,Wednesday,20,0
SRV-083,15-04-2026 22:00,File,Linux,46.15,48.92,45.72,60.34,1186.87,738.77,28.32,164.41,825,5813,7,265,662.11,44.84,Wednesday,22,0
SRV-047,15-04-2026 22:00,Database,Linux,64.39,76.6,36.37,66.74,1393.37,1140.4,29.86,302.53,522,7492,6,236,336.29,56.96,Wednesday,22,0
SRV-091,15-04-2026 22:00,Web,Windows Server,73.47,55.09,71.93,86.71,1465.36,1051.32,22.7,273.33,548,7155,6,257,1007.64,57.59,Wednesday,22,0
SRV-004,15-04-2026 23:00,Application,Windows Server,79.75,63.01,37.75,60.79,1273.64,951.54,28.6,303.16,626,6783,7,317,560.05,54.37,Wednesday,23,0
SRV-035,16-04-2026 00:00,Database,Linux,83.93,56.77,71.39,59.05,1367.7,1013.05,31.08,350.31,829,7430,17,342,752.03,62.22,Thursday,0,0
SRV-097,16-04-2026 03:00,Database,Linux,84.24,53.27,54.12,70.58,1517.54,1149.95,31.78,321.89,480,7416,9,346,1079.68,69.13,Thursday,3,0
SRV-095,16-04-2026 03:00,Database,Linux,66.18,59.1,37.56,58.59,1397.53,1061.02,29.07,246.21,512,7470,6,195,869.79,53.07,Thursday,3,0
SRV-060,16-04-2026 04:30,Web,Windows Server,50.67,68.65,37.69,50.64,1421.57,1083.7,23.83,302.16,607,7025,9,262,720.34,52.82,Thursday,4,0
SRV-084,16-04-2026 05:00,Web,Linux,62.74,61.16,51.48,38.43,1408.21,1021.27,26.96,255.42,643,7101,8,328,1032.86,56.44,Thursday,5,0
SRV-042,16-04-2026 06:30,File,Linux,44.47,58.25,62.09,61.22,1055.89,772.59,17.9,202.11,539,5991,3,193,476.88,50.61,Thursday,6,0
SRV-045,16-04-2026 08:00,File,Linux,68.55,51.08,52.01,74.26,1147.86,885.73,26.22,320.19,451,5816,12,247,1144.09,57.86,Thursday,8,0
SRV-037,16-04-2026 08:30,Web,Windows Server,35.37,55.08,63.15,52.81,1314.44,1021.67,23.15,224.81,928,7011,8,223,579.84,46.77,Thursday,8,0
SRV-091,16-04-2026 09:00,Web,Windows Server,99.0,77.83,82.43,79.8,2137.75,1511.24,26.76,365.66,1012,10544,11,400,292.67,62.95,Thursday,9,0
SRV-061,16-04-2026 09:00,Application,Linux,57.39,74.06,47.98,77.47,1851.64,1475.0,21.47,319.38,776,9964,3,247,1357.11,53.2,Thursday,9,0
SRV-031,16-04-2026 10:30,Application,Linux,76.47,77.72,54.16,75.22,1913.29,1477.63,27.58,334.52,1007,9857,11,270,1205.03,59.64,Thursday,10,0
SRV-054,16-04-2026 11:00,Application,Linux,51.74,63.39,60.15,59.24,1918.15,1520.3,23.73,235.34,915,10203,6,263,697.19,52.45,Thursday,11,0
SRV-015,16-04-2026 12:30,Database,Linux,96.57,74.04,61.82,97.5,2125.06,1606.77,27.59,300.93,1138,11058,13,336,1022.43,60.25,Thursday,12,1
SRV-001,16-04-2026 14:30,File,Windows Server,46.96,71.02,50.43,63.12,1626.95,1193.42,23.48,262.09,695,8314,4,220,622.58,50.36,Thursday,14,0
SRV-008,16-04-2026 17:00,File,Linux,71.36,58.15,54.99,52.98,1711.32,1129.63,27.71,256.22,729,8336,10,284,381.69,56.42,Thursday,17,0
SRV-026,16-04-2026 18:30,Web,Linux,52.47,54.36,69.03,56.29,1462.59,1121.94,24.35,299.5,731,7101,6,273,600.95,45.74,Thursday,18,0
SRV-079,16-04-2026 21:30,Application,Windows Server,64.76,59.25,44.57,55.18,1366.86,1022.65,27.68,358.98,641,6991,7,283,229.66,52.88,Thursday,21,0
SRV-071,16-04-2026 22:30,Web,Linux,65.07,59.42,77.31,47.36,1320.19,1055.23,21.5,263.46,475,7005,17,237,765.31,54.31,Thursday,22,0
SRV-016,17-04-2026 02:00,Web,Windows Server,56.69,53.97,62.21,52.67,1425.18,1076.48,19.63,273.43,756,7031,4,275,713.08,61.0,Friday,2,0
SRV-062,17-04-2026 02:00,Database,Windows Server,56.25,66.84,48.37,66.95,1397.42,1187.65,17.54,250.86,587,7414,5,194,710.25,62.9,Friday,2,0
SRV-091,17-04-2026 02:00,Web,Windows Server,50.32,53.02,41.87,65.44,1411.39,1067.91,16.69,226.72,524,6969,11,193,913.9,50.58,Friday,2,0
SRV-070,17-04-2026 03:00,Database,Windows Server,59.84,63.55,46.75,47.14,1465.62,1103.94,29.99,332.56,583,7327,16,314,1134.66,54.71,Friday,3,0
SRV-014,17-04-2026 03:00,File,Linux,57.15,50.44,59.66,46.96,1108.19,988.01,17.07,245.1,737,5914,6,244,857.59,52.56,Friday,3,0
SRV-010,17-04-2026 07:30,Database,Windows Server,70.35,55.2,63.98,42.73,1476.37,1159.47,25.21,240.04,673,7410,11,301,537.53,50.72,Friday,7,0
SRV-093,17-04-2026 08:00,Database,Linux,53.9,38.57,74.65,68.63,1368.68,1032.84,29.18,250.72,808,7381,4,213,942.97,45.57,Friday,8,0
SRV-017,17-04-2026 08:00,Application,Windows Server,61.24,52.49,49.05,64.44,1339.58,983.51,23.69,208.39,879,6928,8,213,533.99,56.09,Friday,8,0
SRV-080,17-04-2026 09:00,File,Windows Server,70.56,81.93,50.31,62.83,1628.82,1218.19,11.01,293.43,970,8240,10,240,526.01,57.73,Friday,9,0
SRV-085,17-04-2026 10:30,Web,Windows Server,79.02,91.65,70.91,60.08,2091.91,1542.91,28.1,353.07,865,10301,15,345,513.57,55.36,Friday,10,0
SRV-063,17-04-2026 11:00,Application,Linux,89.79,74.8,59.11,81.28,2002.97,1436.25,24.0,402.04,911,10124,15,304,720.63,61.74,Friday,11,0
SRV-085,17-04-2026 11:30,Web,Windows Server,78.24,66.68,39.2,77.53,2056.71,1483.22,34.83,321.97,888,10416,10,245,1328.51,60.71,Friday,11,0
SRV-028,17-04-2026 12:30,Web,Linux,96.44,60.7,70.66,96.3,2043.16,1609.59,35.15,344.87,1171,10421,5,352,369.93,76.02,Friday,12,0
SRV-021,17-04-2026 13:30,File,Linux,61.99,47.48,60.54,41.13,1601.7,1131.01,17.31,270.62,508,8096,8,228,515.87,53.53,Friday,13,0
SRV-047,17-04-2026 13:30,Database,Linux,99.0,76.12,37.99,87.73,2232.7,1617.74,31.87,333.52,894,10798,19,366,667.89,58.6,Friday,13,1
SRV-005,17-04-2026 14:30,Web,Windows Server,92.73,77.28,59.87,99.0,2053.24,1514.26,25.7,399.43,1193,10407,14,291,277.3,73.01,Friday,14,1
SRV-098,17-04-2026 14:30,Web,Windows Server,99.0,89.84,51.83,99.0,2077.99,1533.04,24.0,423.14,742,10516,13,322,1114.4,62.81,Friday,14,1
SRV-077,17-04-2026 15:00,Web,Linux,87.85,76.36,59.01,70.77,1975.09,1485.74,27.06,307.94,1110,10434,8,281,683.85,63.09,Friday,15,0
SRV-029,17-04-2026 15:30,Web,Linux,99.0,76.24,38.96,88.09,2013.04,1507.09,29.33,375.29,1104,10397,14,319,704.43,65.75,Friday,15,0
SRV-057,17-04-2026 16:30,Database,Linux,76.69,83.15,61.36,84.09,2176.02,1637.54,31.31,286.75,974,11082,9,330,1320.21,69.12,Friday,16,0
SRV-001,17-04-2026 16:30,File,Windows Server,77.05,55.68,41.22,62.3,1683.38,1234.35,27.42,215.13,773,8471,8,272,370.57,57.32,Friday,16,0
SRV-001,17-04-2026 17:00,File,Windows Server,63.93,66.02,41.32,45.16,1553.72,1198.18,14.06,288.72,968,8162,9,213,874.99,59.85,Friday,17,0
SRV-032,17-04-2026 17:00,API,Windows Server,80.34,90.32,79.52,81.01,2059.08,1616.03,24.81,403.99,941,10644,11,309,665.79,60.67,Friday,17,0
SRV-073,17-04-2026 17:00,API,Linux,54.22,74.83,48.1,85.78,2043.51,1565.07,26.04,282.21,837,10580,10,237,601.87,51.61,Friday,17,0
SRV-069,17-04-2026 17:00,Web,Linux,74.55,61.26,56.97,77.34,1971.8,1483.08,30.13,360.21,1146,10315,11,284,660.29,63.15,Friday,17,0
SRV-081,17-04-2026 18:00,Application,Windows Server,75.5,74.0,57.71,66.86,2105.09,1518.12,12.15,291.97,766,10210,14,297,1231.83,57.27,Friday,18,0
SRV-069,17-04-2026 18:00,Web,Linux,79.89,72.36,61.6,94.76,2004.48,1487.8,19.48,340.31,837,10298,17,293,1330.55,60.39,Friday,18,0
SRV-032,17-04-2026 18:30,API,Windows Server,86.07,74.44,44.06,51.3,1317.11,1124.09,35.28,373.68,837,7204,15,321,1535.87,62.59,Friday,18,0
SRV-091,17-04-2026 19:30,Web,Windows Server,68.71,67.03,55.68,43.84,1345.56,1100.96,26.25,312.55,396,6920,10,266,809.48,56.06,Friday,19,0
SRV-020,17-04-2026 20:00,Application,Linux,46.35,56.54,39.24,41.1,1281.52,889.66,29.88,228.2,565,6855,7,253,781.91,45.08,Friday,20,0
SRV-093,17-04-2026 20:30,Database,Linux,72.23,74.18,49.88,47.38,1429.03,1144.05,22.22,279.48,449,7381,9,306,760.86,57.43,Friday,20,0
SRV-091,17-04-2026 21:00,Web,Windows Server,65.83,56.9,45.73,43.65,1342.29,957.0,25.64,315.66,796,7074,10,352,372.78,54.97,Friday,21,0
SRV-020,17-04-2026 23:30,Application,Linux,76.19,60.45,56.17,45.53,1235.25,1019.35,21.96,326.34,838,6799,13,340,1123.48,53.34,Friday,23,0
SRV-070,18-04-2026 00:00,Database,Windows Server,56.04,78.44,57.04,61.36,1150.54,834.19,22.16,302.48,488,6122,9,274,1303.55,46.95,Saturday,0,0
SRV-060,18-04-2026 00:30,Web,Windows Server,49.12,72.73,55.0,42.99,1144.36,926.89,18.18,266.71,424,5864,8,214,347.23,48.19,Saturday,0,0
SRV-100,18-04-2026 01:00,API,Linux,74.77,45.86,79.11,58.42,1091.71,942.52,26.4,227.59,573,5861,9,237,1100.22,60.52,Saturday,1,0
SRV-083,18-04-2026 03:30,File,Linux,55.19,69.87,40.56,23.92,913.52,714.34,17.51,278.94,583,5095,9,265,1245.54,51.45,Saturday,3,0
SRV-041,18-04-2026 04:00,Database,Linux,52.5,59.23,53.82,62.61,1161.06,899.05,19.26,325.36,662,6218,13,285,387.08,54.37,Saturday,4,0
SRV-031,18-04-2026 04:00,Application,Linux,58.58,54.79,44.9,39.77,1096.66,903.09,17.01,254.88,551,5629,7,277,333.95,52.17,Saturday,4,0
SRV-023,18-04-2026 04:30,API,Linux,60.12,56.06,63.43,52.02,1224.51,768.13,19.06,293.04,548,5978,8,264,734.17,53.68,Saturday,4,0
SRV-048,18-04-2026 06:00,Web,Linux,70.7,34.77,58.69,51.31,1041.67,901.92,19.43,198.63,605,5546,5,282,486.22,53.45,Saturday,6,0
SRV-071,18-04-2026 06:00,Web,Linux,68.9,67.87,61.27,71.86,1242.4,902.68,23.46,312.45,625,5885,9,268,575.9,56.41,Saturday,6,0
SRV-078,18-04-2026 07:30,Application,Windows Server,33.65,56.23,50.74,40.45,1177.33,799.22,19.3,173.41,551,5699,6,198,465.14,49.28,Saturday,7,0
SRV-010,18-04-2026 09:00,Database,Windows Server,59.11,75.22,51.76,45.09,1628.41,1183.95,27.01,372.4,882,8672,16,253,534.83,55.06,Saturday,9,0
SRV-074,18-04-2026 09:30,Web,Windows Server,61.68,91.76,47.38,53.11,1679.85,1123.4,26.94,336.1,892,8199,10,263,1067.31,58.81,Saturday,9,0
SRV-071,18-04-2026 10:30,Web,Linux,59.6,67.57,46.77,65.62,1599.74,1162.92,22.08,341.75,561,8179,13,237,965.35,58.26,Saturday,10,0
SRV-059,18-04-2026 10:30,Web,Windows Server,65.54,67.58,56.41,59.49,1535.88,1194.77,19.91,376.72,795,7984,13,277,410.92,52.86,Saturday,10,0
SRV-089,18-04-2026 12:30,Web,Windows Server,64.2,61.85,59.54,77.37,1613.53,1246.76,28.78,305.66,660,8123,8,282,311.79,61.78,Saturday,12,0
SRV-093,18-04-2026 13:30,Database,Linux,78.36,63.51,39.41,69.06,1637.36,1285.18,30.58,269.0,823,8713,9,281,466.08,58.71,Saturday,13,0
SRV-073,18-04-2026 15:00,API,Linux,71.81,53.39,61.49,84.01,1539.06,1173.07,31.76,253.29,927,8343,14,267,844.1,55.42,Saturday,15,0
SRV-044,18-04-2026 15:00,Database,Linux,53.64,71.56,27.24,69.69,1763.36,1325.17,21.91,276.98,511,8619,6,261,1777.6,53.58,Saturday,15,0
SRV-007,18-04-2026 15:00,File,Linux,74.72,61.2,61.39,47.62,1270.88,964.92,25.57,300.95,792,6565,9,308,255.39,52.77,Saturday,15,0
SRV-057,18-04-2026 15:30,Database,Linux,88.49,64.3,39.62,94.47,1700.54,1249.35,26.18,302.16,854,8659,6,270,1216.18,68.63,Saturday,15,0
SRV-040,18-04-2026 17:00,Application,Linux,82.66,65.29,50.03,65.75,1491.35,1143.01,30.37,290.18,910,7893,5,326,843.21,63.06,Saturday,17,0
SRV-005,18-04-2026 17:00,Web,Windows Server,80.2,79.49,58.68,71.15,1568.74,1289.46,29.42,342.29,863,8084,9,260,1161.58,59.21,Saturday,17,0
SRV-021,18-04-2026 17:30,File,Linux,77.73,41.7,71.85,83.59,1267.67,830.93,25.27,310.2,397,6735,12,292,573.68,59.4,Saturday,17,0
SRV-011,18-04-2026 18:00,Database,Linux,73.64,67.54,62.72,65.2,1658.89,1322.47,26.81,373.15,980,8623,9,294,1375.7,54.27,Saturday,18,0
SRV-089,18-04-2026 18:30,Web,Windows Server,51.61,38.94,44.95,61.08,1046.6,817.86,27.78,302.16,659,5760,6,266,582.61,51.57,Saturday,18,0
SRV-073,18-04-2026 19:00,API,Linux,72.97,26.58,65.82,43.29,1118.14,924.67,22.35,342.45,753,5974,4,309,455.62,54.7,Saturday,19,0
SRV-045,18-04-2026 19:00,File,Linux,49.3,56.35,65.98,42.09,970.45,706.21,14.08,235.35,533,5037,6,180,1802.58,46.2,Saturday,19,0
SRV-098,18-04-2026 19:30,Web,Windows Server,62.76,52.17,70.2,55.15,1126.83,865.77,20.07,328.98,539,5928,11,272,686.89,54.58,Saturday,19,0
SRV-046,18-04-2026 19:30,File,Linux,41.3,43.23,50.34,35.97,976.31,799.29,14.12,306.92,469,5040,3,211,338.53,39.71,Saturday,19,0
SRV-036,18-04-2026 19:30,Web,Linux,59.12,31.72,64.6,41.7,1071.55,853.0,21.96,243.89,448,5811,5,260,941.29,55.79,Saturday,19,0
SRV-052,18-04-2026 20:00,Web,Windows Server,63.41,69.29,49.11,37.59,1124.99,857.78,24.02,249.15,418,5905,5,263,771.3,46.23,Saturday,20,0
SRV-011,18-04-2026 22:00,Database,Linux,68.19,68.87,49.94,36.28,1124.43,956.6,22.41,327.55,475,6082,8,227,1511.21,52.93,Saturday,22,0
SRV-057,18-04-2026 22:30,Database,Linux,59.29,62.02,62.96,42.15,1238.74,871.44,18.01,293.7,640,6151,7,270,885.11,48.76,Saturday,22,0
SRV-069,19-04-2026 00:00,Web,Linux,65.54,53.72,46.4,59.37,1138.5,822.3,19.49,324.11,442,5890,12,219,410.73,51.82,Sunday,0,0
SRV-024,19-04-2026 00:30,API,Linux,59.61,47.86,52.48,75.85,1177.45,889.79,32.05,217.22,649,5995,10,194,949.94,51.84,Sunday,0,0
SRV-011,19-04-2026 01:30,Database,Linux,73.82,46.83,69.83,71.25,1147.01,952.9,26.95,287.3,566,6129,12,267,267.02,62.54,Sunday,1,0
SRV-073,19-04-2026 02:30,API,Linux,42.41,60.62,57.5,31.76,1131.18,863.22,21.93,260.02,580,5922,8,175,850.37,49.11,Sunday,2,0
SRV-038,19-04-2026 03:30,Database,Linux,94.99,51.43,51.07,61.32,1226.2,887.92,19.83,302.16,563,6139,5,319,347.17,59.16,Sunday,3,0
SRV-009,19-04-2026 04:30,Web,Linux,51.6,45.97,61.29,41.71,1181.77,838.54,16.47,252.41,544,5815,10,227,1106.63,50.09,Sunday,4,0
SRV-033,19-04-2026 06:00,Database,Linux,33.15,52.36,40.8,37.4,1258.95,875.5,12.07,235.48,574,6163,2,214,862.25,46.99,Sunday,6,0
SRV-097,19-04-2026 06:30,Database,Linux,56.96,58.46,50.13,38.11,1156.35,738.2,21.99,263.02,482,5901,10,274,1066.01,50.24,Sunday,6,0
SRV-090,19-04-2026 08:00,Application,Linux,51.3,62.0,59.34,40.37,1113.52,881.21,8.48,255.17,543,5641,5,253,868.9,50.08,Sunday,8,0
SRV-010,19-04-2026 09:00,Database,Windows Server,65.98,86.37,46.29,64.47,1685.9,1294.7,14.72,333.45,696,8775,12,201,1243.89,60.29,Sunday,9,0
SRV-005,19-04-2026 10:00,Web,Windows Server,49.33,70.45,69.41,37.63,1531.72,1191.7,24.72,218.36,751,8231,5,240,642.61,52.66,Sunday,10,0
SRV-051,19-04-2026 12:30,Web,Windows Server,57.45,78.66,23.66,60.56,1645.55,1176.34,28.14,305.09,744,8283,8,210,1245.55,49.8,Sunday,12,0
SRV-077,19-04-2026 14:00,Web,Linux,53.22,64.97,40.37,60.12,1596.04,1243.87,17.26,323.18,603,7905,10,225,667.62,55.11,Sunday,14,0
SRV-040,19-04-2026 15:30,Application,Linux,80.67,70.12,62.14,61.31,1634.7,1158.12,20.7,330.25,652,7889,12,284,452.31,63.93,Sunday,15,0
SRV-035,19-04-2026 17:30,Database,Linux,61.11,62.9,59.89,63.59,1702.96,1300.01,28.21,235.73,864,8709,5,206,885.26,52.41,Sunday,17,0
SRV-055,19-04-2026 18:00,Application,Linux,76.13,78.09,68.25,66.02,1585.32,1133.88,21.17,341.44,770,7935,14,262,710.62,60.94,Sunday,18,0
SRV-020,19-04-2026 20:30,Application,Linux,55.29,57.94,61.19,42.91,1096.04,845.73,23.51,292.24,515,5917,7,235,950.49,49.22,Sunday,20,0
SRV-081,19-04-2026 22:00,Application,Windows Server,48.88,38.55,49.68,53.7,1037.1,796.97,24.51,243.81,407,5595,5,266,385.41,55.78,Sunday,22,0
SRV-077,19-04-2026 23:30,Web,Linux,71.08,55.17,44.95,59.6,1127.6,903.19,21.85,283.97,673,5785,10,282,1242.77,65.03,Sunday,23,0
SRV-081,20-04-2026 00:00,Application,Windows Server,61.47,47.8,58.11,44.08,1343.1,964.69,12.38,249.93,653,6733,10,229,909.94,59.91,Monday,0,0
SRV-078,20-04-2026 00:30,Application,Windows Server,60.8,78.37,65.52,65.1,1264.23,1121.35,23.91,324.81,531,6929,10,207,421.69,50.83,Monday,0,0
SRV-066,20-04-2026 01:30,Application,Linux,74.95,57.91,54.51,43.0,1374.75,1077.3,22.31,241.55,400,6930,9,277,1146.38,58.74,Monday,1,0
SRV-084,20-04-2026 01:30,Web,Linux,71.35,63.61,73.26,82.28,1249.56,1121.14,26.02,318.76,814,6931,8,271,1308.73,61.68,Monday,1,0
SRV-047,20-04-2026 01:30,Database,Linux,66.14,61.35,49.15,58.74,1429.93,1175.65,23.85,313.69,645,7494,13,272,614.93,55.04,Monday,1,0
SRV-016,20-04-2026 01:30,Web,Windows Server,52.76,40.42,59.5,37.42,1370.52,1010.78,27.73,250.17,772,6932,12,196,869.75,52.65,Monday,1,0
SRV-099,20-04-2026 01:30,Web,Linux,54.04,57.8,34.75,78.66,1227.38,898.86,22.76,274.41,688,7116,10,184,829.43,55.9,Monday,1,0
SRV-013,20-04-2026 02:30,Application,Linux,50.88,50.3,39.45,61.91,1417.56,1039.26,21.26,302.16,495,6993,11,169,794.33,57.48,Monday,2,0
SRV-035,20-04-2026 04:00,Database,Linux,57.99,63.23,65.72,67.76,1463.74,1179.26,27.28,279.0,752,7397,9,284,1198.83,54.73,Monday,4,0
SRV-079,20-04-2026 05:00,Application,Windows Server,71.09,52.6,71.22,45.27,1365.93,978.32,26.19,299.22,463,6825,9,246,754.31,56.65,Monday,5,0
SRV-082,20-04-2026 06:30,Database,Windows Server,51.47,69.41,67.17,30.05,1399.24,1098.09,23.49,255.58,618,7505,14,244,162.45,50.18,Monday,6,0
SRV-088,20-04-2026 07:00,Database,Linux,74.63,74.56,59.47,86.79,1441.42,1093.58,25.65,266.73,625,7382,13,306,671.12,56.17,Monday,7,0
SRV-041,20-04-2026 08:00,Database,Linux,78.26,63.01,52.56,45.23,1481.53,1105.23,22.3,306.03,859,7432,6,360,267.78,57.48,Monday,8,0
SRV-059,20-04-2026 08:30,Web,Windows Server,82.05,65.52,56.64,27.58,1346.12,1062.1,29.06,388.76,682,7116,13,351,766.48,56.59,Monday,8,0
SRV-084,20-04-2026 09:00,Web,Linux,78.16,71.02,44.87,55.38,1911.78,1476.49,27.95,299.78,1015,10323,11,298,923.53,55.89,Monday,9,0
SRV-059,20-04-2026 09:30,Web,Windows Server,75.85,93.68,40.96,89.55,2067.14,1555.21,30.02,373.27,808,10460,15,266,314.13,54.86,Monday,9,0
SRV-088,20-04-2026 10:30,Database,Linux,85.78,90.89,60.25,93.35,2106.47,1666.25,30.51,434.67,1386,10937,17,326,733.05,58.79,Monday,10,1
SRV-008,20-04-2026 11:00,File,Linux,76.81,73.49,61.93,80.57,1592.8,1180.03,26.6,335.28,849,8273,13,321,538.09,64.36,Monday,11,0
SRV-004,20-04-2026 12:30,Application,Windows Server,66.77,76.16,67.63,92.54,1961.95,1449.19,33.96,352.43,1120,10088,11,255,300.43,56.42,Monday,12,0
SRV-086,20-04-2026 16:00,Web,Windows Server,99.0,90.86,85.05,85.01,1976.82,1481.61,27.85,416.92,898,10275,18,323,1031.2,66.79,Monday,16,1
SRV-094,20-04-2026 17:00,Database,Windows Server,77.13,67.36,61.02,81.1,2205.45,1565.83,27.22,344.13,1222,11088,13,347,724.11,53.37,Monday,17,0
SRV-087,20-04-2026 17:30,Application,Linux,95.52,70.02,55.25,78.74,2071.25,1449.47,41.24,405.52,896,10138,17,361,379.49,61.72,Monday,17,0
SRV-032,20-04-2026 17:30,API,Windows Server,93.43,78.67,53.9,93.65,2056.62,1587.53,25.24,300.96,1027,10617,9,371,286.21,68.32,Monday,17,0
SRV-078,20-04-2026 21:00,Application,Windows Server,70.48,55.56,51.88,60.01,1232.09,995.14,20.51,334.01,584,6821,12,302,179.72,53.16,Monday,21,0
SRV-095,20-04-2026 22:00,Database,Linux,86.43,37.34,60.27,64.92,1437.06,1117.34,26.05,287.34,752,7359,7,281,639.26,67.27,Monday,22,0
SRV-097,20-04-2026 23:00,Database,Linux,71.15,64.31,50.87,64.17,1372.79,1107.55,24.94,312.92,883,7416,11,257,880.22,56.55,Monday,23,0
SRV-035,20-04-2026 23:30,Database,Linux,79.09,67.01,46.44,63.1,1343.38,1061.21,13.47,299.21,670,7399,7,360,442.75,60.45,Monday,23,0
SRV-031,20-04-2026 23:30,Application,Linux,57.23,64.48,55.46,65.27,1282.43,1024.76,18.68,293.85,686,6893,10,201,641.13,50.84,Monday,23,0
SRV-041,20-04-2026 23:30,Database,Linux,62.91,51.57,66.57,67.36,1440.51,1065.04,23.03,285.2,501,7489,7,281,717.98,56.9,Monday,23,0
SRV-084,21-04-2026 01:00,Web,Linux,66.95,56.82,55.25,55.21,1408.7,1093.12,24.5,233.09,740,7009,10,195,1251.3,53.65,Tuesday,1,0
SRV-057,21-04-2026 01:30,Database,Linux,66.52,64.21,58.45,65.02,1491.39,1027.06,14.6,358.37,593,7459,10,306,679.62,53.86,Tuesday,1,0
SRV-007,21-04-2026 02:00,File,Linux,54.96,44.6,70.69,37.8,1071.27,812.19,24.0,249.31,635,6055,8,235,816.92,44.83,Tuesday,2,0
SRV-095,21-04-2026 02:30,Database,Linux,58.07,52.29,35.89,47.61,1475.81,1017.71,26.56,311.42,795,7289,8,298,470.86,55.63,Tuesday,2,0
SRV-083,21-04-2026 04:00,File,Linux,64.59,47.89,47.91,46.44,1109.55,907.23,24.63,281.03,910,6036,8,283,994.81,58.87,Tuesday,4,0
SRV-086,21-04-2026 04:30,Web,Windows Server,63.4,36.86,63.49,64.95,1365.8,1051.0,20.25,311.53,621,7031,10,358,850.77,54.51,Tuesday,4,0
SRV-016,21-04-2026 06:00,Web,Windows Server,51.43,60.14,65.47,43.76,1345.32,1071.68,19.88,331.19,804,7069,12,278,1205.5,53.64,Tuesday,6,0
SRV-068,21-04-2026 07:00,Database,Windows Server,80.07,61.85,58.2,74.32,1410.23,996.09,31.91,306.82,644,7385,12,325,1151.55,64.36,Tuesday,7,0
SRV-078,21-04-2026 08:00,Application,Windows Server,47.71,56.92,61.73,52.25,1332.22,990.38,21.76,222.43,638,6920,11,199,947.38,50.29,Tuesday,8,0
SRV-058,21-04-2026 08:30,Application,Windows Server,58.77,42.69,65.96,51.21,1466.34,1009.27,20.15,248.39,873,6876,7,242,155.41,58.93,Tuesday,8,0
SRV-075,21-04-2026 09:00,Web,Linux,78.99,77.19,63.71,83.03,2083.52,1441.26,29.55,393.59,1084,10420,10,252,285.14,56.72,Tuesday,9,0
SRV-022,21-04-2026 09:30,Database,Linux,74.59,63.71,61.17,87.9,2162.58,1670.55,26.47,334.63,1206,11106,11,264,1530.09,61.09,Tuesday,9,0
SRV-069,21-04-2026 11:00,Web,Linux,68.77,99.0,31.85,92.3,2040.61,1563.02,20.27,364.97,762,10425,10,258,1117.71,61.61,Tuesday,11,0
SRV-057,21-04-2026 11:30,Database,Linux,61.05,82.54,51.49,76.57,2102.25,1586.63,23.26,297.58,1081,11019,5,330,1244.31,57.88,Tuesday,11,0
SRV-074,21-04-2026 13:00,Web,Windows Server,80.86,76.75,63.33,99.0,2065.72,1611.94,25.51,400.08,833,10371,11,270,485.68,69.52,Tuesday,13,0
SRV-032,21-04-2026 13:30,API,Windows Server,78.64,75.48,58.81,88.59,2125.13,1629.07,24.93,345.43,1162,10915,9,280,1144.1,58.69,Tuesday,13,0
SRV-059,21-04-2026 14:00,Web,Windows Server,81.73,65.16,39.2,79.14,2012.37,1593.73,25.86,282.04,791,10412,9,311,491.4,62.82,Tuesday,14,0
SRV-044,21-04-2026 14:30,Database,Linux,78.11,77.82,60.45,75.39,2199.49,1515.54,29.88,373.68,1140,11011,14,349,1553.25,57.9,Tuesday,14,0
SRV-053,21-04-2026 15:00,File,Linux,80.05,63.76,45.54,67.69,1624.98,1181.53,27.54,318.48,703,8238,10,262,477.5,56.75,Tuesday,15,0
SRV-042,21-04-2026 15:30,File,Linux,77.36,84.57,61.41,71.02,1612.7,1186.75,29.57,357.64,883,8313,18,277,1386.71,56.43,Tuesday,15,0
SRV-034,21-04-2026 16:00,Database,Linux,73.92,60.89,44.0,84.82,2161.09,1707.82,26.72,290.58,1022,11251,12,294,434.8,59.95,Tuesday,16,0
SRV-076,21-04-2026 16:00,Web,Linux,79.59,81.11,47.67,85.0,1992.38,1475.62,28.61,336.14,971,10346,10,319,694.58,62.45,Tuesday,16,0
SRV-063,21-04-2026 17:00,Application,Linux,75.11,79.95,68.18,67.46,1841.34,1483.38,23.5,332.58,996,9964,5,238,561.14,60.58,Tuesday,17,0
SRV-073,21-04-2026 17:00,API,Linux,86.8,84.34,77.71,99.0,2112.57,1595.92,30.4,323.79,1030,10771,13,356,1088.04,61.78,Tuesday,17,0
SRV-098,21-04-2026 18:00,Web,Windows Server,53.65,66.98,34.98,81.31,1933.84,1494.17,25.32,246.85,859,10290,7,239,760.86,56.375,Tuesday,18,0
SRV-088,21-04-2026 18:00,Database,Linux,74.14,68.97,48.92,79.04,2200.75,1583.99,31.86,301.88,1132,11092,12,210,319.18,60.42,Tuesday,18,0
SRV-069,21-04-2026 18:30,Web,Linux,84.23,69.05,56.56,65.35,1320.55,1030.96,32.78,412.56,554,7008,18,308,417.47,64.83,Tuesday,18,1
SRV-075,21-04-2026 19:00,Web,Linux,58.63,53.6,67.59,57.36,1336.97,1010.55,22.34,278.0,569,7184,8,277,1012.58,56.92,Tuesday,19,0
SRV-082,21-04-2026 19:00,Database,Windows Server,52.41,72.03,43.1,73.37,1437.87,1141.39,17.46,279.4,625,7425,7,217,785.99,54.78,Tuesday,19,0
SRV-056,21-04-2026 20:00,File,Windows Server,47.16,64.76,44.4,49.72,1119.16,882.95,21.05,289.04,383,5811,8,140,268.43,54.33,Tuesday,20,0
SRV-020,21-04-2026 20:00,Application,Linux,53.17,64.9,49.71,73.29,1396.78,986.48,26.15,274.14,526,6827,8,223,515.08,54.54,Tuesday,20,0
SRV-019,21-04-2026 20:00,File,Linux,61.1,59.33,67.44,48.74,1174.98,933.77,21.82,261.2,541,5918,6,286,1137.7,57.35,Tuesday,20,0
SRV-026,21-04-2026 20:00,Web,Linux,71.5,46.56,54.82,58.83,1399.01,1103.49,19.53,288.35,550,7224,9,332,444.7,56.87,Tuesday,20,0
SRV-046,21-04-2026 20:30,File,Linux,70.73,68.29,74.75,47.13,1065.38,887.87,24.18,268.9,333,5831,15,334,989.57,61.67,Tuesday,20,0
SRV-003,21-04-2026 21:00,API,Linux,72.64,60.21,59.57,63.97,1501.4,971.67,25.81,264.65,613,7236,13,224,813.15,61.42,Tuesday,21,0
SRV-032,21-04-2026 23:30,API,Windows Server,60.89,72.31,71.45,60.75,1377.57,1114.6,29.11,227.42,905,7186,7,321,720.17,51.34,Tuesday,23,0
SRV-089,22-04-2026 01:00,Web,Windows Server,75.87,66.36,72.91,60.52,1449.98,1065.76,26.16,301.13,748,7021,17,309,300.1,57.32,Wednesday,1,0
SRV-048,22-04-2026 01:00,Web,Linux,65.24,60.93,47.94,47.61,1370.22,1051.57,22.75,288.96,425,7078,9,262,355.14,54.67,Wednesday,1,0
SRV-016,22-04-2026 01:30,Web,Windows Server,63.95,55.85,30.41,51.37,1270.27,1067.95,17.4,261.19,575,7141,7,249,560.78,51.99,Wednesday,1,0
SRV-041,22-04-2026 01:30,Database,Linux,70.98,71.19,79.17,39.32,1474.78,1054.12,33.66,394.61,978,7420,14,370,1127.89,50.95,Wednesday,1,0
SRV-044,22-04-2026 02:00,Database,Linux,55.72,60.87,63.07,36.73,1441.22,1047.35,26.5,306.46,902,7321,11,172,558.12,51.95,Wednesday,2,0
SRV-076,22-04-2026 04:30,Web,Linux,70.53,42.82,59.87,43.9,1375.2,995.54,23.92,283.42,719,6878,13,296,1083.49,51.31,Wednesday,4,0
SRV-064,22-04-2026 05:00,File,Linux,58.21,41.41,72.94,58.84,1121.21,809.23,22.69,229.25,530,5691,4,277,1249.09,47.58,Wednesday,5,0
SRV-005,22-04-2026 05:30,Web,Windows Server,71.22,57.17,66.94,70.45,1369.87,1063.79,25.9,351.47,496,7026,13,270,602.3,58.9,Wednesday,5,0
SRV-062,22-04-2026 07:30,Database,Windows Server,58.91,85.97,79.87,61.98,1515.16,1080.62,18.05,260.22,562,7524,13,202,281.78,58.26,Wednesday,7,0
SRV-096,22-04-2026 07:30,Application,Linux,46.51,83.2,49.01,46.44,1421.39,956.97,23.01,302.16,483,6863,12,228,419.52,49.4,Wednesday,7,0
SRV-014,22-04-2026 08:00,File,Linux,70.29,26.81,51.55,46.98,1080.87,860.4,29.49,237.16,526,5883,7,272,564.77,59.04,Wednesday,8,0
SRV-050,22-04-2026 08:30,Web,Linux,69.99,65.01,53.49,41.46,1351.52,967.29,26.67,300.05,563,7123,10,319,1003.63,52.38,Wednesday,8,0
SRV-027,22-04-2026 09:30,Database,Linux,86.89,69.9,51.38,90.67,2097.52,1642.99,40.37,372.58,903,11003,11,359,382.19,64.09,Wednesday,9,0
SRV-048,22-04-2026 12:00,Web,Linux,85.62,85.53,60.76,72.34,2059.7,1485.32,26.78,324.05,797,10209,14,347,1484.46,60.64,Wednesday,12,0
SRV-059,22-04-2026 14:30,Web,Windows Server,90.4,61.95,31.73,67.16,2044.51,1500.32,20.52,302.16,862,10201,17,297,384.86,63.08,Wednesday,14,0
SRV-100,22-04-2026 15:30,API,Linux,85.27,75.67,77.26,63.64,2120.14,1559.91,26.25,391.04,892,10739,10,261,1431.65,63.99,Wednesday,15,0
SRV-056,22-04-2026 16:00,File,Windows Server,93.8,67.23,54.65,96.17,1625.66,1207.79,31.49,335.44,827,8360,9,331,783.62,61.37,Wednesday,16,0
SRV-063,22-04-2026 16:30,Application,Linux,80.24,63.31,42.82,79.74,1951.75,1456.67,28.66,353.88,977,9958,12,341,452.57,60.6,Wednesday,16,0
SRV-069,22-04-2026 17:00,Web,Linux,80.5,93.69,57.26,93.92,2101.69,1481.67,36.26,363.86,1045,10380,12,293,796.89,57.44,Wednesday,17,1
SRV-036,22-04-2026 17:30,Web,Linux,80.68,82.28,77.36,85.62,2024.68,1615.92,27.97,332.87,990,10377,12,282,540.15,64.02,Wednesday,17,0
SRV-030,22-04-2026 17:30,Application,Linux,90.39,80.63,37.22,74.0,1942.27,1474.29,24.5,303.55,960,9916,10,374,828.94,61.96,Wednesday,17,0
SRV-006,22-04-2026 18:00,API,Windows Server,96.12,78.43,40.48,79.06,2106.03,1506.27,24.6,351.55,877,10539,14,338,807.76,64.73,Wednesday,18,0
SRV-059,22-04-2026 19:00,Web,Windows Server,53.63,71.57,70.62,39.39,1499.22,1105.07,26.4,277.28,525,7120,12,277,906.38,47.03,Wednesday,19,0
SRV-053,22-04-2026 19:30,File,Linux,64.64,53.17,64.91,41.7,1237.21,892.59,24.06,264.82,442,5943,10,254,1308.72,55.48,Wednesday,19,0
SRV-030,22-04-2026 19:30,Application,Linux,85.9,56.01,64.51,74.02,1310.37,1040.74,30.83,268.07,388,6810,9,316,971.26,62.86,Wednesday,19,0
SRV-078,22-04-2026 20:00,Application,Windows Server,86.93,58.55,60.2,90.97,1212.93,981.89,19.62,322.55,609,6774,6,267,705.45,59.98,Wednesday,20,0
SRV-096,22-04-2026 20:30,Application,Linux,79.86,43.48,65.0,45.17,1396.28,966.8,22.23,257.19,714,6815,6,301,531.16,58.27,Wednesday,20,0
SRV-019,22-04-2026 22:00,File,Linux,48.49,63.03,59.68,43.17,1256.02,803.16,16.78,295.32,720,5877,5,202,793.13,49.72,Wednesday,22,0
SRV-099,22-04-2026 22:00,Web,Linux,77.01,71.09,38.49,48.06,1406.62,1122.12,18.32,365.98,495,7067,12,301,510.84,59.86,Wednesday,22,0
SRV-053,22-04-2026 22:30,File,Linux,39.97,58.75,65.06,19.83,1155.23,883.05,20.56,240.19,547,5866,9,184,834.15,45.17,Wednesday,22,0
SRV-072,23-04-2026 00:00,Database,Linux,67.22,71.1,67.26,66.16,1544.72,1087.63,29.56,262.45,574,7494,6,256,342.55,56.41,Thursday,0,0
SRV-081,23-04-2026 01:30,Application,Windows Server,68.71,64.79,66.01,36.04,1241.89,964.76,24.74,270.7,668,6911,14,278,680.14,56.375,Thursday,1,0
SRV-055,23-04-2026 03:30,Application,Linux,58.92,68.78,48.66,41.78,1386.63,915.77,18.35,257.17,517,6764,10,263,982.41,51.35,Thursday,3,0
SRV-096,23-04-2026 04:00,Application,Linux,37.0,47.46,51.91,57.26,1407.9,943.64,14.27,260.94,804,6879,9,179,1364.82,47.98,Thursday,4,0
SRV-008,23-04-2026 05:00,File,Linux,53.2,59.63,54.34,54.1,1130.31,818.31,24.29,320.64,597,5847,13,220,1334.7,50.79,Thursday,5,0
SRV-016,23-04-2026 05:30,Web,Windows Server,66.96,68.51,75.93,46.18,1454.24,971.9,18.44,288.06,438,7150,7,280,376.39,58.58,Thursday,5,0
SRV-019,23-04-2026 05:30,File,Linux,41.12,45.24,57.65,47.05,1121.28,930.18,29.25,292.37,549,5881,8,192,711.84,50.63,Thursday,5,0
SRV-052,23-04-2026 06:00,Web,Windows Server,54.51,73.41,62.54,54.97,1328.25,1082.2,14.89,280.98,672,7235,9,309,316.76,52.62,Thursday,6,0
SRV-097,23-04-2026 07:30,Database,Linux,63.61,62.0,60.22,71.5,1450.77,1135.09,25.68,258.41,876,7570,15,163,1268.05,56.62,Thursday,7,0
SRV-050,23-04-2026 09:00,Web,Linux,65.97,67.07,46.89,63.24,1986.5,1435.5,23.43,300.71,1045,10264,10,286,1154.2,56.57,Thursday,9,0
SRV-034,23-04-2026 10:30,Database,Linux,89.32,62.67,42.83,89.42,2113.19,1603.85,23.09,401.89,879,11054,17,330,629.63,68.36,Thursday,10,1
SRV-072,23-04-2026 11:30,Database,Linux,73.89,76.71,31.23,75.18,2138.04,1759.74,28.97,346.6,1016,10791,8,165,747.48,50.37,Thursday,11,0
SRV-077,23-04-2026 11:30,Web,Linux,76.65,51.02,51.18,74.61,2007.67,1499.97,19.72,363.4,816,10391,12,294,579.29,58.2,Thursday,11,0
SRV-067,23-04-2026 13:00,Application,Windows Server,74.34,65.16,52.82,63.56,1920.45,1458.59,35.11,369.51,884,9922,19,236,314.11,67.76,Thursday,13,0
SRV-018,23-04-2026 13:00,Web,Windows Server,79.23,89.98,48.29,63.47,1967.09,1525.7,31.55,366.51,991,10483,8,287,978.72,61.92,Thursday,13,0
SRV-055,23-04-2026 16:30,Application,Linux,78.72,59.75,38.76,46.65,1974.56,1458.38,24.8,313.67,1001,10132,12,322,1219.76,58.97,Thursday,16,0
SRV-088,23-04-2026 16:30,Database,Linux,76.93,64.08,43.05,99.0,2100.47,1527.39,32.51,315.41,908,11020,15,222,571.4,68.54,Thursday,16,0
SRV-051,23-04-2026 17:00,Web,Windows Server,91.98,77.86,56.3,53.23,1885.71,1490.0,30.72,393.67,991,10559,9,325,1198.84,63.66,Thursday,17,0
SRV-039,23-04-2026 17:30,Web,Windows Server,76.26,72.96,64.33,80.09,2040.55,1511.73,28.09,379.89,975,10273,19,279,554.7,56.12,Thursday,17,0
SRV-053,23-04-2026 18:00,File,Linux,67.02,56.24,47.16,70.23,1642.81,1310.45,35.14,323.61,678,8326,10,318,169.45,57.9,Thursday,18,0
SRV-075,23-04-2026 18:30,Web,Linux,60.19,67.48,36.26,46.24,1391.83,1022.82,17.7,269.87,708,7112,3,263,508.22,48.45,Thursday,18,0
SRV-046,23-04-2026 18:30,File,Linux,63.34,51.92,35.33,57.56,1080.36,886.01,27.48,298.13,510,5805,12,211,341.25,59.01,Thursday,18,0
SRV-060,23-04-2026 20:30,Web,Windows Server,64.53,68.92,35.68,53.39,1408.94,1017.23,18.28,308.13,561,7094,10,292,947.17,47.72,Thursday,20,0
SRV-005,23-04-2026 20:30,Web,Windows Server,57.93,66.19,42.74,47.4,1383.56,885.73,17.0,294.63,661,6971,6,270,557.24,54.81,Thursday,20,0
SRV-019,23-04-2026 20:30,File,Linux,52.8,45.07,74.69,43.96,1126.99,920.8,24.26,259.23,454,5884,4,235,1236.21,52.68,Thursday,20,0
SRV-023,23-04-2026 23:30,API,Linux,65.93,47.27,46.96,73.61,1442.36,1068.63,19.14,293.45,458,7249,10,264,672.3,54.87,Thursday,23,0
SRV-017,24-04-2026 00:00,Application,Windows Server,83.16,62.87,73.1,71.95,1312.61,987.96,25.16,302.25,819,6849,10,321,620.62,58.64,Friday,0,0
SRV-009,24-04-2026 02:30,Web,Linux,71.31,48.76,65.66,31.58,1235.15,1062.48,27.79,282.6,599,6993,7,188,641.98,51.94,Friday,2,0
SRV-045,24-04-2026 05:30,File,Linux,57.69,42.92,69.08,34.02,1143.37,792.1,11.79,313.32,369,5811,16,259,1035.13,50.78,Friday,5,0
SRV-041,24-04-2026 06:00,Database,Linux,65.84,59.85,37.01,68.99,1387.88,1046.1,26.68,339.48,703,7468,9,228,787.5,55.54,Friday,6,0
SRV-004,24-04-2026 06:00,Application,Windows Server,45.94,73.75,32.04,55.22,1369.28,1016.19,15.19,268.52,677,6841,6,195,700.56,46.4,Friday,6,0
SRV-080,24-04-2026 07:30,File,Windows Server,61.49,47.91,55.46,44.32,1120.91,839.82,29.05,233.43,556,5947,17,239,159.69,57.46,Friday,7,0
SRV-041,24-04-2026 07:30,Database,Linux,55.77,69.33,47.79,41.89,1475.43,1143.43,17.11,320.83,615,7398,13,261,441.99,54.99,Friday,7,0
SRV-096,24-04-2026 09:00,Application,Linux,69.31,83.74,66.86,76.41,1922.02,1486.4,26.85,349.8,751,9977,13,231,719.25,55.69,Friday,9,0
SRV-045,24-04-2026 10:00,File,Linux,55.27,55.0,32.68,60.23,1517.22,1178.72,15.82,238.26,934,8234,5,188,1051.46,51.79,Friday,10,0
SRV-098,24-04-2026 10:30,Web,Windows Server,89.1,69.42,40.94,94.56,2004.92,1573.94,21.23,368.4,974,10468,10,342,372.67,64.45,Friday,10,0
SRV-087,24-04-2026 10:30,Application,Linux,77.01,73.58,58.47,84.9,1946.8,1377.98,31.52,387.5,884,10000,14,231,609.65,62.46,Friday,10,0
SRV-095,24-04-2026 11:00,Database,Linux,73.23,88.78,71.27,73.08,2198.2,1610.54,24.42,337.69,994,10939,14,256,1590.18,56.32,Friday,11,0
SRV-069,24-04-2026 12:00,Web,Linux,75.26,63.74,51.87,73.94,2018.18,1559.15,34.47,272.83,976,10323,8,280,296.03,61.32,Friday,12,0
SRV-009,24-04-2026 13:30,Web,Linux,78.7,68.28,51.08,78.14,2029.67,1583.46,33.43,448.37,1219,10413,9,304,478.39,63.68,Friday,13,0
SRV-069,24-04-2026 14:00,Web,Linux,80.05,91.24,35.75,94.71,1987.25,1564.95,22.28,345.87,731,10269,10,347,488.88,65.79,Friday,14,0
SRV-034,24-04-2026 14:30,Database,Linux,86.13,80.12,84.79,78.42,2184.74,1683.02,32.49,402.11,1101,10971,13,279,742.27,54.44,Friday,14,1
SRV-047,24-04-2026 14:30,Database,Linux,54.34,73.57,53.21,68.7,2235.37,1673.49,17.41,265.45,1032,10899,14,240,434.81,60.39,Friday,14,0
SRV-082,24-04-2026 18:00,Database,Windows Server,79.56,73.31,82.24,76.98,2194.55,1618.35,31.26,311.91,1146,11096,13,311,258.97,62.35,Friday,18,0
SRV-070,24-04-2026 20:30,Database,Windows Server,67.04,59.08,54.11,58.05,1488.97,1176.86,29.03,285.43,722,7449,12,203,735.24,66.69,Friday,20,0
SRV-072,24-04-2026 20:30,Database,Linux,76.13,55.75,74.4,62.65,1457.7,1127.58,23.41,296.43,416,7349,9,272,413.57,64.39,Friday,20,0
SRV-067,24-04-2026 22:30,Application,Windows Server,62.37,72.39,76.79,60.23,1287.32,903.2,24.38,328.77,543,6837,11,220,1183.83,48.63,Friday,22,0
SRV-063,24-04-2026 22:30,Application,Linux,58.59,57.86,40.22,73.07,1231.68,1005.21,24.96,284.94,765,6797,7,291,441.15,57.62,Friday,22,0
SRV-072,24-04-2026 23:30,Database,Linux,58.56,68.29,61.23,61.76,1405.84,1085.12,22.56,276.97,692,7443,10,213,1168.85,48.72,Friday,23,0
SRV-051,25-04-2026 01:30,Web,Windows Server,43.2,44.44,50.74,36.44,947.83,911.16,19.48,175.72,561,5724,7,250,672.45,47.56,Saturday,1,0
SRV-050,25-04-2026 03:30,Web,Linux,42.93,51.8,45.68,37.75,1033.75,831.99,19.81,226.78,500,5777,10,242,1235.95,42.46,Saturday,3,0
SRV-070,25-04-2026 05:00,Database,Windows Server,72.57,65.33,50.27,76.0,1118.1,890.11,12.82,222.98,365,5977,7,286,970.83,58.21,Saturday,5,0
SRV-041,25-04-2026 05:00,Database,Linux,67.91,63.56,63.42,32.08,1214.48,871.93,26.82,344.88,701,6109,12,297,325.78,52.09,Saturday,5,0
SRV-044,25-04-2026 07:30,Database,Linux,56.71,79.62,54.59,64.62,1131.87,784.68,15.58,306.34,468,6069,10,268,452.01,50.75,Saturday,7,0
SRV-066,25-04-2026 08:00,Application,Linux,69.89,67.26,70.21,35.73,1152.46,833.93,25.25,371.26,692,5738,21,286,427.49,59.08,Saturday,8,0
SRV-074,25-04-2026 11:00,Web,Windows Server,77.93,63.93,68.1,76.48,1447.03,1173.69,17.0,322.71,865,8198,11,313,592.55,55.56,Saturday,11,0
SRV-023,25-04-2026 11:30,API,Linux,79.66,77.94,65.84,65.09,1680.92,1198.89,28.09,349.03,711,8422,13,362,366.15,58.38,Saturday,11,0
SRV-092,25-04-2026 12:00,Application,Linux,47.38,77.16,59.68,53.21,1579.14,1110.63,27.48,301.35,857,7848,5,219,490.7,44.46,Saturday,12,0
SRV-024,25-04-2026 13:00,API,Linux,69.23,64.7,46.24,60.44,1678.51,1278.5,23.53,214.51,712,8436,10,243,315.69,58.89,Saturday,13,0
SRV-078,25-04-2026 14:00,Application,Windows Server,86.79,69.73,57.69,99.0,1617.27,1121.58,23.88,383.24,758,7935,14,309,1101.36,64.3,Saturday,14,0
SRV-098,25-04-2026 16:00,Web,Windows Server,75.9,63.59,65.28,65.89,1581.73,1189.92,32.94,346.75,499,7975,13,277,746.79,53.91,Saturday,16,0
SRV-042,25-04-2026 19:00,File,Linux,51.35,46.84,29.19,20.63,948.94,720.05,11.87,217.3,497,5032,5,232,863.98,52.39,Saturday,19,0
SRV-008,25-04-2026 19:30,File,Linux,59.8,45.16,48.35,47.52,935.52,665.43,15.14,249.68,419,5092,9,315,622.37,49.71,Saturday,19,0
SRV-009,25-04-2026 21:00,Web,Linux,63.81,54.53,58.9,77.32,1038.61,826.53,20.91,236.51,488,5857,7,251,510.12,51.11,Saturday,21,0
SRV-092,25-04-2026 22:00,Application,Linux,57.81,59.99,52.4,46.71,1052.09,836.16,26.48,250.94,778,5638,8,210,370.78,54.87,Saturday,22,0
SRV-053,25-04-2026 23:30,File,Linux,54.5,54.53,60.76,64.46,1059.2,694.53,21.78,268.72,463,4986,12,225,957.83,56.18,Saturday,23,0
SRV-030,25-04-2026 23:30,Application,Linux,45.07,45.82,59.85,48.29,1132.68,864.18,25.32,210.24,281,5639,9,238,171.34,45.56,Saturday,23,0
SRV-080,26-04-2026 00:00,File,Windows Server,37.49,48.21,50.9,44.41,1018.05,839.14,20.65,230.8,249,5007,8,253,475.79,44.76,Sunday,0,0
SRV-084,26-04-2026 00:30,Web,Linux,50.8,63.13,44.44,42.15,1133.22,830.55,30.88,274.13,677,5876,13,274,293.79,55.56,Sunday,0,0
SRV-068,26-04-2026 01:00,Database,Windows Server,75.98,43.88,50.39,33.56,1176.3,950.03,21.77,268.24,612,6025,12,293,628.68,57.79,Sunday,1,0
SRV-038,26-04-2026 02:00,Database,Linux,70.97,50.58,30.26,61.77,1180.99,912.91,22.1,287.4,758,6025,7,279,828.82,56.54,Sunday,2,0
SRV-094,26-04-2026 09:30,Database,Windows Server,78.82,58.25,38.31,65.33,1714.2,1255.14,25.26,313.41,734,8662,8,341,935.73,60.29,Sunday,9,0
SRV-024,26-04-2026 10:30,API,Linux,79.77,65.37,52.04,83.09,1665.64,1235.6,23.74,306.35,1052,8342,7,324,807.5,63.12,Sunday,10,0
SRV-044,26-04-2026 11:00,Database,Linux,75.94,73.46,75.35,85.81,1641.45,1250.23,28.71,255.92,807,8522,2,298,525.95,63.92,Sunday,11,0
SRV-080,26-04-2026 11:30,File,Windows Server,67.81,58.12,71.88,47.25,1326.22,931.43,29.31,307.89,521,6545,7,308,1292.39,57.55,Sunday,11,0
SRV-079,26-04-2026 12:00,Application,Windows Server,71.73,70.06,56.57,62.26,1635.92,1124.51,19.52,358.24,686,7950,8,287,1062.48,55.69,Sunday,12,0
SRV-054,26-04-2026 12:30,Application,Linux,70.22,62.43,53.61,99.0,1567.02,1097.8,30.69,324.19,831,7759,10,276,638.22,62.63,Sunday,12,0
SRV-001,26-04-2026 12:30,File,Windows Server,59.79,66.93,48.15,59.9,1305.86,889.21,23.85,270.69,782,6608,15,345,291.76,53.42,Sunday,12,0
SRV-028,26-04-2026 14:00,Web,Linux,79.88,69.2,61.11,56.48,1571.22,1165.08,32.15,322.81,852,8214,11,291,608.08,54.55,Sunday,14,0
SRV-092,26-04-2026 14:30,Application,Linux,70.09,71.37,56.16,48.76,1575.88,1127.38,30.89,320.47,401,7903,7,235,321.05,56.17,Sunday,14,0
SRV-037,26-04-2026 14:30,Web,Windows Server,90.0,66.21,40.81,73.11,1617.5,1152.51,26.34,318.86,880,8092,10,365,807.5,59.05,Sunday,14,0
SRV-050,26-04-2026 15:00,Web,Linux,82.64,70.37,55.18,68.66,1526.72,1150.84,34.6,404.86,925,8103,8,341,342.5,57.0,Sunday,15,0
SRV-086,26-04-2026 16:30,Web,Windows Server,82.75,61.3,39.7,97.67,1586.68,1211.33,17.61,300.58,659,8143,3,281,648.22,63.21,Sunday,16,0
SRV-086,26-04-2026 17:30,Web,Windows Server,71.38,59.0,42.27,62.11,1556.08,1105.68,25.6,302.33,792,8240,9,294,787.22,54.33,Sunday,17,0
SRV-064,26-04-2026 18:00,File,Linux,69.84,77.1,54.54,48.54,1284.89,1110.11,19.37,331.33,416,6698,12,292,614.88,60.78,Sunday,18,0
SRV-034,26-04-2026 19:30,Database,Linux,56.37,61.78,62.69,59.29,1080.49,864.38,31.38,285.07,701,6123,3,257,704.64,52.67,Sunday,19,0
SRV-079,26-04-2026 19:30,Application,Windows Server,79.03,51.88,69.48,47.63,1125.03,912.51,30.02,290.54,601,5595,9,264,299.06,51.29,Sunday,19,0
SRV-094,26-04-2026 20:00,Database,Windows Server,63.94,68.4,78.5,62.27,1254.99,902.46,25.78,250.92,602,6123,10,238,1315.44,53.51,Sunday,20,0
SRV-056,26-04-2026 21:00,File,Windows Server,66.01,52.35,45.51,27.27,940.68,794.82,22.13,275.66,383,5106,6,293,714.86,50.32,Sunday,21,0
SRV-056,26-04-2026 21:30,File,Windows Server,34.15,67.1,63.31,22.47,1083.52,795.47,14.17,273.19,467,4959,11,183,540.48,46.25,Sunday,21,0
SRV-011,26-04-2026 22:30,Database,Linux,68.67,75.5,51.87,42.94,1174.25,977.42,26.24,333.16,489,6381,12,216,332.05,56.24,Sunday,22,0
SRV-043,26-04-2026 22:30,Application,Windows Server,39.11,46.0,53.78,44.33,1048.61,872.42,18.29,193.97,459,5760,5,238,597.91,50.63,Sunday,22,0
SRV-097,27-04-2026 00:00,Database,Linux,71.02,57.33,42.41,53.14,1342.13,1015.57,28.74,274.73,836,7305,7,253,900.35,59.55,Monday,0,0
SRV-031,27-04-2026 00:30,Application,Linux,74.44,65.46,40.27,69.87,1357.3,1006.88,24.01,315.78,938,6702,8,310,1564.05,57.06,Monday,0,0
SRV-087,27-04-2026 02:30,Application,Linux,45.97,56.2,72.29,62.33,1304.74,1000.08,15.7,279.17,719,6796,14,245,1783.9,50.2,Monday,2,0
SRV-060,27-04-2026 03:00,Web,Windows Server,65.55,48.3,60.14,50.82,1339.25,1078.59,29.98,249.4,596,6918,3,255,481.45,59.36,Monday,3,0
SRV-025,27-04-2026 04:00,File,Linux,56.74,59.87,66.05,48.15,1199.83,827.16,27.01,319.23,490,5935,11,190,547.6,51.9,Monday,4,0
SRV-009,27-04-2026 07:00,Web,Linux,64.73,76.13,50.87,48.25,1403.48,956.13,24.5,369.42,926,6959,7,211,867.4,53.05,Monday,7,0
SRV-082,27-04-2026 07:30,Database,Windows Server,60.77,64.55,39.15,36.21,1435.46,1130.51,21.51,322.74,898,7424,7,277,251.34,54.96,Monday,7,0
SRV-066,27-04-2026 08:00,Application,Linux,80.35,50.55,59.2,62.22,1364.98,966.92,24.54,312.47,269,6826,7,336,943.16,56.59,Monday,8,0
SRV-051,27-04-2026 08:00,Web,Windows Server,77.16,71.79,54.14,68.63,1374.82,998.64,29.9,340.92,528,7087,12,298,226.69,59.77,Monday,8,0
SRV-062,27-04-2026 09:30,Database,Windows Server,88.05,94.91,41.24,88.86,2186.58,1624.61,27.8,394.57,868,10996,21,347,1044.83,58.72,Monday,9,1
SRV-041,27-04-2026 11:00,Database,Linux,89.98,62.63,42.91,99.0,2168.11,1547.21,32.57,323.99,1056,10943,11,277,510.82,62.44,Monday,11,0
SRV-076,27-04-2026 11:30,Web,Linux,77.75,68.34,49.27,71.42,2161.9,1543.77,28.54,284.96,961,10366,13,306,1042.85,58.93,Monday,11,0
SRV-030,27-04-2026 11:30,Application,Linux,77.21,78.8,63.51,63.36,1920.73,1430.87,25.37,281.46,820,10038,12,250,463.67,63.28,Monday,11,0
SRV-056,27-04-2026 12:00,File,Windows Server,74.95,81.59,62.23,36.11,1578.1,1330.66,25.41,346.71,751,8291,10,269,468.99,57.34,Monday,12,0
SRV-072,27-04-2026 12:00,Database,Linux,99.0,81.18,42.13,78.86,2324.69,1661.45,24.13,425.95,1303,11239,6,358,262.25,61.42,Monday,12,1
SRV-063,27-04-2026 13:30,Application,Linux,79.65,75.53,53.14,90.87,1906.69,1443.12,26.05,294.38,922,9719,12,297,512.38,63.88,Monday,13,0
SRV-072,27-04-2026 16:00,Database,Linux,83.91,72.26,64.14,84.44,2203.56,1617.4,24.09,402.78,1108,11172,7,331,854.58,60.62,Monday,16,0
SRV-051,27-04-2026 16:30,Web,Windows Server,84.56,87.13,45.81,73.45,2059.64,1452.68,34.05,494.25,1012,10286,16,363,489.81,58.4,Monday,16,1
SRV-016,27-04-2026 17:00,Web,Windows Server,76.55,55.47,58.38,80.06,2053.94,1516.85,20.52,288.16,869,10332,7,302,1010.8,61.59,Monday,17,0
SRV-077,27-04-2026 19:00,Web,Linux,72.16,56.54,61.64,65.28,1444.71,1057.91,14.68,232.13,586,7079,12,302,694.92,62.95,Monday,19,0
SRV-004,27-04-2026 19:30,Application,Windows Server,62.96,65.06,60.25,78.78,1358.99,898.89,18.86,274.24,549,6812,10,303,658.12,61.92,Monday,19,0
SRV-066,27-04-2026 19:30,Application,Linux,67.27,53.08,67.89,68.16,1214.35,1031.75,25.39,310.1,752,6795,6,219,1198.39,55.8,Monday,19,0
SRV-078,27-04-2026 21:30,Application,Windows Server,57.61,43.64,54.47,35.95,1402.07,1088.53,13.83,371.28,501,6865,8,257,807.17,50.07,Monday,21,0
SRV-020,27-04-2026 22:00,Application,Linux,46.38,62.46,81.19,27.02,1278.88,984.27,23.65,234.19,561,6982,13,209,731.88,49.42,Monday,22,0
SRV-027,27-04-2026 22:30,Database,Linux,61.11,72.87,47.74,45.31,1474.61,1083.11,23.96,323.07,772,7485,11,216,718.95,50.36,Monday,22,0
SRV-053,28-04-2026 00:00,File,Linux,71.9,47.35,45.49,54.09,1209.38,831.44,17.29,307.6,732,5973,11,236,710.96,59.69,Tuesday,0,0
SRV-012,28-04-2026 00:00,API,Linux,88.13,63.35,43.47,64.01,1356.69,1047.1,24.8,339.4,582,7212,7,310,1444.76,58.22,Tuesday,0,0
SRV-018,28-04-2026 01:00,Web,Windows Server,82.45,73.92,56.67,52.6,1463.5,1017.61,23.67,392.84,620,6941,4,276,1089.8,60.02,Tuesday,1,0
SRV-055,28-04-2026 01:00,Application,Linux,73.36,65.22,44.24,56.11,1246.91,1041.11,29.2,295.96,860,6801,6,306,574.07,55.59,Tuesday,1,0
SRV-052,28-04-2026 01:00,Web,Windows Server,59.07,53.93,71.68,71.34,1400.76,1007.37,12.88,275.53,523,6926,6,281,460.23,57.7,Tuesday,1,0
SRV-097,28-04-2026 02:00,Database,Linux,83.51,55.78,60.32,52.4,1501.26,954.85,24.5,359.38,769,7440,11,359,422.35,55.96,Tuesday,2,0
SRV-057,28-04-2026 03:00,Database,Linux,67.16,47.1,49.74,66.4,1362.22,1107.09,24.1,264.6,788,7462,5,264,413.06,58.39,Tuesday,3,0
SRV-073,28-04-2026 04:00,API,Linux,78.89,88.74,59.03,64.71,1491.11,1066.79,19.47,373.74,539,7116,15,335,511.66,65.86,Tuesday,4,0
SRV-080,28-04-2026 04:00,File,Windows Server,49.35,50.96,68.35,49.89,1165.34,854.23,28.95,291.03,473,6030,10,203,860.63,49.13,Tuesday,4,0
SRV-039,28-04-2026 05:00,Web,Windows Server,54.57,45.56,54.1,54.29,1405.24,1051.08,23.42,280.39,713,7052,9,241,644.4,51.09,Tuesday,5,0
SRV-083,28-04-2026 05:30,File,Linux,48.33,51.11,53.71,39.57,1182.0,859.49,16.99,223.64,308,5851,7,216,1246.75,47.26,Tuesday,5,0
SRV-074,28-04-2026 06:00,Web,Windows Server,63.26,63.13,73.67,84.06,1390.57,994.94,27.99,288.25,730,7025,12,291,646.49,51.13,Tuesday,6,0
SRV-091,28-04-2026 06:00,Web,Windows Server,72.41,56.0,61.17,78.24,1305.67,967.46,34.81,285.23,598,7190,10,236,255.26,61.93,Tuesday,6,0
SRV-045,28-04-2026 06:30,File,Linux,60.01,65.32,54.77,48.33,1075.53,855.52,30.11,261.6,399,5836,9,273,656.1,57.15,Tuesday,6,0
SRV-053,28-04-2026 06:30,File,Linux,59.85,60.55,67.83,61.76,1105.49,830.72,24.48,308.31,555,5883,6,291,901.36,57.54,Tuesday,6,0
SRV-046,28-04-2026 07:00,File,Linux,68.47,53.07,45.33,38.32,1124.23,827.02,18.91,313.88,409,5884,14,222,606.0,56.89,Tuesday,7,0
SRV-019,28-04-2026 08:30,File,Linux,47.35,70.86,67.32,26.28,1147.74,884.05,16.25,294.79,418,5748,6,207,855.82,44.38,Tuesday,8,0
SRV-051,28-04-2026 09:00,Web,Windows Server,54.99,71.07,56.08,63.47,2031.88,1488.61,28.96,288.73,1035,10153,11,275,494.68,57.3,Tuesday,9,0
SRV-057,28-04-2026 09:00,Database,Linux,72.55,70.4,48.06,99.0,1979.85,1619.46,35.35,339.79,1161,10992,11,272,614.15,64.17,Tuesday,9,0
SRV-032,28-04-2026 09:30,API,Windows Server,90.55,89.63,37.56,91.49,2115.96,1633.58,35.3,348.4,1010,10704,9,303,145.07,64.5,Tuesday,9,0
SRV-088,28-04-2026 10:00,Database,Linux,71.66,91.05,72.78,97.59,2132.13,1584.12,20.37,349.78,1069,10944,9,266,748.1,66.47,Tuesday,10,0
SRV-010,28-04-2026 10:30,Database,Windows Server,88.73,74.92,46.78,80.45,2310.78,1648.28,34.51,381.09,1170,11164,8,401,894.96,66.78,Tuesday,10,0
SRV-050,28-04-2026 10:30,Web,Linux,95.64,78.48,63.77,64.34,1987.03,1509.1,28.21,383.36,920,10355,16,341,1065.83,63.87,Tuesday,10,0
SRV-052,28-04-2026 11:30,Web,Windows Server,80.97,79.7,73.62,84.93,2103.26,1495.48,25.68,344.37,931,10392,18,307,635.16,60.31,Tuesday,11,0
SRV-080,28-04-2026 12:00,File,Windows Server,93.26,47.3,56.74,64.55,1576.12,1234.88,27.35,302.73,794,8078,9,203,590.1,62.15,Tuesday,12,0
SRV-088,28-04-2026 12:30,Database,Linux,70.7,80.0,64.82,83.26,2269.45,1702.39,25.88,293.75,1134,11173,15,240,928.4,68.8,Tuesday,12,0
SRV-020,28-04-2026 13:00,Application,Linux,86.31,57.51,41.0,83.95,1957.04,1445.97,24.67,318.13,764,9820,10,277,699.4,67.19,Tuesday,13,0
SRV-008,28-04-2026 13:30,File,Linux,69.59,61.45,77.48,64.51,1573.4,1192.12,24.06,245.49,899,8246,3,295,414.82,53.27,Tuesday,13,0
SRV-010,28-04-2026 14:30,Database,Windows Server,76.29,69.28,61.04,89.79,2153.58,1637.73,26.05,393.23,949,11091,11,298,668.51,60.33,Tuesday,14,0
SRV-095,28-04-2026 16:00,Database,Linux,78.54,80.5,62.86,80.97,2216.97,1559.09,25.2,313.89,1124,11192,13,286,1122.41,58.14,Tuesday,16,0
SRV-094,28-04-2026 18:30,Database,Windows Server,73.8,71.1,46.53,35.64,1324.29,1077.87,23.72,312.43,773,7441,13,270,1178.23,65.09,Tuesday,18,0
SRV-040,28-04-2026 19:00,Application,Linux,64.5,71.65,50.98,50.41,1307.71,987.17,24.68,337.24,641,6990,5,309,373.63,53.39,Tuesday,19,0
SRV-048,28-04-2026 19:00,Web,Linux,93.21,55.36,67.35,53.65,1382.31,1016.75,22.92,367.66,648,7008,19,275,508.56,66.15,Tuesday,19,0
SRV-051,28-04-2026 19:30,Web,Windows Server,66.84,73.38,57.93,37.84,1230.24,1037.01,30.18,306.81,880,7051,9,267,434.81,64.98,Tuesday,19,0
SRV-021,28-04-2026 21:00,File,Linux,74.53,57.89,64.6,27.35,1130.12,868.33,21.43,244.97,402,5996,7,244,245.42,55.44,Tuesday,21,0
SRV-062,28-04-2026 21:00,Database,Windows Server,72.11,57.14,60.03,67.61,1546.64,1070.28,22.05,280.93,705,7348,12,311,641.25,46.34,Tuesday,21,0
SRV-094,28-04-2026 22:30,Database,Windows Server,72.4,64.78,66.86,57.75,1480.29,1060.81,25.68,306.78,591,7508,15,252,569.0,54.17,Tuesday,22,0
SRV-048,28-04-2026 23:00,Web,Linux,85.08,52.24,47.26,75.97,1377.23,1011.34,21.53,326.39,512,7109,12,310,270.31,61.63,Tuesday,23,0
SRV-036,29-04-2026 00:00,Web,Linux,62.11,58.32,34.82,32.12,1429.22,952.28,15.22,289.66,797,6901,9,307,474.87,51.77,Wednesday,0,0
SRV-020,29-04-2026 00:30,Application,Linux,68.08,62.21,51.52,69.37,1307.05,951.42,18.84,293.22,636,6878,15,234,842.96,49.77,Wednesday,0,0
SRV-031,29-04-2026 01:00,Application,Linux,75.53,68.14,45.04,62.53,1361.23,951.53,17.74,241.05,464,6770,6,281,363.83,49.51,Wednesday,1,0
SRV-003,29-04-2026 01:00,API,Linux,68.05,55.52,70.99,26.07,1484.09,1100.75,25.0,258.18,596,7368,10,301,655.09,58.58,Wednesday,1,0
SRV-028,29-04-2026 03:00,Web,Linux,45.04,79.84,64.82,77.71,1455.15,937.58,34.08,266.54,756,7065,11,232,477.57,56.87,Wednesday,3,0
SRV-049,29-04-2026 03:00,Application,Linux,59.41,36.11,52.35,75.92,1390.45,1141.4,38.63,322.14,967,7054,14,242,722.97,57.26,Wednesday,3,0
SRV-015,29-04-2026 03:30,Database,Linux,60.37,62.16,62.52,71.33,1424.89,1103.41,26.87,273.57,602,7403,10,257,531.11,52.55,Wednesday,3,0
SRV-038,29-04-2026 05:00,Database,Linux,87.46,72.85,42.44,47.75,1526.72,1166.91,17.68,384.83,745,7471,10,295,324.62,55.58,Wednesday,5,0
SRV-089,29-04-2026 05:30,Web,Windows Server,64.8,67.5,62.58,61.36,1373.6,1059.6,23.96,297.86,666,7279,8,285,1206.31,59.99,Wednesday,5,0
SRV-003,29-04-2026 06:00,API,Linux,74.01,61.58,65.89,64.85,1415.95,1007.49,23.48,306.61,490,7110,8,266,952.81,52.58,Wednesday,6,0
SRV-077,29-04-2026 06:00,Web,Linux,54.45,50.1,49.91,82.46,1332.63,1032.81,26.81,247.18,482,6961,5,269,1053.87,53.27,Wednesday,6,0
SRV-049,29-04-2026 06:30,Application,Linux,61.37,77.04,64.13,50.93,1312.41,953.17,19.76,370.99,465,6964,14,289,770.5,48.62,Wednesday,6,0
SRV-085,29-04-2026 07:30,Web,Windows Server,42.84,59.11,60.72,39.0,1317.98,1079.91,20.89,233.71,490,7039,13,161,1190.27,51.66,Wednesday,7,0
SRV-060,29-04-2026 08:00,Web,Windows Server,78.38,75.32,44.92,71.54,1234.56,1094.18,19.96,318.3,749,7013,9,306,1140.93,55.43,Wednesday,8,0
SRV-043,29-04-2026 08:30,Application,Windows Server,42.55,65.16,72.64,16.22,1323.12,1013.97,12.83,255.76,491,6868,10,257,928.62,46.55,Wednesday,8,0
SRV-035,29-04-2026 08:30,Database,Linux,50.18,64.61,54.41,47.5,1518.87,1064.12,15.69,239.06,705,7399,10,236,813.32,48.05,Wednesday,8,0
SRV-088,29-04-2026 08:30,Database,Linux,76.25,65.45,50.9,73.3,1365.58,1121.07,27.62,330.7,722,7356,7,244,1146.37,55.59,Wednesday,8,0
SRV-022,29-04-2026 11:00,Database,Linux,80.46,77.0,72.16,85.13,2207.64,1740.24,33.88,298.1,1313,11109,12,321,1050.49,67.54,Wednesday,11,0
SRV-091,29-04-2026 12:00,Web,Windows Server,99.0,60.25,58.18,77.78,2005.45,1542.67,29.73,302.16,1115,10344,10,304,681.96,61.94,Wednesday,12,1
SRV-044,29-04-2026 13:30,Database,Linux,76.39,70.34,54.56,79.59,2167.78,1628.8,35.45,364.04,1012,11058,13,291,590.55,59.76,Wednesday,13,0
SRV-078,29-04-2026 14:30,Application,Windows Server,75.87,84.01,64.11,69.33,1972.55,1492.41,20.17,350.61,833,10069,13,283,879.03,54.57,Wednesday,14,0
SRV-065,29-04-2026 15:00,Application,Linux,86.97,64.03,28.65,78.18,1920.61,1436.91,28.93,332.64,1114,9923,11,309,235.1,65.31,Wednesday,15,0
SRV-059,29-04-2026 15:30,Web,Windows Server,90.01,84.94,50.65,83.74,2003.03,1582.34,24.43,346.83,897,10188,14,332,971.04,65.58,Wednesday,15,0
SRV-029,29-04-2026 16:00,Web,Linux,75.41,73.92,58.67,70.44,1987.01,1497.08,23.78,364.81,1019,10288,15,279,1033.23,54.42,Wednesday,16,0
SRV-051,29-04-2026 17:00,Web,Windows Server,95.52,78.21,52.26,67.87,1985.47,1527.69,33.22,389.42,1337,10236,7,307,1352.72,60.42,Wednesday,17,0
SRV-084,29-04-2026 17:00,Web,Linux,76.64,77.65,75.66,68.0,2072.33,1497.34,28.5,351.05,789,10243,16,286,1148.37,56.375,Wednesday,17,0
SRV-045,29-04-2026 17:00,File,Linux,66.84,72.02,50.97,78.28,1635.37,1249.72,27.68,351.49,809,8230,11,226,604.5,51.49,Wednesday,17,0
SRV-083,29-04-2026 17:30,File,Linux,67.07,68.63,57.05,60.28,1627.98,1152.95,28.14,357.38,907,8427,10,337,354.81,60.28,Wednesday,17,0
SRV-016,29-04-2026 17:30,Web,Windows Server,68.13,85.44,51.64,91.38,2030.68,1572.45,28.26,447.38,921,10207,12,267,425.65,59.6,Wednesday,17,1
SRV-006,29-04-2026 18:30,API,Windows Server,49.19,77.78,62.25,72.71,1238.84,1027.15,26.43,318.03,727,7124,12,314,1030.65,53.05,Wednesday,18,0
SRV-099,29-04-2026 19:30,Web,Linux,84.22,68.26,53.66,75.29,1270.76,988.96,17.77,352.43,560,7018,13,291,380.55,60.85,Wednesday,19,0
SRV-055,29-04-2026 20:00,Application,Linux,66.31,51.15,58.35,41.39,1357.86,990.63,22.14,300.68,592,6888,7,231,846.37,52.63,Wednesday,20,0
SRV-025,29-04-2026 20:00,File,Linux,47.51,38.36,49.55,47.09,1270.37,788.09,27.03,216.08,784,5782,8,216,457.64,48.13,Wednesday,20,0
SRV-077,29-04-2026 21:00,Web,Linux,69.47,51.47,68.26,44.85,1351.8,1052.27,26.47,330.11,597,7053,6,288,962.71,61.6,Wednesday,21,0
SRV-025,29-04-2026 22:00,File,Linux,50.52,50.5,69.04,25.66,1179.58,895.15,10.05,282.08,614,6071,9,255,383.29,46.62,Wednesday,22,0
SRV-076,29-04-2026 23:00,Web,Linux,72.73,78.98,47.32,37.13,1360.63,1032.77,34.75,296.21,698,6929,12,257,1210.4,53.83,Wednesday,23,0
SRV-016,30-04-2026 00:00,Web,Windows Server,61.43,56.91,37.77,68.43,1299.85,1004.53,21.75,288.24,739,7050,10,241,961.52,58.78,Thursday,0,0
SRV-044,30-04-2026 01:30,Database,Linux,61.05,56.84,60.57,65.63,1401.75,1045.53,19.9,265.11,679,7489,5,234,1007.72,55.91,Thursday,1,0
SRV-081,30-04-2026 01:30,Application,Windows Server,53.78,74.94,40.21,47.97,1284.48,1085.92,15.0,271.7,561,6859,13,204,715.09,48.55,Thursday,1,0
SRV-010,30-04-2026 02:30,Database,Windows Server,62.54,61.14,49.83,57.93,1423.94,1032.84,25.97,294.8,863,7333,6,296,1169.55,50.62,Thursday,2,0
SRV-091,30-04-2026 03:00,Web,Windows Server,70.34,57.67,47.28,51.03,1287.07,1020.7,13.77,317.29,635,6961,12,271,1255.05,50.09,Thursday,3,0
SRV-100,30-04-2026 04:00,API,Linux,65.92,65.36,62.84,80.26,1416.93,1067.21,18.97,300.91,774,7369,12,318,572.6,58.09,Thursday,4,0
SRV-012,30-04-2026 04:30,API,Linux,64.33,73.66,66.48,56.86,1478.41,1148.03,21.85,314.89,739,7422,13,239,306.14,60.59,Thursday,4,0
SRV-085,30-04-2026 04:30,Web,Windows Server,59.82,45.06,56.71,82.48,1247.17,1097.1,30.66,268.73,602,7076,11,268,1529.86,53.73,Thursday,4,0
SRV-063,30-04-2026 04:30,Application,Linux,66.67,63.75,81.08,60.49,1178.21,961.69,31.34,270.81,493,6771,11,223,710.58,61.57,Thursday,4,0
SRV-076,30-04-2026 05:30,Web,Linux,64.82,62.99,41.74,51.01,1393.17,1054.31,22.01,273.46,478,7036,12,196,763.31,50.2,Thursday,5,0
SRV-015,30-04-2026 05:30,Database,Linux,60.6,59.68,72.93,31.54,1548.76,1172.25,19.09,196.39,743,7433,6,226,1216.47,49.58,Thursday,5,0
SRV-077,30-04-2026 06:00,Web,Linux,70.29,77.08,57.73,78.56,1319.78,1028.17,25.48,307.37,634,7022,11,254,1401.07,58.82,Thursday,6,0
SRV-062,30-04-2026 06:30,Database,Windows Server,78.77,70.6,62.8,58.2,1428.49,1022.92,28.78,255.15,587,7353,9,306,795.18,55.37,Thursday,6,0
SRV-011,30-04-2026 08:00,Database,Linux,66.85,77.57,64.24,71.91,1359.1,1029.32,34.5,387.28,797,7469,11,249,1275.13,53.85,Thursday,8,0
SRV-084,30-04-2026 08:00,Web,Linux,56.43,50.89,61.24,63.59,1333.24,1005.4,22.48,264.19,796,7141,7,210,700.12,50.9,Thursday,8,0
SRV-100,30-04-2026 08:30,API,Linux,61.83,66.2,65.55,33.73,1311.9,1069.72,26.78,254.1,707,7203,13,265,373.77,51.05,Thursday,8,0
SRV-077,30-04-2026 09:30,Web,Linux,79.96,64.56,46.77,90.6,1900.25,1516.92,25.03,268.26,884,10182,7,284,321.12,65.49,Thursday,9,0
SRV-031,30-04-2026 11:00,Application,Linux,88.0,80.73,66.14,73.02,1929.74,1384.4,22.45,353.05,793,9946,19,357,469.24,61.21,Thursday,11,0
SRV-036,30-04-2026 11:30,Web,Linux,85.28,99.0,58.6,75.95,2086.51,1581.29,40.0,388.06,1027,10414,9,309,810.94,62.2,Thursday,11,0
SRV-098,30-04-2026 13:00,Web,Windows Server,78.25,55.35,45.8,89.37,2046.56,1468.87,21.74,286.11,861,10455,10,286,620.72,64.6,Thursday,13,0
SRV-090,30-04-2026 13:00,Application,Linux,88.57,70.93,59.22,87.91,1955.03,1462.11,27.46,289.22,888,9985,7,239,978.61,67.23,Thursday,13,0
SRV-094,30-04-2026 13:30,Database,Windows Server,86.36,75.2,47.65,84.77,2130.74,1562.87,29.15,320.57,882,11218,13,312,910.67,64.82,Thursday,13,0
SRV-072,30-04-2026 14:00,Database,Linux,81.84,58.08,55.81,94.88,2166.41,1544.95,26.23,302.2,769,10974,8,306,764.27,59.3,Thursday,14,0
SRV-058,30-04-2026 14:00,Application,Windows Server,78.46,74.46,48.31,98.29,2039.66,1549.16,27.56,289.99,962,10120,14,336,642.09,70.7,Thursday,14,0
SRV-094,30-04-2026 14:00,Database,Windows Server,82.04,61.16,45.85,84.6,2146.67,1565.27,35.04,295.09,995,11071,12,313,757.62,64.31,Thursday,14,0
SRV-077,30-04-2026 14:30,Web,Linux,97.15,83.51,67.05,99.0,2041.02,1503.78,29.34,391.24,825,10373,11,366,1180.68,66.33,Thursday,14,1
SRV-016,30-04-2026 15:30,Web,Windows Server,89.94,69.82,50.26,80.37,2022.72,1423.16,24.52,355.99,918,10372,8,338,1078.11,62.4,Thursday,15,0
SRV-094,30-04-2026 17:30,Database,Windows Server,85.48,77.72,53.41,69.14,2239.0,1643.25,32.97,355.42,1125,11237,13,302,966.23,73.43,Thursday,17,0
SRV-080,30-04-2026 18:00,File,Windows Server,68.49,59.9,31.15,58.38,1641.6,1314.59,23.44,291.3,458,8291,7,280,973.31,57.01,Thursday,18,0
SRV-050,30-04-2026 19:30,Web,Linux,54.85,53.29,56.68,42.86,1395.43,1083.87,20.36,276.23,607,7116,11,214,1526.54,52.0,Thursday,19,0
SRV-088,30-04-2026 19:30,Database,Linux,60.07,55.9,69.41,75.5,1464.84,1099.94,26.43,330.34,431,7397,8,284,573.84,51.84,Thursday,19,0
SRV-067,30-04-2026 20:30,Application,Windows Server,61.98,65.15,59.05,59.91,1381.55,1010.5,17.04,272.21,553,6862,7,286,587.07,51.46,Thursday,20,0
SRV-057,30-04-2026 22:30,Database,Linux,72.76,57.35,77.41,71.83,1517.45,1045.51,26.88,305.61,710,7452,12,224,894.91,66.94,Thursday,22,0
SRV-048,30-04-2026 23:30,Web,Linux,54.85,46.27,45.08,46.02,1322.71,1039.54,13.84,180.38,573,7045,6,273,637.37,46.15,Thursday,23,0
SRV-069,30-04-2026 23:30,Web,Linux,63.48,50.53,61.92,60.04,1400.63,1071.69,32.36,193.49,780,6989,7,293,681.0,52.67,Thursday,23,0
SRV-084,01-05-2026 01:00,Web,Linux,69.19,57.54,43.86,57.28,1296.96,1038.23,30.4,299.31,625,7162,5,259,1497.15,55.66,Friday,1,0
SRV-081,01-05-2026 01:00,Application,Windows Server,78.62,47.86,47.32,62.13,1343.64,1077.94,25.86,257.98,527,6896,7,313,674.54,59.19,Friday,1,0
SRV-081,01-05-2026 03:00,Application,Windows Server,60.04,53.31,60.87,65.85,1274.68,1001.71,17.63,260.45,455,6820,12,311,628.51,52.27,Friday,3,0
SRV-002,01-05-2026 04:00,Database,Windows Server,72.58,57.12,55.87,62.41,1465.82,1094.89,31.43,290.19,714,7335,8,249,446.49,59.97,Friday,4,0
SRV-026,01-05-2026 07:00,Web,Linux,53.92,42.95,67.93,43.93,1387.48,1018.04,15.38,246.4,683,6950,6,247,573.64,53.01,Friday,7,0
SRV-041,01-05-2026 08:00,Database,Linux,51.41,71.37,71.55,74.29,1550.52,1043.79,27.81,224.58,692,7566,6,223,1115.04,52.28,Friday,8,0
SRV-009,01-05-2026 08:30,Web,Linux,50.8,59.1,56.96,74.51,1325.57,955.42,13.86,266.25,904,6938,5,232,884.0,53.14,Friday,8,0
SRV-051,01-05-2026 09:00,Web,Windows Server,78.5,88.24,46.46,93.45,1988.55,1467.8,26.62,328.85,973,10207,22,265,844.71,62.45,Friday,9,1
SRV-060,01-05-2026 13:30,Web,Windows Server,99.0,67.84,25.22,68.12,2100.98,1483.0,26.63,345.5,1023,10394,7,315,696.28,57.68,Friday,13,0
SRV-095,01-05-2026 14:00,Database,Linux,62.44,80.1,48.29,81.73,2155.81,1708.77,21.18,294.81,979,11098,7,314,563.91,52.6,Friday,14,0
SRV-067,01-05-2026 14:00,Application,Windows Server,65.87,71.13,56.79,80.22,1839.45,1436.65,31.14,317.58,1034,10021,8,322,1352.14,56.94,Friday,14,0
SRV-005,01-05-2026 16:30,Web,Windows Server,71.76,85.65,30.91,78.28,2104.97,1505.55,25.5,464.42,721,10199,10,284,643.8,58.04,Friday,16,1
SRV-005,01-05-2026 16:30,Web,Windows Server,98.36,84.7,53.64,90.37,1968.71,1488.7,31.22,380.79,994,10332,11,324,857.0,69.14,Friday,16,1
SRV-052,01-05-2026 17:00,Web,Windows Server,92.35,79.03,68.11,80.36,1989.82,1624.53,27.02,366.45,817,10361,11,308,854.95,67.54,Friday,17,0
SRV-032,01-05-2026 19:30,API,Windows Server,65.24,69.94,71.78,35.92,1390.76,1034.53,31.28,358.21,660,7315,13,213,722.91,55.97,Friday,19,0
SRV-063,01-05-2026 20:00,Application,Linux,59.88,49.53,29.11,85.97,1319.24,1052.86,24.42,210.73,618,6830,11,267,994.0,59.84,Friday,20,0
SRV-053,01-05-2026 21:00,File,Linux,78.22,50.75,42.06,65.71,1154.27,961.61,31.19,308.02,440,6019,8,250,502.74,57.97,Friday,21,0
SRV-029,01-05-2026 23:30,Web,Linux,63.01,50.46,40.67,59.08,1456.03,1050.41,24.81,346.05,646,7085,11,275,354.85,61.49,Friday,23,0
SRV-043,01-05-2026 23:30,Application,Windows Server,49.66,58.99,58.27,61.52,1249.19,942.87,22.63,319.14,480,6810,7,266,2158.84,59.71,Friday,23,0
SRV-020,02-05-2026 00:00,Application,Linux,83.12,53.29,62.89,49.72,1084.06,818.51,21.75,272.19,586,5628,8,318,1005.43,61.67,Saturday,0,0
SRV-082,02-05-2026 00:00,Database,Windows Server,42.93,40.34,39.86,55.62,1132.2,888.07,26.53,286.37,625,6072,9,237,620.46,55.06,Saturday,0,0
SRV-044,02-05-2026 02:00,Database,Linux,64.23,66.35,45.3,46.42,1217.95,887.27,22.31,268.46,708,6141,14,328,512.34,50.63,Saturday,2,0
SRV-050,02-05-2026 03:00,Web,Linux,45.59,39.09,71.65,27.63,1247.85,874.24,13.77,224.7,201,5802,4,153,1092.53,47.43,Saturday,3,0
SRV-049,02-05-2026 06:30,Application,Linux,68.7,50.24,76.35,50.22,1132.51,817.2,18.66,339.22,609,5721,14,310,855.04,56.05,Saturday,6,0
SRV-081,02-05-2026 13:00,Application,Windows Server,94.93,82.02,37.42,42.6,1581.02,1160.39,29.74,301.87,807,7902,11,377,673.59,56.67,Saturday,13,0
SRV-022,02-05-2026 13:30,Database,Linux,63.99,79.95,71.57,72.38,1587.26,1276.79,19.15,378.7,885,8665,17,261,1173.2,58.59,Saturday,13,0
SRV-040,02-05-2026 14:30,Application,Linux,55.34,70.94,38.07,39.83,1515.04,1113.94,22.77,316.94,801,7913,11,253,361.18,51.93,Saturday,14,0
SRV-089,02-05-2026 14:30,Web,Windows Server,59.69,60.57,59.15,65.31,1541.88,1262.79,30.39,325.82,656,8126,10,255,360.18,54.93,Saturday,14,0
SRV-079,02-05-2026 15:00,Application,Windows Server,59.94,64.97,50.69,35.08,1606.57,1208.38,19.33,209.33,759,8032,8,250,519.09,52.25,Saturday,15,0
SRV-058,02-05-2026 15:00,Application,Windows Server,67.95,75.73,58.5,38.07,1499.54,1061.83,18.59,343.35,642,7826,16,232,1094.95,45.56,Saturday,15,0
SRV-068,02-05-2026 15:00,Database,Windows Server,70.46,75.59,64.7,68.63,1681.94,1305.28,21.69,337.07,872,8760,10,291,1222.86,59.53,Saturday,15,0
SRV-085,02-05-2026 15:30,Web,Windows Server,69.14,57.68,31.91,55.44,1665.43,1185.97,24.32,343.95,908,8129,8,241,1489.53,60.73,Saturday,15,0
SRV-044,02-05-2026 15:30,Database,Linux,76.35,64.8,58.96,76.38,1658.33,1249.52,14.24,276.84,841,8618,5,301,746.0,58.58,Saturday,15,0
SRV-019,02-05-2026 16:30,File,Linux,69.02,59.64,50.3,69.1,1383.27,959.49,20.68,278.27,860,6760,12,259,844.49,56.375,Saturday,16,0
SRV-069,02-05-2026 17:00,Web,Linux,71.32,59.9,55.1,67.72,1631.37,1153.49,26.86,329.59,886,8006,10,275,258.61,60.33,Saturday,17,0
SRV-046,02-05-2026 17:30,File,Linux,65.92,72.51,54.46,57.44,1417.91,996.45,27.23,321.64,597,6739,6,227,861.56,54.96,Saturday,17,0
SRV-021,02-05-2026 19:00,File,Linux,62.89,54.24,55.09,34.45,935.19,712.57,12.63,280.36,364,4984,9,197,265.33,49.34,Saturday,19,0
SRV-004,02-05-2026 20:00,Application,Windows Server,61.98,54.12,61.4,59.72,1088.27,776.12,14.57,267.84,500,5583,9,334,1443.93,53.51,Saturday,20,0
SRV-033,02-05-2026 20:30,Database,Linux,53.74,58.75,47.98,32.01,1166.96,837.82,24.37,240.27,696,6055,6,176,1252.32,49.48,Saturday,20,0
SRV-035,02-05-2026 20:30,Database,Linux,67.6,74.85,54.99,55.57,1262.17,876.43,17.82,298.47,301,6085,5,262,304.01,51.3,Saturday,20,0
SRV-090,02-05-2026 21:30,Application,Linux,60.37,62.45,65.45,60.76,1116.44,906.86,22.48,253.29,445,5632,11,321,895.17,51.97,Saturday,21,0
SRV-027,02-05-2026 22:00,Database,Linux,63.2,65.62,74.21,54.08,1186.16,924.82,26.97,317.59,480,6033,8,291,955.71,57.44,Saturday,22,0
SRV-059,02-05-2026 23:00,Web,Windows Server,56.21,60.31,54.53,27.55,1100.68,828.53,26.83,268.49,689,5915,7,255,223.3,59.74,Saturday,23,0
SRV-006,03-05-2026 00:00,API,Windows Server,58.94,61.44,54.94,53.34,1150.54,880.16,28.6,285.43,771,6077,11,239,1065.7,50.14,Sunday,0,0
SRV-007,03-05-2026 00:30,File,Linux,72.2,45.42,57.73,44.85,951.2,694.91,30.74,282.71,496,4916,8,221,1706.45,52.61,Sunday,0,0
SRV-009,03-05-2026 01:30,Web,Linux,60.5,52.14,56.46,47.52,1101.3,823.86,27.1,336.78,791,5824,12,214,768.77,57.7,Sunday,1,0
SRV-015,03-05-2026 01:30,Database,Linux,77.67,48.37,60.48,42.26,1159.69,971.53,27.72,262.27,429,6170,10,318,832.28,55.66,Sunday,1,0
SRV-051,03-05-2026 02:00,Web,Windows Server,72.26,65.66,73.85,49.34,1250.75,878.74,24.17,301.68,487,5956,11,287,878.11,54.87,Sunday,2,0
SRV-087,03-05-2026 03:00,Application,Linux,43.58,54.84,62.3,50.88,1146.82,899.42,17.35,276.38,242,5644,7,197,688.22,48.28,Sunday,3,0
SRV-099,03-05-2026 03:30,Web,Linux,50.25,64.15,49.24,42.24,1251.38,839.74,22.24,271.8,522,5918,8,180,368.65,52.81,Sunday,3,0
SRV-086,03-05-2026 03:30,Web,Windows Server,62.91,60.34,29.19,40.18,1112.8,808.32,15.94,297.37,681,5825,10,275,967.61,49.05,Sunday,3,0
SRV-018,03-05-2026 04:30,Web,Windows Server,44.44,63.56,57.69,51.17,1199.68,859.01,12.58,216.73,517,5730,4,223,863.27,48.49,Sunday,4,0
SRV-053,03-05-2026 05:00,File,Linux,59.24,49.3,44.93,52.51,1002.8,768.82,18.64,286.02,448,5022,6,325,492.59,56.29,Sunday,5,0
SRV-016,03-05-2026 05:30,Web,Windows Server,54.08,54.66,47.51,27.75,1139.68,755.22,25.08,275.72,640,5933,12,269,685.54,53.16,Sunday,5,0
SRV-097,03-05-2026 05:30,Database,Linux,46.05,50.26,69.57,33.08,1217.89,1012.28,19.87,248.39,517,6051,6,272,926.89,44.02,Sunday,5,0
SRV-009,03-05-2026 06:00,Web,Linux,62.46,55.55,53.41,72.19,987.0,783.1,21.44,265.87,662,5780,8,291,668.88,55.71,Sunday,6,0
SRV-085,03-05-2026 07:00,Web,Windows Server,56.57,53.26,38.95,39.33,1144.57,940.62,21.5,275.78,409,5866,19,280,447.65,51.48,Sunday,7,0
SRV-062,03-05-2026 08:00,Database,Windows Server,44.99,41.18,50.73,42.11,1178.23,940.78,21.4,257.9,775,6200,10,270,1169.71,52.18,Sunday,8,0
SRV-098,03-05-2026 08:00,Web,Windows Server,48.36,63.0,63.27,50.23,1098.8,797.42,16.61,294.47,567,5740,5,183,525.29,48.9,Sunday,8,0
SRV-079,03-05-2026 08:30,Application,Windows Server,69.42,49.0,69.21,26.67,1185.92,919.79,32.19,326.06,455,5649,7,227,601.24,60.52,Sunday,8,0
SRV-060,03-05-2026 09:30,Web,Windows Server,71.88,67.74,44.93,70.43,1515.94,1167.58,22.2,315.06,656,8198,12,276,558.74,59.09,Sunday,9,0
SRV-010,03-05-2026 10:00,Database,Windows Server,72.23,70.7,45.04,58.16,1781.99,1285.44,27.18,299.22,543,8655,10,252,433.55,58.92,Sunday,10,0
SRV-035,03-05-2026 10:00,Database,Linux,81.16,55.08,58.33,81.05,1724.65,1263.18,21.87,294.74,738,8658,13,319,446.13,64.73,Sunday,10,0
SRV-004,03-05-2026 10:30,Application,Windows Server,81.61,51.21,58.23,68.41,1570.29,1110.0,21.77,322.15,747,7817,7,311,334.91,58.76,Sunday,10,0
SRV-025,03-05-2026 13:30,File,Linux,62.19,43.12,53.28,73.81,1301.85,1035.27,26.63,259.72,485,6826,9,251,691.82,57.76,Sunday,13,0
SRV-046,03-05-2026 15:00,File,Linux,37.95,60.79,51.45,49.78,1316.7,889.85,20.54,275.67,622,6516,13,215,548.94,54.28,Sunday,15,0
SRV-096,03-05-2026 15:00,Application,Linux,48.07,42.17,49.58,46.88,1552.91,1113.62,20.4,193.91,615,7857,3,202,805.0,44.72,Sunday,15,0
SRV-040,03-05-2026 16:30,Application,Linux,52.45,61.73,48.5,37.4,1460.93,1096.77,23.11,267.18,722,7827,8,244,1429.38,49.52,Sunday,16,0
SRV-038,03-05-2026 16:30,Database,Linux,93.21,69.8,42.52,90.93,1663.29,1289.75,36.9,384.53,923,8805,13,285,567.33,62.97,Sunday,16,0
SRV-061,03-05-2026 17:00,Application,Linux,61.05,72.23,44.81,46.63,1504.32,1113.4,26.53,376.73,556,7844,20,239,925.5,55.96,Sunday,17,0
SRV-060,03-05-2026 17:00,Web,Windows Server,71.03,79.82,83.23,59.07,1591.17,1116.78,21.97,264.5,659,8039,12,233,879.72,64.2,Sunday,17,0
SRV-015,03-05-2026 20:30,Database,Linux,64.44,57.14,56.94,52.13,1156.07,882.18,23.29,368.05,593,6065,17,297,1364.71,57.3,Sunday,20,0
SRV-072,03-05-2026 21:30,Database,Linux,53.53,56.98,79.27,39.72,1155.85,925.35,25.22,187.9,637,6168,6,213,748.2,48.23,Sunday,21,0
SRV-034,03-05-2026 21:30,Database,Linux,60.07,48.71,74.81,57.07,1247.27,829.58,21.86,285.19,573,6038,9,234,592.72,57.76,Sunday,21,0
SRV-031,03-05-2026 21:30,Application,Linux,79.77,56.24,44.98,40.51,1092.32,819.85,26.56,313.54,603,5716,9,309,861.24,58.63,Sunday,21,0
SRV-037,03-05-2026 22:00,Web,Windows Server,41.13,71.45,68.91,26.44,1076.82,798.99,18.92,252.68,658,5965,7,261,349.02,51.38,Sunday,22,0
SRV-090,03-05-2026 22:00,Application,Linux,64.31,32.25,68.17,45.76,1101.61,739.47,23.72,210.93,345,5765,2,247,1104.84,55.49,Sunday,22,0
SRV-049,03-05-2026 22:00,Application,Linux,67.19,55.43,50.52,62.52,1101.13,853.0,29.3,298.92,308,5737,8,261,233.05,57.05,Sunday,22,0
SRV-064,03-05-2026 22:30,File,Linux,41.16,64.53,62.81,51.72,970.57,684.63,21.62,243.63,394,5013,5,178,1477.95,50.76,Sunday,22,0
SRV-019,03-05-2026 23:00,File,Linux,38.76,77.04,58.69,27.44,1067.95,746.03,21.96,262.32,250,5040,11,101,786.52,44.4,Sunday,23,0
SRV-078,03-05-2026 23:30,Application,Windows Server,52.28,52.97,62.8,34.33,1010.65,821.81,22.26,309.23,654,5670,7,246,518.95,53.48,Sunday,23,0
SRV-017,03-05-2026 23:30,Application,Windows Server,51.18,57.6,52.58,40.82,1153.25,819.6,20.26,254.34,458,5665,6,197,814.23,54.67,Sunday,23,0
SRV-079,04-05-2026 02:00,Application,Windows Server,81.21,45.82,40.72,79.21,1332.86,959.32,20.84,332.81,646,6964,16,275,839.19,59.59,Monday,2,0
SRV-065,04-05-2026 02:00,Application,Linux,71.92,70.76,32.25,58.31,1348.18,994.12,24.93,294.75,724,7003,12,288,777.69,61.59,Monday,2,0
SRV-020,04-05-2026 03:00,Application,Linux,39.82,52.24,53.01,22.25,1356.77,1030.09,14.66,229.56,570,6841,6,243,414.57,54.47,Monday,3,0
SRV-041,04-05-2026 03:00,Database,Linux,62.42,46.45,63.59,55.13,1489.75,1189.79,20.0,249.62,739,7425,7,255,456.87,50.14,Monday,3,0
SRV-061,04-05-2026 03:30,Application,Linux,59.94,74.49,76.92,41.62,1327.72,966.89,16.75,306.31,587,6913,10,207,436.76,55.92,Monday,3,0
SRV-093,04-05-2026 03:30,Database,Linux,89.46,55.06,34.89,74.31,1404.33,1199.25,26.94,367.25,775,7546,11,285,277.11,54.97,Monday,3,0
SRV-040,04-05-2026 04:30,Application,Linux,70.85,61.68,67.46,63.41,1337.09,913.85,28.36,332.81,685,6809,9,272,686.94,48.93,Monday,4,0
SRV-084,04-05-2026 04:30,Web,Linux,77.54,60.83,45.93,74.06,1364.54,982.83,33.45,347.97,672,6953,8,337,1119.3,57.92,Monday,4,0
SRV-060,04-05-2026 04:30,Web,Windows Server,99.0,81.31,55.08,41.4,1346.71,1081.67,29.15,378.35,768,7123,10,344,310.89,63.77,Monday,4,0
SRV-008,04-05-2026 06:00,File,Linux,59.12,47.58,54.33,64.49,1141.13,923.49,18.2,252.03,325,5958,7,234,574.63,52.55,Monday,6,0
SRV-074,04-05-2026 06:00,Web,Windows Server,67.6,46.99,45.34,61.55,1391.33,1010.34,24.5,277.28,694,7079,7,249,316.43,58.96,Monday,6,0
SRV-026,04-05-2026 06:30,Web,Linux,68.85,53.23,67.68,50.9,1358.92,1081.05,28.95,242.5,488,7010,6,311,859.06,54.08,Monday,6,0
SRV-097,04-05-2026 06:30,Database,Linux,71.97,54.97,56.86,68.18,1408.1,1125.55,25.56,298.66,570,7483,12,299,413.85,58.3,Monday,6,0
SRV-037,04-05-2026 07:00,Web,Windows Server,59.97,46.96,54.05,42.53,1335.01,992.29,32.11,235.48,566,7084,7,235,830.32,55.66,Monday,7,0
SRV-073,04-05-2026 07:30,API,Linux,60.67,54.62,39.61,55.93,1299.64,1022.59,29.23,302.53,634,7367,12,280,584.23,53.57,Monday,7,0
SRV-038,04-05-2026 07:30,Database,Linux,70.07,41.2,55.76,64.99,1443.92,1148.93,26.14,263.78,636,7436,3,308,605.98,56.15,Monday,7,0
SRV-039,04-05-2026 08:30,Web,Windows Server,69.1,52.06,56.23,57.35,1388.42,1065.75,27.94,312.06,539,7004,7,239,713.31,52.27,Monday,8,0
SRV-014,04-05-2026 09:30,File,Linux,71.55,68.82,67.2,54.91,1638.57,1206.87,30.42,298.84,784,8372,14,238,877.17,60.23,Monday,9,0
SRV-083,04-05-2026 11:30,File,Linux,68.16,64.6,51.55,78.33,1598.19,1207.55,14.93,306.4,778,8152,8,280,767.25,55.13,Monday,11,0
SRV-082,04-05-2026 11:30,Database,Windows Server,98.05,74.27,69.8,88.48,2157.94,1552.45,37.66,411.19,1021,10876,10,391,1103.45,68.69,Monday,11,1
SRV-098,04-05-2026 12:30,Web,Windows Server,76.22,57.36,38.87,94.37,2073.41,1474.69,30.33,343.0,896,10387,12,336,1012.09,61.14,Monday,12,0
SRV-033,04-05-2026 12:30,Database,Linux,63.96,93.12,45.77,99.0,2159.14,1612.44,35.35,335.87,1177,11119,12,253,499.63,62.01,Monday,12,0
SRV-011,04-05-2026 13:00,Database,Linux,67.73,82.19,51.48,64.87,2045.7,1628.84,29.77,329.98,1056,11149,10,243,366.19,56.25,Monday,13,0
SRV-002,04-05-2026 16:00,Database,Windows Server,81.79,79.73,29.03,74.25,2135.78,1592.59,40.54,292.15,1156,11062,8,247,1122.72,60.32,Monday,16,0
SRV-025,04-05-2026 16:30,File,Linux,80.35,61.87,59.02,67.19,1587.55,1222.2,23.13,306.19,819,8201,7,272,981.37,60.55,Monday,16,0
SRV-027,04-05-2026 18:00,Database,Linux,74.96,92.18,42.14,86.39,2117.25,1781.0,26.12,375.63,991,11213,17,306,778.94,54.91,Monday,18,0
SRV-014,04-05-2026 18:30,File,Linux,47.32,46.8,44.33,42.36,1137.8,820.68,13.16,226.02,451,5973,12,290,828.71,53.68,Monday,18,0
SRV-024,04-05-2026 19:00,API,Linux,58.24,73.15,60.77,60.09,1445.14,1053.31,19.25,270.99,569,7184,7,321,254.92,52.42,Monday,19,0
SRV-085,04-05-2026 19:30,Web,Windows Server,78.4,69.12,31.13,58.07,1267.33,941.02,32.42,345.04,738,7043,14,246,673.11,55.7,Monday,19,0
SRV-072,04-05-2026 20:30,Database,Linux,76.52,58.06,50.55,72.46,1452.74,1062.0,32.45,341.86,787,7482,10,267,682.6,57.56,Monday,20,0
SRV-044,04-05-2026 21:00,Database,Linux,59.1,81.07,69.02,58.8,1551.14,1116.49,22.58,271.45,792,7623,12,252,397.5,57.79,Monday,21,0
SRV-083,04-05-2026 21:30,File,Linux,66.34,66.74,80.71,34.45,1080.69,788.03,21.79,309.9,761,5649,10,242,503.68,53.23,Monday,21,0
SRV-030,04-05-2026 21:30,Application,Linux,63.8,74.04,72.11,47.2,1347.22,945.38,24.62,285.1,753,6904,11,307,1043.74,53.62,Monday,21,0
SRV-006,05-05-2026 00:00,API,Windows Server,66.94,60.85,43.8,45.49,1344.3,1047.81,16.94,302.23,462,7261,11,258,1177.11,46.59,Tuesday,0,0
SRV-038,05-05-2026 00:30,Database,Linux,61.99,42.76,64.56,59.58,1414.69,1075.78,24.7,322.41,646,7416,8,279,723.53,57.56,Tuesday,0,0
SRV-019,05-05-2026 02:00,File,Linux,75.45,44.69,49.85,37.2,1237.48,929.82,17.81,304.64,600,5894,9,341,581.5,56.67,Tuesday,2,0
SRV-018,05-05-2026 02:30,Web,Windows Server,59.01,59.35,21.94,39.78,1448.11,1103.94,18.24,239.52,315,7050,9,289,773.63,53.53,Tuesday,2,0
SRV-075,05-05-2026 03:00,Web,Linux,60.01,52.94,35.83,37.92,1358.28,1029.06,23.8,289.81,886,7019,8,217,293.25,50.29,Tuesday,3,0
SRV-013,05-05-2026 03:00,Application,Linux,52.14,72.89,79.06,51.26,1321.98,978.2,20.92,295.59,635,6941,17,171,1257.0,53.22,Tuesday,3,0
SRV-045,05-05-2026 04:30,File,Linux,76.18,55.42,29.45,26.45,1124.47,928.45,22.92,290.8,502,5985,9,293,888.21,58.24,Tuesday,4,0
SRV-030,05-05-2026 05:30,Application,Linux,53.05,56.69,67.26,42.0,1271.91,1102.03,19.96,253.47,640,6781,10,250,826.44,48.92,Tuesday,5,0
SRV-006,05-05-2026 06:00,API,Windows Server,87.73,76.43,71.54,57.58,1425.6,1097.06,19.42,369.35,586,7231,13,318,589.24,59.44,Tuesday,6,0
SRV-082,05-05-2026 07:00,Database,Windows Server,66.9,51.22,50.19,65.85,1498.17,1003.83,30.8,305.52,745,7488,9,304,469.99,57.39,Tuesday,7,0
SRV-005,05-05-2026 07:30,Web,Windows Server,64.26,53.92,57.71,37.85,1373.83,1054.24,18.97,250.75,401,7044,9,286,319.72,54.96,Tuesday,7,0
SRV-010,05-05-2026 08:30,Database,Windows Server,61.68,83.89,57.79,63.1,1513.76,1185.28,25.7,348.65,618,7440,10,344,1076.45,57.12,Tuesday,8,0
SRV-066,05-05-2026 09:00,Application,Linux,89.47,70.92,58.13,76.41,1996.9,1503.36,29.17,326.93,775,9935,14,330,548.6,60.44,Tuesday,9,0
SRV-003,05-05-2026 09:30,API,Linux,99.0,69.85,40.4,87.81,2123.34,1638.75,33.21,325.29,859,10753,17,331,685.88,63.27,Tuesday,9,0
SRV-063,05-05-2026 12:30,Application,Linux,67.08,67.77,59.1,83.61,1867.79,1351.05,30.88,345.31,762,9886,11,279,1126.28,52.35,Tuesday,12,0
SRV-081,05-05-2026 13:00,Application,Windows Server,82.7,82.5,56.78,81.0,1958.98,1494.26,25.19,291.48,940,10156,14,293,1164.03,65.13,Tuesday,13,0
SRV-037,05-05-2026 13:00,Web,Windows Server,84.69,81.54,65.07,96.46,2209.65,1634.08,26.93,389.35,946,10367,20,295,432.24,60.6,Tuesday,13,1
SRV-038,05-05-2026 14:30,Database,Linux,71.58,77.81,54.64,95.82,2206.21,1614.22,37.09,361.85,1169,11010,17,289,540.53,64.52,Tuesday,14,0
SRV-078,05-05-2026 15:30,Application,Windows Server,87.33,76.93,36.54,61.75,1909.45,1460.26,26.12,374.24,855,10052,14,362,535.16,65.7,Tuesday,15,0
SRV-056,05-05-2026 16:30,File,Windows Server,53.07,66.84,52.92,89.96,1592.91,1320.78,32.42,315.69,848,8313,14,276,1112.8,47.18,Tuesday,16,0
SRV-092,05-05-2026 16:30,Application,Linux,75.24,70.75,54.49,66.59,1975.62,1495.63,33.77,332.4,901,10037,19,286,956.87,59.65,Tuesday,16,0
SRV-078,05-05-2026 18:00,Application,Windows Server,75.26,62.39,44.61,73.61,1922.02,1390.05,26.84,302.16,818,9979,11,320,719.55,51.58,Tuesday,18,0
SRV-009,05-05-2026 18:30,Web,Linux,56.66,42.08,48.18,59.82,1322.88,1028.24,17.33,220.93,816,7075,8,262,489.5,54.24,Tuesday,18,0
SRV-078,05-05-2026 20:00,Application,Windows Server,49.64,64.96,46.99,45.5,1351.6,1022.42,23.82,277.1,568,6956,9,243,1199.23,53.2,Tuesday,20,0
SRV-087,05-05-2026 21:30,Application,Linux,81.11,65.37,41.08,73.27,1257.48,988.96,23.63,354.24,552,6761,14,258,962.43,62.75,Tuesday,21,0
SRV-069,05-05-2026 21:30,Web,Linux,73.67,41.5,39.41,49.74,1395.43,1088.7,17.18,207.65,483,7186,6,329,630.13,58.4,Tuesday,21,0
SRV-080,05-05-2026 23:00,File,Windows Server,57.43,56.18,68.93,45.19,1089.08,933.29,27.32,263.25,596,5820,9,196,794.34,48.63,Tuesday,23,0
SRV-072,06-05-2026 00:00,Database,Linux,64.9,54.29,58.52,78.52,1452.85,1175.86,12.62,272.39,547,7481,7,271,1039.99,54.25,Wednesday,0,0
SRV-095,06-05-2026 00:30,Database,Linux,59.69,57.14,69.56,52.55,1418.0,1058.55,31.78,285.04,710,7403,9,211,976.08,59.17,Wednesday,0,0
SRV-059,06-05-2026 02:00,Web,Windows Server,72.39,64.4,41.26,60.26,1419.28,1009.4,20.87,278.14,674,7162,17,219,775.66,55.38,Wednesday,2,0
SRV-050,06-05-2026 04:00,Web,Linux,52.9,35.56,51.0,40.76,1407.91,1075.74,22.9,269.89,537,7103,7,266,496.8,47.67,Wednesday,4,0
SRV-100,06-05-2026 04:00,API,Linux,71.08,71.33,62.87,75.01,1370.43,1040.51,14.67,360.43,772,7212,5,338,261.65,61.7,Wednesday,4,0
SRV-019,06-05-2026 05:30,File,Linux,41.25,61.64,65.45,36.03,1164.84,828.8,25.11,265.02,514,5964,8,180,711.06,47.0,Wednesday,5,0
SRV-038,06-05-2026 05:30,Database,Linux,84.26,68.51,62.12,54.81,1521.54,1128.15,31.78,366.94,905,7422,13,315,852.53,60.79,Wednesday,5,0
SRV-042,06-05-2026 05:30,File,Linux,63.95,42.83,72.29,51.88,1101.56,855.3,22.42,289.27,556,5843,10,243,553.72,59.36,Wednesday,5,0
SRV-054,06-05-2026 05:30,Application,Linux,46.87,60.48,45.97,44.86,1355.47,950.15,19.57,182.67,482,6822,6,134,1383.34,47.75,Wednesday,5,0
SRV-060,06-05-2026 06:00,Web,Windows Server,63.28,57.79,64.44,84.05,1366.02,988.24,17.82,206.49,773,7114,2,334,1203.61,55.18,Wednesday,6,0
SRV-006,06-05-2026 06:30,API,Windows Server,35.58,65.42,70.74,46.22,1435.32,963.31,29.02,275.7,758,7199,7,171,864.38,43.81,Wednesday,6,0
SRV-013,06-05-2026 08:30,Application,Linux,81.1,62.01,52.82,48.73,1359.96,1024.73,18.44,296.09,584,6934,11,323,615.56,62.24,Wednesday,8,0
SRV-053,06-05-2026 11:00,File,Linux,61.22,65.71,51.74,71.96,1630.45,1246.82,21.25,235.55,801,8079,9,290,1125.22,52.24,Wednesday,11,0
SRV-075,06-05-2026 11:30,Web,Linux,77.3,84.0,36.64,76.73,1950.79,1587.52,20.63,324.51,1093,10218,21,315,312.32,58.56,Wednesday,11,0
SRV-024,06-05-2026 12:30,API,Linux,91.87,62.24,60.72,85.14,2041.36,1514.75,36.56,357.13,1114,10764,11,312,704.83,63.05,Wednesday,12,0
SRV-087,06-05-2026 14:30,Application,Linux,97.34,56.18,81.65,78.83,1913.09,1490.8,26.91,346.82,919,10080,8,356,767.14,61.31,Wednesday,14,0
SRV-007,06-05-2026 17:00,File,Linux,71.08,63.59,52.22,52.15,1560.82,1205.38,19.76,350.67,664,8177,10,184,697.72,53.98,Wednesday,17,0
SRV-019,06-05-2026 18:00,File,Linux,79.87,71.56,60.05,65.07,1617.18,1197.14,32.13,380.29,978,8394,13,328,952.8,55.59,Wednesday,18,0
SRV-005,06-05-2026 19:00,Web,Windows Server,88.22,62.52,54.18,64.95,1379.26,925.74,22.02,270.63,510,7070,11,302,816.03,56.8,Wednesday,19,0
SRV-095,06-05-2026 19:00,Database,Linux,65.92,40.78,43.11,67.68,1469.25,1114.75,15.43,298.17,611,7383,9,246,825.74,57.07,Wednesday,19,0
SRV-002,06-05-2026 20:00,Database,Windows Server,56.24,57.0,56.58,65.96,1314.55,1100.1,21.62,277.38,662,7274,10,280,570.82,52.43,Wednesday,20,0
SRV-034,06-05-2026 20:30,Database,Linux,56.49,55.39,62.24,57.07,1493.19,1127.2,23.97,284.17,727,7277,10,301,703.19,50.05,Wednesday,20,0
SRV-096,06-05-2026 21:00,Application,Linux,61.35,60.93,48.08,58.33,1354.44,998.0,32.0,256.54,837,6892,12,272,979.13,52.7,Wednesday,21,0
SRV-031,06-05-2026 22:30,Application,Linux,62.0,62.22,62.72,38.63,1284.61,1030.58,16.97,263.69,884,6788,11,269,554.9,51.42,Wednesday,22,0
SRV-016,06-05-2026 23:30,Web,Windows Server,81.72,56.95,62.06,66.3,1351.55,1011.23,27.36,344.01,602,6973,12,310,1007.29,58.64,Wednesday,23,0
SRV-036,07-05-2026 00:00,Web,Linux,68.21,64.02,65.18,61.32,1348.55,994.82,29.62,251.73,742,7010,13,272,1319.2,51.87,Thursday,0,0
SRV-081,07-05-2026 04:30,Application,Windows Server,54.66,51.5,54.68,51.43,1397.79,960.9,16.29,280.44,700,6799,8,210,897.63,48.02,Thursday,4,0
SRV-079,07-05-2026 06:30,Application,Windows Server,63.08,45.54,67.86,78.37,1415.48,1042.92,26.13,260.18,793,6812,4,268,301.2,55.32,Thursday,6,0
SRV-035,07-05-2026 07:00,Database,Linux,71.26,88.86,79.25,80.61,1393.21,1178.79,19.09,318.2,583,7481,5,273,399.46,63.98,Thursday,7,0
SRV-029,07-05-2026 08:30,Web,Linux,54.38,72.46,46.96,54.27,1497.78,1073.8,24.3,307.68,888,7179,10,221,657.69,56.19,Thursday,8,0
SRV-057,07-05-2026 08:30,Database,Linux,85.39,57.22,54.17,75.03,1341.62,1021.84,27.83,366.98,630,7312,15,356,770.88,50.85,Thursday,8,0
SRV-011,07-05-2026 09:30,Database,Linux,86.1,73.07,55.18,92.08,2175.71,1629.56,32.25,338.87,1208,11024,17,323,1398.49,60.85,Thursday,9,0
SRV-096,07-05-2026 10:30,Application,Linux,92.18,60.76,73.57,76.6,1999.6,1442.06,35.38,323.11,896,10031,12,354,1001.6,70.11,Thursday,10,0
SRV-094,07-05-2026 11:00,Database,Windows Server,78.69,74.86,54.71,95.58,2255.83,1505.43,33.29,350.69,1133,11203,13,323,540.08,65.89,Thursday,11,0
SRV-079,07-05-2026 13:30,Application,Windows Server,77.82,67.31,42.71,71.97,1947.1,1446.52,33.38,355.28,1044,9926,12,209,1311.04,54.99,Thursday,13,0
SRV-014,07-05-2026 13:30,File,Linux,84.27,70.5,51.98,70.51,1592.26,1255.12,32.83,286.68,863,8270,13,236,516.63,64.75,Thursday,13,0
SRV-075,07-05-2026 14:00,Web,Linux,87.82,66.46,52.57,90.29,1932.17,1546.42,31.89,352.25,1125,10353,10,340,424.42,68.82,Thursday,14,0
SRV-035,07-05-2026 15:00,Database,Linux,69.75,73.86,49.2,84.99,2072.73,1601.33,31.13,331.75,1052,11025,8,273,536.47,59.3,Thursday,15,0
SRV-033,07-05-2026 16:00,Database,Linux,99.0,68.56,46.67,87.55,2240.99,1680.38,34.96,405.84,1259,10989,17,377,1369.66,59.09,Thursday,16,1
SRV-061,07-05-2026 16:00,Application,Linux,76.24,76.54,59.68,57.64,1881.51,1411.34,24.93,332.96,809,9954,12,291,520.78,57.78,Thursday,16,0
SRV-047,07-05-2026 16:30,Database,Linux,77.81,80.14,40.67,83.5,2088.33,1625.55,23.32,369.28,1023,10903,19,305,822.17,62.37,Thursday,16,0
SRV-016,07-05-2026 16:30,Web,Windows Server,70.85,74.67,36.09,69.01,1935.9,1556.42,30.34,362.46,898,10285,13,229,959.39,60.3,Thursday,16,0
SRV-068,07-05-2026 22:00,Database,Windows Server,63.4,71.86,55.41,54.59,1414.75,1135.77,25.23,331.07,884,7404,5,323,827.82,56.33,Thursday,22,0
SRV-012,07-05-2026 22:00,API,Linux,71.99,54.46,38.83,59.3,1411.77,1049.24,28.03,205.72,864,7117,5,287,331.91,55.06,Thursday,22,0
SRV-041,07-05-2026 23:00,Database,Linux,86.51,59.26,48.81,74.71,1403.75,1096.95,24.66,358.09,553,7386,8,327,264.34,60.59,Thursday,23,0
SRV-056,07-05-2026 23:00,File,Windows Server,41.59,47.81,61.45,64.91,1038.28,798.07,25.0,246.2,612,5870,4,266,1083.77,48.89,Thursday,23,0
SRV-021,07-05-2026 23:30,File,Linux,61.67,68.22,59.62,66.88,1149.0,886.44,20.23,261.76,447,5817,12,231,769.93,53.78,Thursday,23,0
SRV-054,08-05-2026 00:30,Application,Linux,58.03,78.22,60.16,29.13,1308.92,1021.76,23.1,247.88,872,6867,8,274,571.84,56.2,Friday,0,0
SRV-098,08-05-2026 02:30,Web,Windows Server,57.64,73.66,37.65,61.76,1240.4,949.44,24.5,296.32,544,6847,12,267,810.9,50.34,Friday,2,0
SRV-097,08-05-2026 06:00,Database,Linux,79.92,52.32,59.9,68.45,1355.27,1117.66,22.41,318.92,708,7372,14,275,398.28,58.57,Friday,6,0
SRV-032,08-05-2026 06:30,API,Windows Server,59.69,32.5,39.04,52.93,1429.65,951.03,25.67,288.79,694,7173,13,238,1008.22,55.68,Friday,6,0
SRV-024,08-05-2026 07:00,API,Linux,74.25,66.68,49.89,60.98,1362.46,971.84,18.95,285.45,987,7123,8,304,621.9,50.48,Friday,7,0
SRV-062,08-05-2026 08:30,Database,Windows Server,73.16,77.49,60.55,66.41,1373.22,1102.93,31.98,346.91,784,7382,20,304,550.37,53.55,Friday,8,0
SRV-006,08-05-2026 09:00,API,Windows Server,94.32,85.77,43.85,87.72,2080.79,1625.55,34.59,356.38,1007,10891,12,330,1248.84,59.61,Friday,9,1
SRV-006,08-05-2026 09:00,API,Windows Server,77.98,71.43,41.67,55.44,2116.88,1638.87,29.18,350.78,1175,10858,11,253,1107.56,64.24,Friday,9,0
SRV-005,08-05-2026 09:30,Web,Windows Server,98.77,73.32,45.63,99.0,2009.68,1531.56,33.37,350.45,1090,10176,15,265,1264.85,63.81,Friday,9,1
SRV-042,08-05-2026 09:30,File,Linux,69.4,80.87,59.79,59.16,1533.91,1202.8,23.82,318.32,836,8247,12,231,327.21,52.67,Friday,9,0
SRV-009,08-05-2026 10:00,Web,Linux,99.0,82.59,42.19,75.29,2008.34,1494.24,25.14,458.68,1160,10382,19,364,870.88,72.08,Friday,10,1
SRV-001,08-05-2026 10:30,File,Windows Server,70.17,70.54,55.8,71.15,1532.9,1258.37,31.46,264.17,948,8199,8,313,867.61,52.36,Friday,10,0
SRV-067,08-05-2026 11:30,Application,Windows Server,85.96,94.12,51.11,77.91,1882.33,1512.7,23.54,377.57,918,9917,18,327,694.35,58.58,Friday,11,0
SRV-020,08-05-2026 12:00,Application,Linux,74.28,68.9,57.89,91.96,1961.58,1415.2,33.06,305.55,1028,10143,13,268,501.94,58.53,Friday,12,0
SRV-007,08-05-2026 12:30,File,Linux,68.58,67.14,70.67,38.2,1589.08,1175.97,21.84,282.53,657,8386,7,270,935.65,59.96,Friday,12,0
SRV-097,08-05-2026 13:30,Database,Linux,83.8,85.0,63.14,96.41,2236.04,1618.5,21.86,310.87,1242,11125,14,336,844.57,63.15,Friday,13,0
SRV-037,08-05-2026 14:30,Web,Windows Server,79.48,73.27,39.46,82.36,1952.26,1531.96,35.57,319.45,1211,10263,13,324,833.07,64.5,Friday,14,0
SRV-042,08-05-2026 15:00,File,Linux,67.12,50.56,55.76,69.05,1616.03,1205.29,20.05,266.1,857,8157,11,262,980.7,54.65,Friday,15,0
SRV-082,08-05-2026 15:30,Database,Windows Server,88.58,81.44,52.44,91.61,2116.63,1707.67,32.54,302.51,804,11210,9,358,593.86,62.69,Friday,15,0
SRV-037,08-05-2026 16:00,Web,Windows Server,64.32,79.74,55.2,86.64,2059.97,1560.46,27.87,289.76,925,10438,11,225,338.74,54.35,Friday,16,0
SRV-021,08-05-2026 19:00,File,Linux,52.28,41.56,61.52,57.03,1205.98,847.66,18.84,212.73,393,5993,11,214,551.12,45.24,Friday,19,0
SRV-070,08-05-2026 19:30,Database,Windows Server,52.21,45.01,53.97,60.41,1365.9,1130.05,16.72,284.91,463,7311,9,238,613.35,52.47,Friday,19,0
SRV-052,08-05-2026 19:30,Web,Windows Server,64.67,51.99,49.76,55.09,1433.77,1017.31,17.31,287.33,515,7100,9,258,1013.4,55.13,Friday,19,0
SRV-039,08-05-2026 21:00,Web,Windows Server,66.16,81.22,48.55,84.58,1302.22,1001.89,26.12,272.18,576,7037,8,277,278.62,51.16,Friday,21,0
SRV-002,08-05-2026 21:30,Database,Windows Server,74.25,64.86,44.94,63.1,1446.04,1085.96,23.79,302.16,682,7433,8,297,673.45,58.0,Friday,21,0
SRV-062,08-05-2026 22:30,Database,Windows Server,83.46,54.51,70.94,64.14,1499.62,1131.65,30.73,277.77,709,7277,25,265,809.57,53.73,Friday,22,0
SRV-028,08-05-2026 23:30,Web,Linux,71.6,56.05,65.54,54.07,1314.99,990.96,24.77,270.93,807,7176,4,266,848.41,62.92,Friday,23,0
SRV-060,09-05-2026 00:00,Web,Windows Server,51.49,50.36,49.9,38.94,1118.57,836.9,23.55,335.59,545,5801,10,277,483.79,50.98,Saturday,0,0
SRV-053,09-05-2026 00:00,File,Linux,55.32,63.86,63.66,49.76,1038.63,730.02,20.73,294.95,600,5003,11,263,785.37,50.68,Saturday,0,0
SRV-075,09-05-2026 01:30,Web,Linux,65.29,58.8,43.19,44.44,1118.57,858.28,26.76,310.3,656,5933,12,260,764.71,56.27,Saturday,1,0
SRV-030,09-05-2026 02:00,Application,Linux,60.68,57.95,56.32,74.99,1071.86,763.05,24.47,253.12,619,5773,6,244,595.17,56.32,Saturday,2,0
SRV-029,09-05-2026 03:00,Web,Linux,64.73,55.26,56.72,57.59,1125.66,815.62,9.38,285.66,392,5916,6,257,1328.37,53.87,Saturday,3,0
SRV-087,09-05-2026 05:00,Application,Linux,81.75,34.48,53.7,48.87,1082.45,888.19,25.53,277.92,666,5669,11,307,210.19,64.04,Saturday,5,0
SRV-092,09-05-2026 07:00,Application,Linux,60.37,56.48,53.38,14.9,1122.4,870.83,20.15,281.95,713,5661,3,323,460.51,58.0,Saturday,7,0
SRV-018,09-05-2026 07:30,Web,Windows Server,61.96,61.8,69.33,23.17,1148.86,824.3,23.42,203.23,573,5787,9,242,930.16,52.49,Saturday,7,0
SRV-025,09-05-2026 09:00,File,Linux,59.4,51.7,90.94,56.89,1291.86,939.58,18.35,303.51,546,6774,11,303,793.18,55.96,Saturday,9,0
SRV-087,09-05-2026 09:30,Application,Linux,53.34,61.34,55.64,24.41,1530.57,1169.2,20.63,289.76,685,7877,10,264,1218.74,52.26,Saturday,9,0
SRV-011,09-05-2026 10:00,Database,Linux,74.78,60.04,52.93,76.28,1751.09,1286.62,30.67,360.13,879,8737,10,241,1056.01,59.97,Saturday,10,0
SRV-002,09-05-2026 10:00,Database,Windows Server,61.42,81.34,62.29,75.05,1677.31,1342.82,31.27,369.22,1009,8658,11,237,676.38,64.71,Saturday,10,0
SRV-094,09-05-2026 10:30,Database,Windows Server,68.28,66.08,49.07,60.16,1650.92,1242.07,18.22,329.78,670,8582,20,322,1597.19,54.9,Saturday,10,0
SRV-085,09-05-2026 11:30,Web,Windows Server,70.31,87.26,48.53,55.38,1530.8,1193.37,23.97,258.51,710,8123,7,307,416.85,59.01,Saturday,11,0
SRV-062,09-05-2026 12:00,Database,Windows Server,41.66,65.22,73.02,76.02,1622.58,1254.07,19.81,264.59,759,8857,7,197,895.09,55.34,Saturday,12,0
SRV-048,09-05-2026 12:30,Web,Linux,80.53,60.51,61.29,51.55,1480.2,1160.04,26.03,317.02,836,8079,7,314,925.81,58.61,Saturday,12,0
SRV-081,09-05-2026 12:30,Application,Windows Server,58.51,72.78,79.66,66.74,1432.17,1179.21,31.04,333.03,752,7892,10,297,1081.77,52.05,Saturday,12,0
SRV-064,09-05-2026 13:00,File,Linux,69.24,62.09,63.5,62.58,1207.37,935.85,22.6,261.26,667,6533,8,180,499.58,54.75,Saturday,13,0
SRV-008,09-05-2026 14:00,File,Linux,82.52,58.67,50.55,54.56,1303.15,919.88,35.6,312.22,885,6755,8,290,1197.75,57.92,Saturday,14,0
SRV-100,09-05-2026 15:30,API,Linux,69.49,57.84,37.13,57.51,1658.54,1161.46,26.28,340.25,1013,8238,16,282,254.14,50.49,Saturday,15,0
SRV-096,09-05-2026 16:30,Application,Linux,51.78,61.54,44.43,54.26,1414.71,1095.42,24.41,296.43,674,7816,9,256,1217.43,53.44,Saturday,16,0
SRV-097,09-05-2026 17:00,Database,Linux,70.37,59.54,46.57,67.96,1711.41,1314.27,26.4,272.82,818,8784,7,263,723.32,54.36,Saturday,17,0
SRV-072,09-05-2026 17:30,Database,Linux,65.93,82.15,82.17,87.6,1633.7,1246.3,22.63,317.26,648,8689,9,289,749.03,54.81,Saturday,17,0
SRV-052,09-05-2026 19:30,Web,Windows Server,57.93,66.62,58.32,49.11,1051.21,865.0,20.42,340.04,662,5806,10,263,1059.26,59.39,Saturday,19,0
SRV-070,09-05-2026 19:30,Database,Windows Server,59.54,62.85,54.68,28.49,1226.99,891.86,34.31,302.68,715,6047,15,244,608.12,47.66,Saturday,19,0
SRV-097,09-05-2026 20:30,Database,Linux,61.24,58.54,42.51,35.74,1189.75,887.24,20.13,241.86,522,6129,5,278,1082.17,51.83,Saturday,20,0
SRV-062,09-05-2026 21:00,Database,Windows Server,57.01,54.12,38.16,61.43,1154.6,861.04,31.04,276.14,679,6177,6,218,884.87,46.14,Saturday,21,0
SRV-029,09-05-2026 21:00,Web,Linux,51.34,83.16,55.82,24.78,1176.35,831.73,32.09,339.57,635,5878,9,231,635.64,47.54,Saturday,21,0
SRV-070,09-05-2026 22:30,Database,Windows Server,59.7,58.78,50.07,54.38,1068.05,877.37,21.39,271.43,510,6016,6,276,674.82,55.86,Saturday,22,0
SRV-086,09-05-2026 22:30,Web,Windows Server,66.96,42.47,52.51,42.5,1157.82,898.79,23.05,196.23,364,5768,5,260,475.06,50.23,Saturday,22,0
SRV-079,09-05-2026 22:30,Application,Windows Server,39.36,50.89,68.34,61.84,1071.1,836.41,15.62,299.2,482,5681,5,230,358.1,50.94,Saturday,22,0
SRV-054,10-05-2026 00:30,Application,Linux,65.32,73.09,55.49,51.59,1106.11,788.62,19.87,296.95,295,5695,10,290,395.66,52.9,Sunday,0,0
SRV-025,10-05-2026 01:30,File,Linux,38.12,44.14,59.76,46.26,1095.53,749.16,9.4,220.46,365,5035,9,163,624.06,51.19,Sunday,1,0
SRV-042,10-05-2026 02:00,File,Linux,49.66,85.07,57.76,6.35,995.1,747.77,18.01,280.68,493,5159,8,270,1061.75,47.28,Sunday,2,0
SRV-046,10-05-2026 02:00,File,Linux,49.1,52.91,56.64,20.76,939.8,677.53,23.77,291.05,381,4971,5,264,327.91,44.68,Sunday,2,0
SRV-072,10-05-2026 02:30,Database,Linux,88.36,45.87,62.4,41.06,1253.95,905.05,29.41,335.7,643,6159,7,291,393.75,57.6,Sunday,2,0
SRV-001,10-05-2026 03:00,File,Windows Server,72.35,49.51,57.97,42.54,1037.93,780.74,20.83,270.67,672,5081,7,367,558.29,55.28,Sunday,3,0
SRV-033,10-05-2026 03:30,Database,Linux,59.18,58.96,77.24,65.3,1144.07,816.7,25.48,279.06,747,6009,8,267,1048.07,52.62,Sunday,3,0
SRV-040,10-05-2026 04:00,Application,Linux,56.6,64.83,65.27,62.67,1067.21,838.6,17.89,304.61,585,5696,12,240,858.42,55.77,Sunday,4,0
SRV-063,10-05-2026 05:00,Application,Linux,63.99,50.34,39.25,45.2,1047.93,858.89,23.69,315.72,667,5717,6,270,407.0,46.75,Sunday,5,0
SRV-060,10-05-2026 06:00,Web,Windows Server,62.43,66.55,62.11,47.09,1235.31,911.22,19.6,344.02,519,5652,13,241,1424.8,58.13,Sunday,6,0
SRV-013,10-05-2026 06:30,Application,Linux,66.31,44.07,54.08,32.64,1001.16,817.76,22.57,299.74,510,5420,10,280,411.07,56.99,Sunday,6,0
SRV-004,10-05-2026 08:00,Application,Windows Server,66.54,39.9,59.45,42.48,1095.39,788.07,24.3,289.97,437,5743,10,299,532.42,53.26,Sunday,8,0
SRV-053,10-05-2026 08:00,File,Linux,74.2,69.39,33.81,48.82,959.85,723.39,14.13,303.46,458,5081,9,274,247.64,55.94,Sunday,8,0
SRV-009,10-05-2026 09:30,Web,Linux,37.21,67.75,58.4,63.67,1628.06,1250.59,25.7,240.26,820,8248,4,255,1129.36,46.28,Sunday,9,0
SRV-095,10-05-2026 09:30,Database,Linux,84.43,72.12,61.84,71.05,1737.51,1182.22,32.08,318.07,634,8597,15,369,482.28,57.5,Sunday,9,0
SRV-067,10-05-2026 13:00,Application,Windows Server,65.66,56.84,35.88,44.61,1430.3,1110.34,15.46,283.9,736,7815,8,322,624.12,52.11,Sunday,13,0
SRV-095,10-05-2026 13:00,Database,Linux,70.64,69.43,57.37,54.42,1717.77,1252.07,29.46,348.04,1070,8670,14,257,598.31,53.05,Sunday,13,0
SRV-068,10-05-2026 14:30,Database,Windows Server,67.72,56.11,56.21,67.97,1722.51,1248.04,27.0,293.36,974,8591,6,295,1025.28,54.92,Sunday,14,0
SRV-064,10-05-2026 14:30,File,Linux,63.65,59.87,50.61,48.65,1312.95,963.37,23.36,348.05,481,6662,11,317,792.36,58.82,Sunday,14,0
SRV-026,10-05-2026 15:00,Web,Linux,69.55,66.47,68.51,79.24,1529.85,1247.75,28.59,334.97,800,8207,8,259,283.36,61.23,Sunday,15,0
SRV-062,10-05-2026 16:00,Database,Windows Server,59.32,81.94,64.55,50.88,1761.79,1302.48,19.16,330.97,782,8690,10,237,951.11,56.5,Sunday,16,0
SRV-064,10-05-2026 17:00,File,Linux,61.82,71.87,70.72,58.87,1304.74,908.2,20.17,354.04,633,6586,9,263,759.68,58.74,Sunday,17,0
SRV-059,10-05-2026 17:30,Web,Windows Server,73.67,48.67,68.33,88.64,1532.69,1150.64,26.72,318.39,879,8194,10,180,707.85,58.33,Sunday,17,0
SRV-001,10-05-2026 18:00,File,Windows Server,78.82,65.07,39.85,70.51,1130.86,1029.0,23.06,261.96,524,6723,7,270,924.63,67.66,Sunday,18,0
SRV-064,10-05-2026 18:30,File,Linux,54.77,50.74,40.9,34.21,959.3,781.02,13.37,270.23,402,5087,8,271,307.28,45.65,Sunday,18,0
SRV-027,10-05-2026 18:30,Database,Linux,46.24,49.54,62.24,63.72,1188.85,940.9,18.72,255.74,661,6211,4,249,290.2,48.75,Sunday,18,0
SRV-093,10-05-2026 19:30,Database,Linux,54.11,53.28,35.52,63.15,1186.36,884.65,21.13,259.25,582,6033,13,261,808.9,43.32,Sunday,19,0
SRV-024,10-05-2026 20:00,API,Linux,83.74,58.17,35.93,26.53,1226.09,834.57,27.44,378.2,380,5994,15,294,412.37,57.48,Sunday,20,0
SRV-028,10-05-2026 20:30,Web,Linux,88.2,50.38,62.23,52.52,1101.03,939.19,38.79,343.81,543,5958,12,317,966.32,61.27,Sunday,20,0
SRV-044,10-05-2026 20:30,Database,Linux,53.09,51.73,81.07,51.64,1145.39,996.86,23.85,278.46,696,6099,13,255,1219.55,53.28,Sunday,20,0
SRV-076,10-05-2026 21:00,Web,Linux,58.7,62.81,49.15,18.07,1180.48,796.3,20.7,257.37,535,5672,12,261,321.14,41.52,Sunday,21,0
SRV-003,10-05-2026 21:30,API,Linux,62.31,42.97,45.7,49.98,1133.81,883.75,14.63,253.32,530,6031,7,271,1003.67,59.65,Sunday,21,0
SRV-049,10-05-2026 22:00,Application,Linux,67.37,48.92,45.51,32.24,940.87,820.32,27.46,246.05,577,5715,6,269,478.11,49.07,Sunday,22,0
SRV-061,10-05-2026 23:00,Application,Linux,78.8,57.41,65.49,59.43,1131.18,753.6,24.49,270.25,443,5608,15,304,1223.45,60.07,Sunday,23,0
SRV-072,10-05-2026 23:00,Database,Linux,60.94,54.79,41.26,45.2,1079.22,993.01,28.88,274.47,552,6161,11,212,1346.11,52.45,Sunday,23,0
SRV-082,10-05-2026 23:00,Database,Windows Server,48.04,62.56,60.51,51.46,1215.18,911.68,32.74,222.21,538,6178,11,215,136.38,53.51,Sunday,23,0
SRV-064,10-05-2026 23:30,File,Linux,65.68,47.45,25.88,49.14,989.57,738.89,24.32,326.78,569,4990,10,304,957.54,56.35,Sunday,23,0
SRV-031,11-05-2026 00:00,Application,Linux,57.84,65.04,45.77,66.14,1214.25,921.59,29.63,335.58,638,6765,9,215,703.87,52.57,Monday,0,0
SRV-013,11-05-2026 01:30,Application,Linux,78.06,70.65,65.31,48.09,1178.58,1066.21,32.62,367.6,804,6846,8,274,987.21,57.06,Monday,1,0
SRV-006,11-05-2026 03:00,API,Windows Server,76.02,68.27,62.07,40.57,1361.25,1061.2,29.1,323.34,829,7238,10,289,986.26,58.4,Monday,3,0
SRV-072,11-05-2026 07:00,Database,Linux,76.89,64.34,72.96,39.05,1506.0,1076.4,27.4,376.23,497,7381,13,291,704.42,56.78,Monday,7,0
SRV-062,11-05-2026 07:00,Database,Windows Server,62.15,79.65,60.94,67.63,1369.13,1090.0,20.07,292.04,543,7306,17,277,412.73,55.55,Monday,7,0
SRV-086,11-05-2026 08:00,Web,Windows Server,62.26,46.37,44.77,73.15,1376.95,978.69,30.78,248.07,813,7041,5,258,929.42,55.35,Monday,8,0
SRV-042,11-05-2026 09:30,File,Linux,64.31,60.94,54.76,78.5,1639.44,1165.94,19.25,257.39,716,8205,10,244,819.4,53.43,Monday,9,0
SRV-020,11-05-2026 13:00,Application,Linux,92.37,64.02,57.27,71.17,2005.42,1521.75,39.79,348.75,1255,10081,16,374,933.28,66.13,Monday,13,0
SRV-045,11-05-2026 13:00,File,Linux,76.72,49.04,55.38,73.3,1544.75,1108.76,27.95,287.77,799,8273,5,299,1064.03,61.49,Monday,13,0
SRV-011,11-05-2026 13:30,Database,Linux,73.67,64.72,71.37,98.31,2211.69,1628.35,25.36,343.77,1202,11092,5,253,1320.62,60.94,Monday,13,0
SRV-005,11-05-2026 13:30,Web,Windows Server,88.78,74.81,25.25,91.34,2086.83,1437.04,27.34,358.35,1075,10418,20,320,892.25,60.88,Monday,13,0
SRV-078,11-05-2026 17:30,Application,Windows Server,83.68,73.83,83.25,66.67,1919.83,1490.13,24.37,311.58,1013,9935,16,335,1056.51,61.62,Monday,17,0
SRV-085,11-05-2026 18:00,Web,Windows Server,75.89,83.87,71.05,69.34,1953.53,1612.29,20.12,344.37,939,10316,14,278,1055.32,56.98,Monday,18,0
SRV-034,11-05-2026 20:00,Database,Linux,74.38,66.38,60.69,51.31,1507.8,1131.83,27.91,338.2,832,7425,8,324,213.1,56.79,Monday,20,0
SRV-014,11-05-2026 22:00,File,Linux,38.68,66.8,67.6,64.89,1144.08,852.6,12.29,178.99,530,5696,6,174,275.13,55.72,Monday,22,0
SRV-027,11-05-2026 23:00,Database,Linux,67.85,40.52,58.85,59.59,1476.4,1117.98,29.03,312.08,877,7579,7,271,472.58,56.76,Monday,23,0
SRV-077,11-05-2026 23:00,Web,Linux,44.53,66.37,60.56,53.58,1395.82,1040.11,23.86,256.81,659,7039,3,222,850.49,59.61,Monday,23,0
SRV-092,11-05-2026 23:30,Application,Linux,60.01,51.71,56.65,45.64,1364.65,941.72,17.17,284.69,693,6841,8,226,666.24,52.85,Monday,23,0
SRV-087,12-05-2026 01:00,Application,Linux,57.14,55.4,66.38,53.52,1315.67,968.22,29.29,224.4,835,6807,4,279,1008.38,55.1,Tuesday,1,0
SRV-048,12-05-2026 01:30,Web,Linux,76.47,66.49,52.8,54.43,1378.15,952.87,6.74,315.46,454,6993,11,292,540.86,63.93,Tuesday,1,0
SRV-082,12-05-2026 01:30,Database,Windows Server,74.3,63.56,64.7,89.98,1475.93,1099.09,26.91,267.16,778,7443,8,320,662.65,60.21,Tuesday,1,0
SRV-067,12-05-2026 02:30,Application,Windows Server,94.22,61.4,50.62,58.03,1307.71,963.54,22.34,281.8,535,6894,6,313,1431.93,66.2,Tuesday,2,0
SRV-043,12-05-2026 04:00,Application,Windows Server,77.8,59.13,62.52,61.24,1321.07,1004.09,18.51,379.9,400,6761,11,272,475.4,58.06,Tuesday,4,0
SRV-062,12-05-2026 04:00,Database,Windows Server,53.27,51.96,44.26,81.81,1402.91,1081.89,13.47,212.23,620,7610,2,292,278.74,56.3,Tuesday,4,0
SRV-015,12-05-2026 08:00,Database,Linux,48.5,56.45,76.0,62.6,1324.89,1131.65,25.94,211.47,936,7547,6,237,1444.5,52.35,Tuesday,8,0
SRV-064,12-05-2026 08:00,File,Linux,58.47,65.53,57.2,29.29,1131.83,797.09,18.17,316.39,274,5836,13,239,1096.92,51.41,Tuesday,8,0
SRV-094,12-05-2026 08:30,Database,Windows Server,54.5,69.69,48.94,47.99,1475.44,1036.26,20.26,241.56,702,7472,5,224,434.05,52.2,Tuesday,8,0
SRV-075,12-05-2026 08:30,Web,Linux,68.37,58.61,51.35,73.4,1270.04,1043.36,32.07,249.67,726,7091,4,318,2059.0,62.89,Tuesday,8,0
SRV-010,12-05-2026 10:30,Database,Windows Server,88.47,74.74,71.62,80.97,2095.06,1669.38,25.46,319.27,1125,11027,14,281,404.05,58.39,Tuesday,10,0
SRV-062,12-05-2026 13:30,Database,Windows Server,91.75,84.12,67.27,88.26,2133.31,1527.05,25.38,321.77,948,10963,16,313,222.26,64.31,Tuesday,13,0
SRV-073,12-05-2026 14:00,API,Linux,85.71,88.76,52.89,78.94,2090.16,1611.57,23.78,405.31,969,10516,13,309,989.68,64.26,Tuesday,14,0
SRV-043,12-05-2026 14:00,Application,Windows Server,69.94,58.97,51.8,98.22,1819.01,1560.84,29.59,370.96,789,10169,11,253,864.18,55.44,Tuesday,14,0
SRV-074,12-05-2026 15:00,Web,Windows Server,66.95,63.46,43.65,87.93,2017.95,1497.05,27.84,302.16,1074,10236,13,242,1961.75,58.8,Tuesday,15,0
SRV-034,12-05-2026 16:30,Database,Linux,99.0,80.86,43.81,89.92,2100.9,1602.76,30.62,413.23,959,10909,17,419,344.83,72.54,Tuesday,16,1
SRV-031,12-05-2026 17:30,Application,Linux,93.22,78.41,54.86,80.56,1915.47,1395.56,31.22,413.66,1089,9912,18,369,607.72,57.21,Tuesday,17,1
SRV-027,12-05-2026 17:30,Database,Linux,78.24,71.2,40.6,79.39,2188.34,1530.9,27.88,340.89,1186,11067,7,298,1056.42,55.24,Tuesday,17,0
SRV-072,12-05-2026 19:30,Database,Linux,51.33,53.71,55.1,36.91,1544.18,1161.54,24.5,224.84,406,7494,8,244,453.78,54.75,Tuesday,19,0
SRV-045,12-05-2026 20:00,File,Linux,47.85,55.54,62.16,45.96,1136.14,825.12,17.7,224.22,667,5820,7,265,457.92,52.33,Tuesday,20,0
SRV-076,12-05-2026 20:00,Web,Linux,61.26,50.89,39.85,56.91,1382.71,1142.81,27.04,280.78,647,7052,9,241,1210.1,52.03,Tuesday,20,0
SRV-093,12-05-2026 21:00,Database,Linux,88.81,79.09,62.21,43.87,1482.09,1095.65,22.94,413.98,560,7371,7,304,544.61,63.11,Tuesday,21,1
SRV-064,12-05-2026 21:30,File,Linux,65.62,59.2,41.85,40.29,1211.39,846.36,20.21,336.8,591,5833,19,299,456.35,57.0,Tuesday,21,0
SRV-075,12-05-2026 21:30,Web,Linux,63.22,52.62,51.85,59.59,1327.66,1014.9,14.86,275.71,767,7113,7,237,1108.36,58.19,Tuesday,21,0
SRV-083,12-05-2026 22:00,File,Linux,60.94,46.94,54.57,43.2,1078.32,797.55,29.74,301.19,560,6005,8,235,492.48,48.57,Tuesday,22,0
SRV-041,12-05-2026 23:30,Database,Linux,64.88,64.46,34.18,65.86,1513.62,1070.35,23.97,299.39,655,7379,9,264,1640.34,61.5,Tuesday,23,0
SRV-036,13-05-2026 01:00,Web,Linux,72.36,68.55,47.07,45.3,1261.77,1005.51,21.61,319.03,572,6979,10,337,1140.48,57.64,Wednesday,1,0
SRV-033,13-05-2026 01:30,Database,Linux,75.38,50.81,68.24,89.7,1493.49,1114.37,20.78,338.36,601,7373,6,272,570.94,61.75,Wednesday,1,0
SRV-048,13-05-2026 01:30,Web,Linux,68.07,78.1,38.44,38.27,1318.31,1110.46,21.34,283.04,848,6996,5,281,1145.7,52.34,Wednesday,1,0
SRV-058,13-05-2026 02:00,Application,Windows Server,60.3,59.3,54.87,41.75,1425.08,1011.26,20.05,252.33,648,6874,9,257,906.48,55.23,Wednesday,2,0
SRV-057,13-05-2026 02:30,Database,Linux,69.17,49.9,51.21,91.46,1485.6,1086.41,21.91,314.66,765,7351,8,284,810.4,55.9,Wednesday,2,0
SRV-090,13-05-2026 02:30,Application,Linux,70.73,37.71,65.9,74.01,1295.02,1059.49,23.98,276.0,549,6920,10,278,218.99,61.53,Wednesday,2,0
SRV-094,13-05-2026 03:00,Database,Windows Server,72.92,67.11,47.45,36.3,1482.29,1132.46,22.09,284.74,816,7435,9,302,1122.3,56.28,Wednesday,3,0
SRV-032,13-05-2026 04:00,API,Windows Server,55.35,74.74,53.44,48.66,1504.0,1091.8,26.85,268.58,794,7408,10,298,531.32,47.29,Wednesday,4,0
SRV-017,13-05-2026 04:00,Application,Windows Server,58.24,68.1,60.8,32.54,1353.27,910.28,37.61,280.78,630,6792,5,203,523.81,48.86,Wednesday,4,0
SRV-004,13-05-2026 04:30,Application,Windows Server,66.86,64.95,45.25,45.45,1296.31,1029.44,25.41,322.06,653,6920,14,226,343.26,52.13,Wednesday,4,0
SRV-044,13-05-2026 05:00,Database,Linux,64.55,64.02,48.31,66.89,1494.4,1070.11,13.7,289.96,527,7527,8,199,856.28,52.89,Wednesday,5,0
SRV-095,13-05-2026 05:00,Database,Linux,67.43,79.24,43.16,78.39,1427.95,1019.14,32.07,339.94,432,7533,9,271,1039.5,64.5,Wednesday,5,0
SRV-019,13-05-2026 06:30,File,Linux,45.59,42.5,52.0,55.43,1173.87,895.38,31.23,221.92,717,6022,7,191,990.75,49.63,Wednesday,6,0
SRV-064,13-05-2026 07:30,File,Linux,64.1,66.52,53.67,26.82,1104.49,893.15,17.18,309.98,575,5841,10,221,1247.96,49.52,Wednesday,7,0
SRV-048,13-05-2026 08:00,Web,Linux,71.85,69.92,36.6,37.81,1355.99,1025.74,18.93,297.57,800,6912,7,327,1066.59,54.83,Wednesday,8,0
SRV-086,13-05-2026 09:00,Web,Windows Server,89.06,72.34,71.02,62.33,2071.29,1499.45,25.31,364.38,863,10219,12,306,308.8,57.57,Wednesday,9,0
SRV-037,13-05-2026 10:00,Web,Windows Server,87.98,95.6,49.18,69.59,2010.88,1421.71,28.93,371.04,1048,10406,12,369,858.73,57.85,Wednesday,10,0
SRV-043,13-05-2026 13:00,Application,Windows Server,85.56,58.95,59.48,79.36,1898.44,1437.25,24.35,312.13,1086,9995,9,308,933.23,58.91,Wednesday,13,0
SRV-075,13-05-2026 13:00,Web,Linux,84.75,81.51,42.11,99.0,2038.18,1451.88,25.64,342.59,901,10419,16,301,286.11,64.82,Wednesday,13,0
SRV-017,13-05-2026 14:00,Application,Windows Server,95.8,91.69,66.5,82.96,1891.61,1450.75,24.39,345.56,760,9748,10,311,732.88,64.97,Wednesday,14,0
SRV-033,13-05-2026 14:00,Database,Linux,99.0,88.17,63.48,84.38,2235.35,1535.82,24.34,367.54,968,11093,13,394,720.67,67.03,Wednesday,14,0
SRV-055,13-05-2026 16:00,Application,Linux,65.23,55.53,52.9,70.67,2086.15,1490.63,18.28,289.94,860,10223,8,210,757.82,56.59,Wednesday,16,0
SRV-010,13-05-2026 16:30,Database,Windows Server,98.74,80.1,52.94,92.55,2291.29,1573.92,27.49,368.27,1112,11144,14,305,428.27,67.98,Wednesday,16,1
SRV-046,13-05-2026 17:30,File,Linux,84.92,84.63,45.72,70.95,1626.88,1211.06,23.21,344.05,464,8320,23,321,177.29,51.5,Wednesday,17,0
SRV-081,13-05-2026 18:00,Application,Windows Server,59.41,58.96,41.33,96.91,1954.23,1387.31,37.06,316.66,893,10005,8,237,463.98,60.53,Wednesday,18,0
SRV-033,13-05-2026 18:30,Database,Linux,82.59,68.91,67.44,77.54,1441.03,942.44,20.83,344.69,530,7370,5,311,690.26,60.97,Wednesday,18,0
SRV-031,13-05-2026 19:00,Application,Linux,69.11,59.32,57.91,49.6,1325.08,1000.85,23.13,290.34,699,6955,6,255,690.13,50.04,Wednesday,19,0
SRV-042,13-05-2026 21:00,File,Linux,45.98,48.75,50.36,30.93,1067.69,873.4,22.23,202.65,295,5910,6,226,746.99,55.17,Wednesday,21,0
SRV-099,13-05-2026 23:30,Web,Linux,59.01,56.09,66.59,61.0,1386.78,1070.53,18.31,274.46,673,7024,9,253,453.68,56.375,Wednesday,23,0
SRV-001,14-05-2026 01:00,File,Windows Server,65.19,49.63,41.91,50.55,1192.44,830.35,25.99,267.52,422,5922,12,289,1205.26,56.71,Thursday,1,0
SRV-029,14-05-2026 06:30,Web,Linux,74.08,54.09,31.07,52.37,1398.16,992.55,24.85,315.21,699,6997,11,280,702.5,61.38,Thursday,6,0
SRV-015,14-05-2026 10:00,Database,Linux,83.57,71.84,43.17,83.15,2166.57,1545.68,30.33,328.23,1318,10931,11,302,514.32,64.6,Thursday,10,0
SRV-072,14-05-2026 10:00,Database,Linux,72.23,84.69,61.3,82.34,2157.9,1652.78,32.08,379.28,1116,11060,18,266,279.61,59.94,Thursday,10,0
SRV-009,14-05-2026 11:30,Web,Linux,92.72,79.6,71.82,68.24,1966.28,1561.71,40.2,378.06,1011,10575,15,309,739.34,58.86,Thursday,11,0
SRV-089,14-05-2026 11:30,Web,Windows Server,85.73,78.96,49.85,79.02,1992.02,1561.58,26.41,339.48,1150,10339,10,276,646.67,63.95,Thursday,11,0
SRV-012,14-05-2026 12:30,API,Linux,69.94,62.86,36.23,70.33,2079.54,1593.67,22.81,273.45,1128,10997,10,282,512.01,55.71,Thursday,12,0
SRV-076,14-05-2026 13:00,Web,Linux,91.58,54.06,52.64,67.32,1962.52,1510.52,31.06,329.96,957,10187,12,308,1003.76,57.89,Thursday,13,0
SRV-022,14-05-2026 14:00,Database,Linux,99.0,83.02,55.32,73.4,2122.55,1644.58,30.05,378.67,990,11039,14,304,680.5,70.65,Thursday,14,0
SRV-066,14-05-2026 18:30,Application,Linux,70.29,52.85,40.56,49.45,1259.71,979.39,22.34,257.0,686,6772,19,265,290.03,57.22,Thursday,18,0
SRV-059,14-05-2026 19:00,Web,Windows Server,78.69,60.98,78.13,62.4,1402.19,1034.69,28.92,348.87,657,7075,11,286,551.27,65.32,Thursday,19,0
SRV-093,14-05-2026 21:30,Database,Linux,72.44,62.15,35.61,37.8,1445.72,1133.08,19.91,249.5,547,7358,6,251,609.63,63.7,Thursday,21,0
SRV-014,14-05-2026 23:00,File,Linux,55.2,52.06,58.95,42.19,1105.53,888.44,22.71,224.41,490,5756,8,203,1185.48,46.95,Thursday,23,0
SRV-048,14-05-2026 23:30,Web,Linux,55.76,91.44,61.81,42.43,1451.01,930.56,18.8,334.8,631,7094,9,228,484.19,62.06,Thursday,23,0
SRV-076,15-05-2026 00:00,Web,Linux,72.73,48.78,43.15,48.05,1447.99,1052.33,27.46,263.68,577,7170,16,281,735.79,60.02,Friday,0,0
SRV-093,15-05-2026 02:00,Database,Linux,69.87,75.04,59.95,73.43,1363.52,1031.94,25.89,297.84,596,7516,12,268,806.17,59.48,Friday,2,0
SRV-049,15-05-2026 04:30,Application,Linux,89.12,69.73,65.5,78.24,1327.02,1027.82,25.63,330.12,721,6960,12,265,693.92,63.57,Friday,4,0
SRV-035,15-05-2026 05:00,Database,Linux,54.86,50.41,46.76,66.69,1411.68,1046.08,28.25,260.63,495,7431,5,180,1240.77,51.28,Friday,5,0
SRV-027,15-05-2026 05:30,Database,Linux,59.59,40.38,67.24,64.78,1470.12,1028.4,20.06,308.53,872,7352,5,242,488.88,58.72,Friday,5,0
SRV-073,15-05-2026 06:00,API,Linux,54.66,58.34,59.23,64.76,1258.24,1132.52,16.23,286.06,516,7375,12,274,504.47,52.34,Friday,6,0
SRV-004,15-05-2026 06:00,Application,Windows Server,55.25,40.7,57.61,49.52,1315.74,969.41,8.49,219.93,763,6940,7,183,887.94,48.53,Friday,6,0
SRV-038,15-05-2026 08:30,Database,Linux,68.65,70.63,60.52,65.44,1474.47,1038.53,24.04,369.13,718,7375,17,248,968.73,56.85,Friday,8,0
SRV-091,15-05-2026 09:00,Web,Windows Server,71.21,76.45,45.82,84.65,2137.97,1488.8,26.36,305.45,1091,10481,9,250,337.77,63.07,Friday,9,0
SRV-066,15-05-2026 09:30,Application,Linux,90.75,69.24,65.43,82.28,2003.68,1484.89,36.06,340.7,1186,9974,15,297,904.51,61.83,Friday,9,0
SRV-073,15-05-2026 09:30,API,Linux,89.68,82.59,55.53,85.48,2094.44,1610.05,17.85,354.65,992,10806,13,346,482.91,63.56,Friday,9,0
SRV-016,15-05-2026 10:30,Web,Windows Server,99.0,80.12,57.61,75.76,1945.79,1541.54,35.6,378.5,1052,10269,16,340,783.75,64.54,Friday,10,0
SRV-050,15-05-2026 12:00,Web,Linux,62.31,84.85,61.42,52.0,2150.65,1466.58,29.78,306.16,775,10352,12,258,261.68,53.54,Friday,12,0
SRV-031,15-05-2026 12:30,Application,Linux,72.07,72.34,45.47,59.68,1954.06,1470.45,24.36,321.63,868,10108,13,312,860.72,55.26,Friday,12,0
SRV-055,15-05-2026 12:30,Application,Linux,82.16,69.37,69.83,74.37,1972.82,1400.9,32.05,377.19,829,9820,16,300,1144.45,58.94,Friday,12,0
SRV-007,15-05-2026 13:00,File,Linux,61.69,66.97,42.28,60.66,1585.13,1180.6,24.5,285.76,634,8251,16,253,1093.63,50.92,Friday,13,0
SRV-027,15-05-2026 13:30,Database,Linux,89.55,81.37,45.48,85.88,2170.67,1581.05,25.87,400.37,1032,10973,12,267,340.08,61.4,Friday,13,0
SRV-095,15-05-2026 14:30,Database,Linux,62.02,89.74,46.78,82.5,2104.87,1626.39,27.11,370.94,1072,11068,14,265,275.72,56.94,Friday,14,0
SRV-076,15-05-2026 17:30,Web,Linux,80.31,83.6,49.01,81.09,2025.53,1552.28,24.69,325.62,1112,10413,8,306,769.48,54.69,Friday,17,0
SRV-010,15-05-2026 17:30,Database,Windows Server,69.16,94.63,42.17,63.48,2096.92,1599.49,27.0,360.75,1033,10976,16,277,514.92,60.82,Friday,17,0
SRV-010,15-05-2026 18:30,Database,Windows Server,59.96,68.1,62.52,59.43,1418.58,1050.56,23.61,293.69,596,7293,13,256,278.37,51.98,Friday,18,0
SRV-064,15-05-2026 18:30,File,Linux,61.58,49.99,72.82,65.71,1111.56,802.53,15.66,280.44,624,5823,5,216,461.39,57.68,Friday,18,0
SRV-047,15-05-2026 19:00,Database,Linux,75.8,49.61,55.36,40.62,1404.89,1031.85,17.4,286.22,761,7384,12,363,467.32,51.76,Friday,19,0
SRV-017,15-05-2026 19:30,Application,Windows Server,50.78,67.17,36.5,51.29,1351.05,982.71,24.82,307.54,809,6920,17,271,709.94,47.4,Friday,19,0
SRV-042,15-05-2026 19:30,File,Linux,67.81,61.32,51.36,48.17,1070.58,783.01,25.63,274.73,565,5863,9,283,935.7,53.53,Friday,19,0
SRV-029,15-05-2026 19:30,Web,Linux,77.15,52.64,41.59,65.0,1267.22,1019.43,30.21,335.58,517,7030,15,266,600.4,60.3,Friday,19,0
SRV-064,15-05-2026 21:30,File,Linux,64.77,53.26,51.14,31.16,1148.59,925.89,25.76,208.28,713,5952,8,187,350.68,51.74,Friday,21,0
SRV-030,15-05-2026 22:00,Application,Linux,55.19,54.14,64.96,48.12,1241.45,1003.16,16.24,311.25,560,6800,14,265,488.91,52.41,Friday,22,0
SRV-032,15-05-2026 22:30,API,Windows Server,50.15,59.33,57.22,52.51,1368.4,1065.06,17.12,221.71,586,7188,15,202,552.16,51.62,Friday,22,0
SRV-001,15-05-2026 22:30,File,Windows Server,56.7,58.43,68.35,21.75,1033.67,841.99,30.98,295.76,534,5791,11,218,499.72,49.65,Friday,22,0
SRV-075,15-05-2026 23:00,Web,Linux,76.63,60.67,51.65,57.13,1238.33,1069.86,16.6,272.74,633,6939,14,349,1212.47,57.49,Friday,23,0
SRV-016,15-05-2026 23:00,Web,Windows Server,59.29,26.72,68.19,53.19,1281.08,990.07,21.81,239.37,791,7007,8,213,288.69,52.84,Friday,23,0
SRV-051,15-05-2026 23:00,Web,Windows Server,54.39,55.77,45.5,41.63,1331.48,1095.85,25.47,274.99,690,7052,5,229,1009.95,50.75,Friday,23,0
SRV-032,15-05-2026 23:30,API,Windows Server,72.78,62.88,41.48,81.6,1371.31,1107.55,27.16,325.28,666,7402,11,278,978.11,59.75,Friday,23,0
SRV-088,16-05-2026 00:00,Database,Linux,62.17,29.09,62.14,36.72,1130.01,899.75,28.86,237.88,563,6137,4,255,352.68,46.9,Saturday,0,0
SRV-011,16-05-2026 00:00,Database,Linux,47.06,59.73,54.08,46.89,1193.65,894.68,23.82,300.61,547,6211,10,232,219.88,48.17,Saturday,0,0
SRV-006,16-05-2026 01:00,API,Windows Server,51.5,52.74,75.75,32.87,1162.67,873.33,10.79,227.72,430,6036,5,184,372.2,53.23,Saturday,1,0
SRV-048,16-05-2026 01:00,Web,Linux,45.13,60.23,59.25,72.76,1171.33,771.45,21.56,269.43,433,5791,8,213,513.62,49.61,Saturday,1,0
SRV-023,16-05-2026 01:00,API,Linux,52.23,56.22,51.27,67.66,1125.55,848.66,26.09,320.27,643,5891,5,254,1390.89,59.12,Saturday,1,0
SRV-048,16-05-2026 01:00,Web,Linux,71.52,48.36,73.17,71.79,1190.25,821.45,27.4,288.54,420,5843,11,262,1092.33,55.87,Saturday,1,0
SRV-074,16-05-2026 01:00,Web,Windows Server,38.44,62.04,51.45,46.2,1194.58,796.56,11.41,211.35,752,5808,4,214,1220.69,55.8,Saturday,1,0
SRV-008,16-05-2026 01:30,File,Linux,61.07,69.63,53.58,43.72,872.66,715.01,18.81,310.97,618,5024,18,281,1093.59,45.72,Saturday,1,0
SRV-003,16-05-2026 03:00,API,Linux,58.22,54.89,24.62,62.95,1183.83,893.3,17.59,280.61,544,5953,8,230,613.95,49.07,Saturday,3,0
SRV-092,16-05-2026 04:30,Application,Linux,69.7,59.91,57.66,55.72,1106.55,842.13,19.31,252.27,496,5577,13,328,1787.9,57.87,Saturday,4,0
SRV-073,16-05-2026 05:30,API,Linux,53.52,60.18,57.89,55.18,1073.52,890.59,8.79,201.64,715,6038,6,245,991.0,50.85,Saturday,5,0
SRV-004,16-05-2026 07:00,Application,Windows Server,59.11,59.07,62.6,64.24,1026.32,835.82,21.95,296.49,668,5600,12,276,400.49,54.91,Saturday,7,0
SRV-050,16-05-2026 08:00,Web,Linux,63.29,61.69,78.49,68.41,1056.38,875.71,24.16,259.46,770,5889,9,269,784.46,57.24,Saturday,8,0
SRV-019,16-05-2026 08:30,File,Linux,71.02,60.95,82.07,25.25,1017.27,777.76,22.41,298.74,615,4959,9,289,836.33,55.09,Saturday,8,0
SRV-031,16-05-2026 08:30,Application,Linux,63.92,77.67,79.0,49.29,1098.97,818.82,20.45,301.92,347,5631,13,209,976.59,47.23,Saturday,8,0
SRV-076,16-05-2026 09:30,Web,Linux,75.71,73.73,50.69,71.24,1611.82,1173.24,24.74,291.75,769,8222,11,281,993.95,59.64,Saturday,9,0
SRV-095,16-05-2026 11:30,Database,Linux,52.89,68.98,56.72,64.89,1616.74,1251.05,24.72,226.92,756,8432,7,305,452.88,57.2,Saturday,11,0
SRV-024,16-05-2026 12:30,API,Linux,74.53,65.94,58.81,79.32,1571.21,1319.52,32.82,309.12,777,8243,8,309,613.59,63.35,Saturday,12,0
SRV-021,16-05-2026 13:00,File,Linux,69.95,66.74,47.84,77.78,1302.93,982.75,27.82,363.22,697,6638,11,274,821.96,57.12,Saturday,13,0
SRV-015,16-05-2026 15:30,Database,Linux,66.79,71.03,53.17,56.17,1716.35,1272.6,34.68,382.59,758,8621,7,274,681.03,53.35,Saturday,15,0
SRV-077,16-05-2026 16:00,Web,Linux,76.98,57.57,56.68,88.63,1544.68,1160.31,20.35,338.96,688,8220,7,287,1129.88,57.43,Saturday,16,0
SRV-093,16-05-2026 16:30,Database,Linux,61.53,53.34,59.63,57.88,1596.53,1232.06,22.35,355.49,788,8751,10,272,590.63,50.34,Saturday,16,0
SRV-082,16-05-2026 18:30,Database,Windows Server,71.83,54.13,42.14,58.63,1103.67,877.97,26.99,317.36,510,6095,8,249,1106.42,60.35,Saturday,18,0
SRV-053,16-05-2026 19:30,File,Linux,59.42,41.58,65.57,41.24,887.9,763.14,22.31,264.58,502,4915,4,282,1878.31,49.38,Saturday,19,0
SRV-024,16-05-2026 20:30,API,Linux,60.29,60.17,51.09,59.43,1102.71,859.37,23.71,213.98,396,5988,7,243,776.02,51.3,Saturday,20,0
SRV-045,16-05-2026 21:30,File,Linux,43.81,49.32,52.1,28.68,1003.62,869.61,13.67,167.49,162,4986,5,242,536.69,44.1,Saturday,21,0
SRV-063,16-05-2026 21:30,Application,Linux,39.9,69.58,70.78,50.24,1142.49,832.75,25.53,226.91,266,5724,14,184,1144.87,51.02,Saturday,21,0
SRV-012,16-05-2026 21:30,API,Linux,63.44,62.17,51.39,37.71,1180.49,783.27,22.11,236.99,310,5687,6,242,236.4,48.61,Saturday,21,0
SRV-020,16-05-2026 22:30,Application,Linux,57.13,46.83,46.31,53.6,1128.45,810.48,18.58,289.2,510,5775,7,271,866.19,50.13,Saturday,22,0
SRV-099,16-05-2026 22:30,Web,Linux,65.16,40.22,61.82,72.51,1115.75,942.45,22.92,252.84,479,5890,13,219,717.52,57.29,Saturday,22,0
SRV-062,16-05-2026 23:30,Database,Windows Server,63.53,72.4,36.74,54.37,1114.35,919.05,20.45,385.07,604,6160,12,252,677.14,56.01,Saturday,23,0
SRV-096,16-05-2026 23:30,Application,Linux,57.95,50.74,65.8,34.34,1076.38,780.85,21.78,284.44,638,5614,7,224,377.03,47.44,Saturday,23,0
SRV-014,17-05-2026 02:00,File,Linux,53.02,52.52,40.27,46.07,1073.41,768.98,23.23,260.17,474,5036,7,129,890.4,49.95,Sunday,2,0
SRV-088,17-05-2026 02:00,Database,Linux,71.58,41.95,57.85,43.29,1174.17,833.96,27.77,279.64,661,5995,14,243,348.81,54.29,Sunday,2,0
SRV-045,17-05-2026 06:30,File,Linux,67.33,66.49,57.4,65.87,952.62,697.45,22.13,325.88,184,5112,15,310,461.9,50.02,Sunday,6,0
SRV-097,17-05-2026 06:30,Database,Linux,55.69,37.73,63.95,39.73,1194.92,915.9,23.24,258.69,737,6120,10,341,186.52,49.07,Sunday,6,0
SRV-068,17-05-2026 07:00,Database,Windows Server,75.91,58.15,55.82,48.65,1222.26,822.69,30.24,335.71,696,6175,7,299,332.06,56.44,Sunday,7,0
SRV-036,17-05-2026 07:30,Web,Linux,66.87,70.17,52.38,35.57,1147.98,881.63,19.28,274.32,557,5909,11,214,539.32,53.82,Sunday,7,0
SRV-063,17-05-2026 07:30,Application,Linux,39.25,69.5,68.89,44.66,1133.55,873.21,25.12,253.66,405,5718,12,177,1276.8,53.49,Sunday,7,0
SRV-040,17-05-2026 08:00,Application,Linux,47.2,70.84,40.18,48.03,1015.31,830.9,23.63,232.45,462,5736,9,223,1027.74,52.2,Sunday,8,0
SRV-050,17-05-2026 08:30,Web,Linux,71.97,67.45,58.99,62.22,1114.9,871.25,22.08,310.71,589,5654,8,316,248.88,60.99,Sunday,8,0
SRV-025,17-05-2026 09:00,File,Linux,65.22,62.15,62.87,45.59,1261.46,933.41,16.59,232.7,610,6678,6,314,1498.58,51.09,Sunday,9,0
SRV-016,17-05-2026 09:00,Web,Windows Server,45.74,61.35,63.16,74.39,1658.82,1246.27,18.69,263.37,971,8151,11,199,1025.72,50.75,Sunday,9,0
SRV-004,17-05-2026 10:00,Application,Windows Server,68.0,80.21,86.27,61.58,1560.84,1074.49,15.41,295.31,735,8009,14,251,1157.84,60.4,Sunday,10,0
SRV-069,17-05-2026 11:30,Web,Linux,70.59,65.85,44.63,42.98,1590.95,1155.81,29.18,305.92,1016,8140,12,261,301.27,62.76,Sunday,11,0
SRV-039,17-05-2026 12:30,Web,Windows Server,68.0,65.9,72.6,86.72,1545.49,1263.63,26.33,302.16,834,8116,10,224,1008.08,56.48,Sunday,12,0
SRV-059,17-05-2026 13:30,Web,Windows Server,70.51,78.25,45.58,52.52,1565.47,1236.44,25.17,313.05,734,8037,14,305,637.45,54.57,Sunday,13,0
SRV-071,17-05-2026 15:30,Web,Linux,72.92,49.86,50.08,87.63,1434.03,1146.36,27.9,329.08,689,8076,13,288,805.08,57.86,Sunday,15,0
SRV-051,17-05-2026 15:30,Web,Windows Server,64.3,60.71,53.69,69.55,1572.81,1123.79,25.84,291.11,445,8069,10,313,1031.69,54.9,Sunday,15,0
SRV-009,17-05-2026 16:30,Web,Linux,75.05,46.82,70.66,52.95,1551.23,1203.65,19.31,285.61,703,8044,8,340,1074.84,57.86,Sunday,16,0
SRV-018,17-05-2026 17:00,Web,Windows Server,78.86,71.23,59.42,77.5,1510.95,1137.69,15.34,381.25,711,8157,15,295,1105.15,55.59,Sunday,17,0
SRV-076,17-05-2026 19:00,Web,Linux,68.6,46.39,43.41,37.87,1080.31,870.24,17.28,278.58,500,5751,13,252,449.54,52.21,Sunday,19,0
SRV-049,17-05-2026 19:30,Application,Linux,62.28,46.03,72.31,54.08,1114.2,744.68,22.92,250.04,615,5751,12,264,627.49,56.43,Sunday,19,0
SRV-033,17-05-2026 19:30,Database,Linux,87.65,57.59,61.62,36.16,1141.25,893.5,19.51,291.61,504,5925,10,287,652.83,56.375,Sunday,19,0
SRV-016,17-05-2026 21:00,Web,Windows Server,69.05,74.77,63.98,41.12,1094.68,802.4,25.21,301.37,516,5822,5,255,1025.66,54.82,Sunday,21,0
SRV-063,17-05-2026 21:00,Application,Linux,56.86,35.52,57.73,70.67,1113.87,886.69,33.33,321.74,592,5636,10,274,698.6,54.13,Sunday,21,0
SRV-002,17-05-2026 21:00,Database,Windows Server,65.39,64.13,79.21,44.62,1143.12,867.71,21.07,282.76,714,6140,15,236,627.41,48.1,Sunday,21,0
SRV-028,17-05-2026 22:00,Web,Linux,63.4,53.89,68.56,49.13,1240.89,931.99,19.0,204.09,632,5905,4,276,408.58,63.36,Sunday,22,0
SRV-086,17-05-2026 22:00,Web,Windows Server,76.49,46.45,61.84,41.44,1149.96,792.52,31.15,300.99,367,5864,16,282,727.59,58.23,Sunday,22,0
SRV-083,18-05-2026 00:00,File,Linux,48.28,67.16,51.06,41.83,1061.39,916.29,20.56,304.07,521,5869,16,281,790.17,46.74,Monday,0,0
SRV-006,18-05-2026 00:00,API,Windows Server,57.67,63.02,31.34,59.73,1266.79,985.81,22.54,302.38,818,7141,13,260,682.45,56.94,Monday,0,0
SRV-006,18-05-2026 02:00,API,Windows Server,69.87,47.2,51.19,43.13,1311.8,937.87,22.7,351.28,798,7285,9,269,807.6,59.5,Monday,2,0
SRV-083,18-05-2026 03:30,File,Linux,86.25,75.75,17.77,60.68,1179.47,913.52,33.25,343.31,409,5752,11,283,1043.79,58.22,Monday,3,0
SRV-047,18-05-2026 04:30,Database,Linux,53.2,46.31,61.38,41.62,1389.42,1184.44,20.96,284.63,947,7495,4,237,885.05,54.51,Monday,4,0
SRV-073,18-05-2026 04:30,API,Linux,64.17,63.31,61.0,58.81,1318.89,1022.59,15.64,241.91,640,7087,14,279,828.12,57.02,Monday,4,0
SRV-087,18-05-2026 04:30,Application,Linux,68.69,55.22,71.1,56.94,1250.28,953.9,30.09,271.75,446,6753,14,340,890.35,58.41,Monday,4,0
SRV-005,18-05-2026 05:00,Web,Windows Server,89.54,71.11,46.5,66.67,1394.16,1100.84,24.88,336.2,446,7007,10,304,313.37,56.79,Monday,5,0
SRV-018,18-05-2026 06:00,Web,Windows Server,63.95,50.34,42.44,75.06,1349.84,1085.78,22.94,270.51,592,7090,5,259,571.73,65.51,Monday,6,0
SRV-083,18-05-2026 06:00,File,Linux,74.01,56.39,57.21,47.31,1166.4,719.44,22.53,274.44,388,6012,14,266,672.99,59.14,Monday,6,0
SRV-092,18-05-2026 06:00,Application,Linux,57.15,53.4,65.37,48.44,1372.76,999.88,22.01,264.21,513,6953,9,277,1187.73,49.05,Monday,6,0
SRV-001,18-05-2026 06:00,File,Windows Server,47.35,74.66,47.29,33.16,1058.1,815.13,19.05,228.1,545,5852,10,227,1063.69,43.47,Monday,6,0
SRV-045,18-05-2026 06:30,File,Linux,82.32,73.37,62.59,38.63,1162.85,850.63,29.39,307.51,535,5862,10,266,1286.57,56.67,Monday,6,0
SRV-008,18-05-2026 07:30,File,Linux,63.87,61.92,80.03,64.91,1086.0,864.02,32.78,307.89,569,5946,12,286,607.71,57.16,Monday,7,0
SRV-041,18-05-2026 07:30,Database,Linux,63.41,64.17,69.04,65.83,1355.94,1025.35,19.78,229.65,738,7332,12,265,1812.47,50.97,Monday,7,0
SRV-090,18-05-2026 08:30,Application,Linux,66.16,58.52,58.7,78.41,1324.62,1110.43,22.72,279.92,602,6826,13,239,1399.65,59.84,Monday,8,0
SRV-036,18-05-2026 11:30,Web,Linux,87.83,74.42,67.27,86.12,2030.55,1502.26,24.07,373.97,1084,10318,14,370,997.76,60.26,Monday,11,0
SRV-031,18-05-2026 13:00,Application,Linux,85.91,63.39,51.82,64.45,1897.7,1480.7,26.76,313.5,947,9831,13,319,1081.09,58.02,Monday,13,0
SRV-004,18-05-2026 13:00,Application,Windows Server,88.39,69.93,60.55,68.34,1857.39,1479.63,24.07,336.1,832,9812,13,350,263.89,64.75,Monday,13,0
SRV-084,18-05-2026 13:30,Web,Linux,66.81,79.24,58.39,72.74,2011.62,1633.03,20.18,307.94,1067,10424,9,296,1407.04,58.22,Monday,13,0
SRV-076,18-05-2026 14:30,Web,Linux,73.63,89.11,59.67,99.0,2054.07,1524.26,25.83,360.45,1104,10407,15,313,1113.58,60.3,Monday,14,0
SRV-044,18-05-2026 15:00,Database,Linux,66.74,88.16,48.35,88.67,2194.11,1770.43,26.61,335.14,1086,11016,10,198,797.29,54.03,Monday,15,0
SRV-097,18-05-2026 16:00,Database,Linux,83.13,80.27,65.58,84.67,2251.06,1653.47,30.46,339.52,1178,11213,15,331,949.85,63.14,Monday,16,0
SRV-073,18-05-2026 17:00,API,Linux,89.61,73.13,54.96,94.16,2009.93,1570.16,34.04,316.09,996,10682,15,345,383.55,60.4,Monday,17,0
SRV-011,18-05-2026 17:30,Database,Linux,94.04,57.83,68.1,99.0,2151.68,1706.19,29.69,307.61,856,11014,17,289,642.64,64.7,Monday,17,0
SRV-092,18-05-2026 17:30,Application,Linux,88.58,58.18,39.59,77.51,1926.29,1416.55,30.45,246.71,720,9942,8,266,868.68,58.42,Monday,17,0
SRV-005,18-05-2026 18:00,Web,Windows Server,87.49,79.35,78.49,81.22,1846.9,1592.42,31.28,404.62,1150,10246,16,342,729.26,60.94,Monday,18,0
SRV-025,18-05-2026 19:30,File,Linux,82.94,59.98,38.86,51.05,1227.79,936.54,28.09,303.32,273,5859,10,337,1475.87,58.07,Monday,19,0
SRV-018,18-05-2026 20:00,Web,Windows Server,63.5,55.07,56.31,73.89,1419.79,1000.53,27.74,265.01,525,7089,8,258,889.66,58.46,Monday,20,0
SRV-095,18-05-2026 21:00,Database,Linux,78.57,61.92,65.71,68.23,1569.45,1172.67,24.72,323.26,595,7451,10,271,393.21,55.79,Monday,21,0
SRV-088,18-05-2026 21:30,Database,Linux,68.45,51.12,54.28,70.6,1409.44,1048.82,18.86,305.21,716,7441,16,258,1025.0,54.25,Monday,21,0
SRV-031,18-05-2026 22:00,Application,Linux,68.94,57.79,57.47,55.79,1420.07,897.54,33.61,277.94,833,6824,8,236,331.81,54.96,Monday,22,0
SRV-006,18-05-2026 22:00,API,Windows Server,72.74,51.76,50.92,52.06,1517.5,1119.47,20.14,312.64,532,7232,9,344,889.12,57.5,Monday,22,0
SRV-046,18-05-2026 23:00,File,Linux,61.8,58.15,65.56,31.26,1115.25,903.74,20.93,284.39,406,5799,7,249,829.12,51.51,Monday,23,0
SRV-052,18-05-2026 23:30,Web,Windows Server,59.44,49.72,64.44,68.2,1302.76,976.99,16.84,211.06,402,7116,2,274,1875.06,48.75,Monday,23,0
SRV-064,19-05-2026 00:00,File,Linux,62.61,60.27,63.29,68.72,1089.69,852.36,17.42,244.12,558,5818,15,280,478.49,55.39,Tuesday,0,0
SRV-027,19-05-2026 01:00,Database,Linux,72.83,70.25,54.64,35.11,1548.06,1102.65,26.18,293.73,643,7571,2,260,231.56,61.94,Tuesday,1,0
SRV-051,19-05-2026 02:00,Web,Windows Server,56.49,56.75,60.25,60.4,1333.83,1029.01,27.84,317.83,685,7139,8,245,959.47,56.06,Tuesday,2,0
SRV-081,19-05-2026 02:30,Application,Windows Server,59.13,50.89,47.92,49.11,1201.22,918.96,25.18,253.77,680,6741,8,325,459.42,51.27,Tuesday,2,0
SRV-062,19-05-2026 03:00,Database,Windows Server,58.84,55.09,55.69,75.05,1428.77,1092.44,24.72,310.32,746,7342,9,259,1410.95,56.28,Tuesday,3,0
SRV-004,19-05-2026 04:00,Application,Windows Server,75.43,82.25,74.47,54.11,1241.37,945.83,29.89,260.67,698,6850,9,300,749.7,63.81,Tuesday,4,0
SRV-027,19-05-2026 04:30,Database,Linux,63.99,52.84,39.83,49.83,1507.71,1096.95,26.01,240.23,631,7427,10,303,617.38,52.46,Tuesday,4,0
SRV-084,19-05-2026 09:30,Web,Linux,72.95,78.01,81.81,84.76,2076.79,1475.72,24.5,282.21,785,10501,5,309,741.54,61.34,Tuesday,9,0
SRV-006,19-05-2026 10:00,API,Windows Server,68.88,68.2,33.14,99.0,1991.9,1625.52,15.64,302.42,743,10689,8,306,1407.65,67.41,Tuesday,10,0
SRV-054,19-05-2026 10:00,Application,Linux,68.04,81.28,48.93,88.12,1894.27,1436.9,18.55,333.19,1124,9935,17,303,841.54,59.51,Tuesday,10,0
SRV-065,19-05-2026 11:30,Application,Linux,64.41,82.24,44.49,79.06,1966.84,1419.26,21.06,273.43,751,10175,16,264,659.49,51.01,Tuesday,11,0
SRV-055,19-05-2026 12:30,Application,Linux,79.53,72.77,50.62,67.22,2008.24,1563.09,25.74,290.43,924,10118,9,323,1372.36,58.65,Tuesday,12,0
SRV-045,19-05-2026 12:30,File,Linux,65.69,59.47,60.87,60.18,1558.18,1167.71,21.95,270.69,762,8287,11,224,841.9,60.83,Tuesday,12,0
SRV-025,19-05-2026 14:00,File,Linux,85.71,52.36,77.82,80.21,1642.06,1144.55,21.63,322.31,694,8179,9,332,572.82,58.33,Tuesday,14,0
SRV-033,19-05-2026 15:30,Database,Linux,87.47,68.78,50.69,90.09,2233.28,1679.41,29.27,330.35,1143,11031,12,324,584.0,64.62,Tuesday,15,0
SRV-019,19-05-2026 17:30,File,Linux,59.13,59.46,59.5,44.88,1600.22,1277.43,21.65,192.3,822,8248,5,253,597.54,57.33,Tuesday,17,0
SRV-087,19-05-2026 18:30,Application,Linux,67.23,70.05,77.07,30.25,1389.61,1006.36,25.7,284.43,608,6860,12,244,732.2,52.54,Tuesday,18,0
SRV-096,19-05-2026 19:00,Application,Linux,64.76,62.88,56.24,58.29,1348.31,965.62,24.5,334.88,778,6844,9,262,432.39,55.92,Tuesday,19,0
SRV-015,19-05-2026 20:30,Database,Linux,83.68,56.39,35.95,68.94,1478.84,1111.69,27.86,300.91,508,7660,15,267,644.32,60.71,Tuesday,20,0
SRV-086,19-05-2026 21:30,Web,Windows Server,64.96,66.61,70.01,53.89,1296.86,1031.39,20.74,299.36,849,6992,10,317,848.46,55.5,Tuesday,21,0
SRV-060,19-05-2026 22:00,Web,Windows Server,66.16,83.04,74.19,77.91,1240.98,1120.52,18.3,317.86,796,7096,12,356,2330.21,58.2,Tuesday,22,0
SRV-084,19-05-2026 23:30,Web,Linux,71.65,67.27,33.63,51.25,1393.0,1114.91,27.36,348.52,441,6900,11,297,727.98,52.57,Tuesday,23,0
SRV-017,19-05-2026 23:30,Application,Windows Server,64.53,64.71,57.76,47.97,1342.66,948.46,22.11,346.72,695,6749,11,225,201.02,51.24,Tuesday,23,0
SRV-099,20-05-2026 00:30,Web,Linux,71.14,75.45,70.49,50.25,1373.25,915.77,23.68,351.14,827,6957,13,275,841.64,55.2,Wednesday,0,0
SRV-050,20-05-2026 02:00,Web,Linux,55.02,51.58,50.25,66.67,1346.45,1118.55,31.98,268.86,724,6892,7,181,430.21,54.9,Wednesday,2,0
SRV-027,20-05-2026 04:30,Database,Linux,71.27,57.22,54.52,59.39,1448.29,1056.88,23.43,290.43,751,7403,9,272,941.58,57.7,Wednesday,4,0
SRV-050,20-05-2026 05:30,Web,Linux,53.93,54.63,55.33,63.14,1170.47,1065.53,17.17,261.03,589,6996,8,214,1009.75,55.01,Wednesday,5,0
SRV-074,20-05-2026 06:00,Web,Windows Server,56.56,60.5,34.14,51.29,1361.51,1119.58,22.5,324.53,617,7171,15,235,563.31,55.07,Wednesday,6,0
SRV-098,20-05-2026 07:30,Web,Windows Server,48.1,44.59,55.32,69.52,1313.76,1112.39,15.35,229.22,629,7010,8,221,790.16,56.07,Wednesday,7,0
SRV-017,20-05-2026 08:00,Application,Windows Server,56.16,56.85,78.85,60.31,1399.61,1063.62,20.95,223.48,856,6890,8,297,632.06,56.74,Wednesday,8,0
SRV-065,20-05-2026 10:30,Application,Linux,79.36,90.83,26.61,89.75,2004.13,1510.28,25.22,382.78,957,9928,13,300,1377.41,59.45,Wednesday,10,0
SRV-053,20-05-2026 11:00,File,Linux,39.15,60.87,57.73,70.03,1520.69,1215.01,20.14,243.41,552,8326,10,204,900.08,54.18,Wednesday,11,0
SRV-003,20-05-2026 11:30,API,Linux,74.88,86.42,64.99,87.66,1952.18,1569.22,36.8,405.85,1098,10492,18,309,256.3,59.48,Wednesday,11,0
SRV-012,20-05-2026 12:00,API,Linux,70.48,68.07,54.45,99.0,2087.07,1543.26,25.45,297.31,1148,10733,14,283,1037.67,59.82,Wednesday,12,0
SRV-078,20-05-2026 12:00,Application,Windows Server,89.9,80.62,45.02,74.5,1900.12,1392.6,22.78,360.87,1104,9957,14,320,840.76,61.32,Wednesday,12,0
SRV-076,20-05-2026 13:00,Web,Linux,79.57,79.77,48.14,99.0,2025.3,1510.45,26.11,355.84,1171,10517,14,285,655.11,72.55,Wednesday,13,0
SRV-076,20-05-2026 14:30,Web,Linux,72.36,66.91,60.22,54.8,1939.55,1467.17,34.25,329.57,1073,10313,9,267,624.79,56.375,Wednesday,14,0
SRV-081,20-05-2026 15:30,Application,Windows Server,85.65,80.4,47.93,96.53,1872.84,1449.24,29.97,388.51,1209,10022,14,302,299.67,68.12,Wednesday,15,0
SRV-005,20-05-2026 17:30,Web,Windows Server,97.56,97.01,57.15,77.39,2074.48,1514.58,25.8,408.76,995,10439,14,369,1359.95,60.03,Wednesday,17,1
SRV-071,20-05-2026 17:30,Web,Linux,85.75,87.24,58.63,67.08,2008.62,1544.36,26.79,366.78,999,10103,12,292,750.65,59.0,Wednesday,17,0
SRV-006,20-05-2026 18:00,API,Windows Server,82.96,86.6,38.61,55.0,2096.97,1629.85,29.87,366.5,1114,10830,9,280,1239.98,62.35,Wednesday,18,0
SRV-070,20-05-2026 18:30,Database,Windows Server,55.64,54.28,56.12,61.47,1362.13,1032.84,20.58,271.86,647,7459,9,304,1520.08,54.46,Wednesday,18,0
SRV-026,20-05-2026 21:30,Web,Linux,51.17,51.82,44.46,54.32,1316.19,1070.15,21.63,358.1,860,7065,7,194,295.39,51.18,Wednesday,21,0
SRV-056,20-05-2026 22:00,File,Windows Server,64.88,52.9,62.03,15.75,1152.08,899.71,12.08,259.98,455,5918,6,245,1293.65,55.38,Wednesday,22,0
SRV-022,20-05-2026 22:00,Database,Linux,65.51,70.83,76.07,50.06,1415.1,1096.66,27.61,309.31,697,7427,10,238,619.7,49.21,Wednesday,22,0
SRV-039,20-05-2026 22:30,Web,Windows Server,43.56,58.84,65.1,64.05,1378.93,969.49,19.61,247.85,761,7140,6,215,615.79,50.76,Wednesday,22,0
SRV-052,20-05-2026 23:00,Web,Windows Server,79.37,70.61,56.93,85.73,1344.09,1001.8,23.08,372.66,614,6987,14,330,1389.21,58.95,Wednesday,23,0
SRV-002,20-05-2026 23:30,Database,Windows Server,71.24,75.33,63.19,71.75,1443.23,1141.07,16.87,365.37,623,7445,12,247,1331.42,56.23,Wednesday,23,0
SRV-069,21-05-2026 00:30,Web,Linux,69.28,60.2,71.81,65.85,1397.25,999.38,24.97,322.8,652,7025,15,277,652.26,52.25,Thursday,0,0
SRV-017,21-05-2026 01:00,Application,Windows Server,59.41,61.38,57.57,24.41,1361.51,1023.8,24.75,321.22,626,6947,11,285,326.1,56.6,Thursday,1,0
SRV-015,21-05-2026 01:30,Database,Linux,59.71,59.11,52.42,82.16,1403.74,1082.14,19.13,282.66,735,7443,9,276,522.71,51.4,Thursday,1,0
SRV-012,21-05-2026 02:00,API,Linux,64.19,62.09,59.66,38.48,1394.74,1081.11,21.96,290.3,669,7229,6,273,848.14,54.12,Thursday,2,0
SRV-095,21-05-2026 02:00,Database,Linux,73.35,50.49,49.33,68.65,1483.62,1082.39,33.74,265.05,881,7401,7,288,617.11,59.44,Thursday,2,0
SRV-093,21-05-2026 03:30,Database,Linux,64.92,66.18,63.96,64.52,1449.66,1012.65,24.02,289.49,453,7320,11,239,1041.32,58.88,Thursday,3,0
SRV-029,21-05-2026 04:00,Web,Linux,64.31,60.57,43.59,63.93,1364.56,1073.34,18.29,342.52,713,6982,14,229,663.4,58.7,Thursday,4,0
SRV-080,21-05-2026 04:00,File,Windows Server,66.98,44.47,29.0,74.73,1194.1,806.37,22.58,208.79,565,5829,12,267,880.86,55.7,Thursday,4,0
SRV-093,21-05-2026 06:30,Database,Linux,78.9,46.23,39.61,55.59,1476.1,1054.09,31.56,339.81,785,7416,8,282,1092.39,57.13,Thursday,6,0
SRV-089,21-05-2026 07:00,Web,Windows Server,50.7,59.39,44.91,51.64,1349.81,1094.84,18.02,306.27,799,7188,12,281,483.02,54.57,Thursday,7,0
SRV-021,21-05-2026 07:30,File,Linux,59.96,44.18,61.26,73.92,1111.86,793.5,30.52,240.45,574,5895,3,253,285.68,56.5,Thursday,7,0
SRV-003,21-05-2026 08:00,API,Linux,58.71,68.14,53.27,42.6,1511.14,1021.92,16.51,316.02,571,7293,13,267,1351.81,53.63,Thursday,8,0
SRV-025,21-05-2026 09:00,File,Linux,72.76,56.29,61.77,38.05,1521.91,1210.28,22.55,284.85,720,8353,10,311,1001.45,55.97,Thursday,9,0
SRV-067,21-05-2026 09:30,Application,Windows Server,66.18,63.59,46.17,72.78,1869.13,1477.59,32.77,305.14,1052,9977,10,274,746.67,62.65,Thursday,9,0
SRV-026,21-05-2026 10:00,Web,Linux,78.4,88.2,53.31,74.35,2106.1,1531.5,25.9,341.7,1120,10547,8,299,423.93,53.92,Thursday,10,0
SRV-012,21-05-2026 12:00,API,Linux,98.75,96.16,63.56,74.21,2173.91,1543.12,29.48,411.02,867,10817,16,371,602.43,67.03,Thursday,12,1
SRV-058,21-05-2026 12:30,Application,Windows Server,77.02,78.76,64.07,74.22,1948.1,1469.19,28.06,366.69,886,9862,16,248,655.56,63.27,Thursday,12,0
SRV-089,21-05-2026 13:30,Web,Windows Server,83.76,80.21,51.03,76.02,1973.17,1639.78,27.16,393.65,899,10510,17,346,195.96,57.22,Thursday,13,0
SRV-078,21-05-2026 14:30,Application,Windows Server,75.73,66.59,49.38,58.25,1991.05,1450.13,27.04,302.38,871,10026,9,357,497.12,59.74,Thursday,14,0
SRV-055,21-05-2026 19:30,Application,Linux,49.5,50.77,63.41,36.1,1275.35,982.53,24.53,250.69,575,6886,6,244,1229.21,49.71,Thursday,19,0
SRV-029,21-05-2026 20:00,Web,Linux,81.01,64.15,44.89,71.81,1310.23,1026.83,20.82,296.23,499,7133,9,276,1621.27,58.18,Thursday,20,0
SRV-006,21-05-2026 20:30,API,Windows Server,68.39,58.57,65.81,65.24,1422.99,1029.39,25.21,314.86,787,7215,14,251,343.02,57.5,Thursday,20,0
SRV-084,21-05-2026 21:00,Web,Linux,56.51,62.59,62.26,70.38,1478.57,1100.77,23.01,344.94,721,7271,13,270,627.11,51.87,Thursday,21,0
SRV-017,21-05-2026 21:00,Application,Windows Server,48.43,42.04,64.12,54.56,1364.13,974.59,18.49,225.69,819,6858,5,270,760.9,49.75,Thursday,21,0
SRV-081,21-05-2026 23:00,Application,Windows Server,64.83,54.45,55.46,81.77,1348.3,1054.66,24.06,271.61,492,6850,12,211,1183.04,62.42,Thursday,23,0
SRV-037,22-05-2026 00:30,Web,Windows Server,78.89,65.89,83.27,59.22,1500.77,1047.61,19.52,339.04,693,7048,14,241,1109.59,58.52,Friday,0,0
SRV-049,22-05-2026 01:30,Application,Linux,59.88,53.54,60.3,65.63,1390.52,986.14,24.45,309.02,384,6892,10,280,1234.33,51.76,Friday,1,0
SRV-033,22-05-2026 06:30,Database,Linux,74.57,60.19,65.5,52.67,1370.85,1084.06,26.45,311.34,567,7404,11,299,1583.03,53.21,Friday,6,0
SRV-006,22-05-2026 06:30,API,Windows Server,61.05,81.44,37.34,45.28,1384.96,990.31,25.64,289.21,729,7023,3,188,507.13,57.03,Friday,6,0
SRV-006,22-05-2026 07:30,API,Windows Server,71.26,60.32,52.07,55.05,1329.16,1077.21,19.21,293.25,605,7129,8,270,2112.33,53.4,Friday,7,0
SRV-040,22-05-2026 08:00,Application,Linux,80.33,53.2,81.0,66.21,1332.27,995.71,20.86,331.03,738,7067,9,301,508.91,58.32,Friday,8,0
SRV-053,22-05-2026 10:30,File,Linux,72.85,54.38,51.76,70.59,1591.43,1197.46,28.25,361.43,770,8308,12,316,1016.68,52.04,Friday,10,0
SRV-075,22-05-2026 10:30,Web,Linux,87.95,58.86,79.28,78.95,1985.71,1502.18,31.44,330.22,1135,10266,12,335,654.46,58.95,Friday,10,0
SRV-043,22-05-2026 11:00,Application,Windows Server,94.19,73.13,30.55,64.57,1871.79,1541.5,31.59,331.89,943,9984,7,272,1442.84,54.89,Friday,11,0
SRV-089,22-05-2026 14:00,Web,Windows Server,72.38,88.29,59.86,83.11,2034.22,1432.79,25.46,340.19,1102,10266,11,285,1029.83,55.81,Friday,14,0
SRV-071,22-05-2026 16:00,Web,Linux,76.05,79.04,69.24,99.0,2095.69,1587.09,28.02,308.74,918,10020,11,277,861.04,55.42,Friday,16,0
SRV-087,22-05-2026 16:00,Application,Linux,89.18,73.39,63.13,62.35,1965.96,1497.24,24.69,342.56,1155,10015,19,345,152.98,64.04,Friday,16,0
SRV-091,22-05-2026 16:30,Web,Windows Server,78.88,84.62,42.77,87.74,1988.35,1509.94,28.55,371.56,1142,10360,16,293,385.46,56.375,Friday,16,0
SRV-025,22-05-2026 17:00,File,Linux,70.89,66.85,52.23,74.39,1638.96,1198.67,11.58,283.84,727,8229,14,277,780.28,58.4,Friday,17,0
SRV-041,22-05-2026 17:30,Database,Linux,79.83,81.43,55.31,81.49,2134.8,1632.94,19.95,312.32,1097,10878,17,325,1215.09,64.23,Friday,17,0
SRV-078,22-05-2026 19:30,Application,Windows Server,67.96,67.88,51.06,59.48,1262.31,995.28,20.32,282.39,652,6883,4,305,277.22,54.41,Friday,19,0
SRV-043,22-05-2026 19:30,Application,Windows Server,43.2,54.25,67.0,46.76,1395.88,938.16,20.2,170.82,766,6739,6,176,769.88,51.23,Friday,19,0
SRV-034,22-05-2026 21:00,Database,Linux,70.81,62.56,55.34,57.61,1416.32,1108.59,31.2,313.01,821,7348,9,314,1049.23,49.91,Friday,21,0
SRV-054,22-05-2026 22:00,Application,Linux,66.67,88.63,62.6,51.48,1201.39,916.63,27.69,385.8,920,6896,9,264,156.09,58.5,Friday,22,0
SRV-022,22-05-2026 23:00,Database,Linux,74.31,48.76,29.69,77.81,1451.81,1069.74,30.32,295.78,680,7465,8,295,370.89,61.16,Friday,23,0
SRV-003,23-05-2026 00:00,API,Linux,69.97,51.27,62.9,69.81,1102.39,805.24,28.97,275.77,430,5869,9,262,794.33,60.59,Saturday,0,0
SRV-003,23-05-2026 00:30,API,Linux,50.4,62.16,62.83,32.52,1117.45,844.91,25.71,278.85,460,6031,7,222,803.1,51.33,Saturday,0,0
SRV-052,23-05-2026 05:00,Web,Windows Server,55.84,56.35,67.4,67.1,1135.88,827.92,14.71,250.27,531,5978,11,303,1873.54,57.21,Saturday,5,0
SRV-058,23-05-2026 06:00,Application,Windows Server,47.67,29.36,51.34,41.25,1068.71,903.67,20.07,225.8,564,5741,2,317,1393.07,44.72,Saturday,6,0
SRV-022,23-05-2026 06:00,Database,Linux,68.53,34.24,57.47,61.35,1196.49,897.17,21.95,326.09,280,6212,7,279,377.76,60.57,Saturday,6,0
SRV-017,23-05-2026 09:00,Application,Windows Server,63.75,76.25,41.55,66.17,1548.26,1253.16,18.97,339.56,569,7897,18,258,768.57,60.77,Saturday,9,0
SRV-014,23-05-2026 09:30,File,Linux,68.3,54.46,58.32,57.79,1260.63,1075.7,27.56,285.39,455,6655,15,321,1361.99,50.39,Saturday,9,0
SRV-058,23-05-2026 09:30,Application,Windows Server,78.56,44.13,84.09,73.3,1459.18,1133.43,30.26,296.0,784,7771,6,299,776.59,59.38,Saturday,9,0
SRV-014,23-05-2026 10:00,File,Linux,59.03,69.98,29.45,59.67,1257.91,903.74,23.04,240.03,535,6568,7,273,887.65,50.26,Saturday,10,0
SRV-046,23-05-2026 11:00,File,Linux,74.61,67.0,69.59,72.96,1280.39,950.43,30.38,278.32,434,6645,8,229,488.94,54.75,Saturday,11,0
SRV-050,23-05-2026 11:30,Web,Linux,68.01,73.06,68.85,66.03,1630.64,1159.2,25.86,333.21,1030,8169,14,228,804.4,56.51,Saturday,11,0
SRV-026,23-05-2026 11:30,Web,Linux,69.76,70.17,55.47,59.89,1566.5,1306.31,16.33,255.01,695,8087,12,288,434.3,54.91,Saturday,11,0
SRV-059,23-05-2026 13:00,Web,Windows Server,70.06,70.71,63.75,66.71,1546.33,1204.37,17.86,225.12,702,8307,4,290,1019.24,60.99,Saturday,13,0
SRV-096,23-05-2026 14:00,Application,Linux,66.21,64.04,26.72,71.76,1521.21,1194.55,26.14,328.28,805,7972,15,248,835.3,63.06,Saturday,14,0
SRV-048,23-05-2026 14:00,Web,Linux,80.25,53.83,79.41,62.07,1575.23,1185.62,28.51,320.61,733,8121,13,325,525.97,57.53,Saturday,14,0
SRV-030,23-05-2026 16:00,Application,Linux,74.4,62.17,69.94,46.31,1450.55,1092.61,27.44,337.63,555,7948,10,316,468.39,59.4,Saturday,16,0
SRV-011,23-05-2026 16:30,Database,Linux,62.79,75.45,44.86,71.62,1613.2,1259.38,32.14,352.69,747,8738,20,236,422.65,50.9,Saturday,16,0
SRV-005,23-05-2026 18:00,Web,Windows Server,61.06,78.48,72.67,63.29,1539.51,1199.05,25.77,319.22,893,7979,9,284,980.76,48.25,Saturday,18,0
SRV-097,23-05-2026 18:00,Database,Linux,97.85,82.3,53.17,76.36,1660.62,1320.93,26.81,307.63,771,8679,14,393,483.33,60.01,Saturday,18,0
SRV-032,23-05-2026 19:00,API,Windows Server,70.25,55.69,56.29,53.8,1234.03,931.26,28.35,218.23,534,6060,7,234,825.88,55.2,Saturday,19,0
SRV-067,23-05-2026 19:00,Application,Windows Server,78.95,38.23,64.75,39.34,1054.48,827.77,25.8,306.3,812,5646,17,323,2005.97,56.48,Saturday,19,0
SRV-079,23-05-2026 19:30,Application,Windows Server,69.94,45.94,42.06,61.5,1020.49,782.52,11.14,257.62,217,5588,4,260,1127.22,56.39,Saturday,19,0
SRV-005,23-05-2026 20:00,Web,Windows Server,63.62,65.64,17.76,43.63,1072.12,889.69,20.75,274.07,511,5795,7,275,828.47,55.0,Saturday,20,0
SRV-047,23-05-2026 20:00,Database,Linux,62.54,65.8,48.45,49.34,1273.18,890.27,21.48,285.06,791,6195,10,239,898.82,56.55,Saturday,20,0
SRV-044,23-05-2026 21:30,Database,Linux,71.0,58.41,61.95,62.17,1141.92,944.5,27.15,310.29,200,6037,13,276,545.58,52.68,Saturday,21,0
SRV-069,23-05-2026 23:00,Web,Linux,40.53,43.2,46.21,50.23,1274.9,884.38,27.23,287.62,474,5827,9,201,257.66,50.31,Saturday,23,0
SRV-081,23-05-2026 23:30,Application,Windows Server,51.92,47.45,67.17,50.45,1213.07,879.65,20.05,315.9,302,5694,15,253,1458.31,49.26,Saturday,23,0
SRV-086,24-05-2026 01:30,Web,Windows Server,53.71,54.58,48.83,51.72,1149.11,894.51,12.11,255.52,462,5771,14,252,412.04,53.15,Sunday,1,0
SRV-021,24-05-2026 02:00,File,Linux,34.76,68.46,71.03,53.2,964.97,718.56,27.37,184.54,537,5098,5,191,403.85,54.1,Sunday,2,0
SRV-082,24-05-2026 02:30,Database,Windows Server,55.12,51.17,57.3,59.88,1243.49,880.86,12.71,218.18,229,6049,4,224,214.47,52.79,Sunday,2,0
SRV-051,24-05-2026 02:30,Web,Windows Server,74.33,52.82,26.36,27.54,1021.06,858.52,29.97,285.17,659,5901,10,224,799.44,61.85,Sunday,2,0
SRV-086,24-05-2026 03:00,Web,Windows Server,46.88,46.46,25.29,49.95,1097.19,858.46,25.22,236.97,775,5809,8,213,375.55,47.28,Sunday,3,0
SRV-084,24-05-2026 03:30,Web,Linux,57.97,56.0,52.14,29.21,1077.84,914.6,21.06,234.25,273,5945,11,228,812.42,55.77,Sunday,3,0
SRV-071,24-05-2026 03:30,Web,Linux,60.21,61.35,58.62,58.05,1111.58,821.99,26.5,302.16,693,5767,7,268,424.52,50.55,Sunday,3,0
SRV-094,24-05-2026 04:00,Database,Windows Server,49.25,51.13,58.01,52.07,1127.11,872.81,26.21,254.63,474,6252,6,258,394.35,52.62,Sunday,4,0
SRV-052,24-05-2026 06:00,Web,Windows Server,35.46,45.95,47.92,32.08,1136.86,796.13,26.64,173.89,265,5840,5,176,767.53,46.51,Sunday,6,0
SRV-019,24-05-2026 06:30,File,Linux,78.1,51.79,59.95,57.43,993.08,687.09,10.79,233.35,116,5067,6,324,755.47,57.29,Sunday,6,0
SRV-053,24-05-2026 07:30,File,Linux,54.07,40.98,58.26,55.62,963.56,740.69,23.18,221.98,459,5205,10,279,1462.28,56.86,Sunday,7,0
SRV-092,24-05-2026 08:30,Application,Linux,79.07,57.34,35.72,66.78,1104.16,783.39,29.88,288.72,293,5687,9,262,449.53,65.29,Sunday,8,0
SRV-013,24-05-2026 10:00,Application,Linux,55.11,63.21,57.28,32.91,1467.74,1113.2,27.31,255.33,859,7861,3,251,680.92,46.08,Sunday,10,0
SRV-056,24-05-2026 10:00,File,Windows Server,49.41,65.01,50.12,30.15,1303.31,898.74,30.1,248.42,748,6686,12,232,287.36,50.29,Sunday,10,0
SRV-049,24-05-2026 12:30,Application,Linux,75.86,70.38,66.11,72.02,1473.95,1188.22,36.94,359.8,788,7727,13,295,169.63,57.22,Sunday,12,0
SRV-014,24-05-2026 13:00,File,Linux,49.57,75.49,58.25,41.71,1201.62,978.85,28.98,255.54,561,6660,9,273,973.17,53.84,Sunday,13,0
SRV-081,24-05-2026 13:30,Application,Windows Server,54.72,67.49,35.84,51.02,1458.13,1185.55,32.8,283.04,650,7929,6,324,921.2,53.87,Sunday,13,0
SRV-100,24-05-2026 15:00,API,Linux,66.18,60.97,66.02,75.76,1619.3,1272.96,10.61,291.93,569,8362,7,247,652.26,56.02,Sunday,15,0
SRV-039,24-05-2026 15:00,Web,Windows Server,58.07,64.66,71.64,68.02,1641.77,1181.64,18.85,320.3,692,8158,12,279,613.55,53.97,Sunday,15,0
SRV-096,24-05-2026 16:30,Application,Linux,75.41,65.66,53.06,81.49,1575.02,1053.91,24.67,372.58,742,7939,10,267,499.14,57.0,Sunday,16,0
SRV-008,24-05-2026 17:00,File,Linux,73.11,72.42,47.0,73.04,1323.75,937.2,29.28,382.91,608,6620,12,290,1161.28,58.15,Sunday,17,0
SRV-069,24-05-2026 18:30,Web,Linux,66.64,48.82,66.73,72.73,979.28,895.75,17.02,337.16,483,5782,2,239,683.91,57.42,Sunday,18,0
SRV-027,24-05-2026 19:00,Database,Linux,72.84,48.42,53.71,33.82,1149.65,929.21,31.31,255.22,587,6084,10,273,734.59,62.1,Sunday,19,0
SRV-088,24-05-2026 21:30,Database,Linux,63.49,52.77,43.39,52.11,1078.16,924.74,17.75,283.48,580,6145,7,335,524.84,47.6,Sunday,21,0
SRV-065,24-05-2026 22:30,Application,Linux,59.38,57.71,48.4,49.56,1134.68,779.01,23.02,282.66,529,5810,10,246,858.01,52.1,Sunday,22,0
SRV-040,24-05-2026 23:30,Application,Linux,66.42,49.19,47.92,45.01,1121.12,790.71,22.88,278.48,596,5538,7,240,776.15,55.44,Sunday,23,0
SRV-038,25-05-2026 00:00,Database,Linux,68.71,69.48,48.16,62.94,1443.52,1154.57,25.84,351.78,721,7546,20,252,677.85,53.91,Monday,0,0
SRV-018,25-05-2026 00:30,Web,Windows Server,85.14,42.6,57.75,45.89,1298.03,1016.33,18.51,299.41,553,7039,6,291,774.23,54.29,Monday,0,0
SRV-073,25-05-2026 00:30,API,Linux,64.61,73.26,83.3,62.72,1491.67,1072.31,12.74,254.16,659,7296,8,282,601.64,54.56,Monday,0,0
SRV-037,25-05-2026 01:00,Web,Windows Server,51.38,44.02,53.74,83.27,1358.53,1148.6,28.57,236.42,709,6993,13,251,651.83,54.5,Monday,1,0
SRV-042,25-05-2026 01:00,File,Linux,43.42,51.87,56.8,38.13,995.18,877.71,28.91,296.79,705,5865,10,150,864.62,52.56,Monday,1,0
SRV-071,25-05-2026 03:30,Web,Linux,62.93,80.75,60.54,61.58,1300.25,1001.32,22.96,358.65,694,6989,14,252,1076.52,57.79,Monday,3,0
SRV-091,25-05-2026 06:30,Web,Windows Server,73.67,76.74,58.49,67.0,1368.84,1048.26,22.17,341.18,664,6996,10,311,780.36,55.89,Monday,6,0
SRV-058,25-05-2026 07:00,Application,Windows Server,67.68,64.83,53.44,65.2,1482.55,1022.15,24.49,341.48,667,6928,8,301,684.14,55.55,Monday,7,0
SRV-025,25-05-2026 07:00,File,Linux,87.08,53.93,57.51,51.81,1232.78,848.59,22.2,269.89,664,5889,7,318,755.93,63.7,Monday,7,0
SRV-075,25-05-2026 08:00,Web,Linux,66.54,60.38,71.35,51.94,1243.85,1084.27,25.8,320.58,619,6982,14,255,1421.58,55.14,Monday,8,0
SRV-014,25-05-2026 08:00,File,Linux,57.6,44.11,58.12,68.75,1050.98,832.16,19.95,244.21,495,5788,16,272,222.08,56.86,Monday,8,0
SRV-049,25-05-2026 08:00,Application,Linux,59.33,59.37,47.86,58.16,1353.79,993.6,22.07,303.3,695,6885,9,276,919.75,53.76,Monday,8,0
SRV-059,25-05-2026 10:30,Web,Windows Server,65.34,66.1,28.48,85.18,2078.8,1521.31,21.38,297.63,961,10440,10,298,549.22,58.93,Monday,10,0
SRV-045,25-05-2026 10:30,File,Linux,82.73,95.58,58.04,55.42,1573.64,1198.63,32.67,332.98,701,8304,12,307,275.96,63.89,Monday,10,0
SRV-052,25-05-2026 11:00,Web,Windows Server,79.28,67.83,67.82,68.29,2030.14,1587.09,22.54,276.87,840,10427,5,285,916.13,64.53,Monday,11,0
SRV-095,25-05-2026 11:00,Database,Linux,80.03,70.04,58.34,89.11,2122.52,1591.24,30.1,269.87,830,10953,6,233,309.17,66.5,Monday,11,0
SRV-088,25-05-2026 11:30,Database,Linux,84.29,88.43,56.42,78.3,2191.98,1706.31,29.24,370.54,1105,11157,8,345,1113.07,60.9,Monday,11,0
SRV-020,25-05-2026 12:00,Application,Linux,89.99,52.96,52.26,86.29,1907.07,1506.82,20.37,305.24,706,10086,11,345,856.06,67.25,Monday,12,0
SRV-062,25-05-2026 12:00,Database,Windows Server,65.3,73.46,64.78,57.67,2143.43,1663.43,25.23,291.79,867,10978,14,325,267.7,54.79,Monday,12,0
SRV-054,25-05-2026 15:00,Application,Linux,98.36,63.35,56.0,87.28,1956.18,1392.56,30.3,335.53,787,9911,14,382,791.16,63.84,Monday,15,0
SRV-068,25-05-2026 15:00,Database,Windows Server,66.5,82.35,59.44,68.01,2190.29,1491.58,33.47,344.68,987,10916,9,270,1166.33,57.16,Monday,15,0
SRV-090,25-05-2026 16:00,Application,Linux,69.52,73.43,63.62,64.36,2067.07,1427.34,22.11,300.09,1116,10004,10,253,1491.64,59.71,Monday,16,0
SRV-044,25-05-2026 16:30,Database,Linux,68.16,81.7,59.35,99.0,2199.29,1605.7,24.54,309.29,1113,10956,12,287,1796.47,61.15,Monday,16,0
SRV-076,25-05-2026 16:30,Web,Linux,54.01,48.72,72.84,65.91,2098.74,1541.54,27.8,252.75,1058,10387,5,190,633.46,57.86,Monday,16,0
SRV-018,25-05-2026 17:00,Web,Windows Server,89.68,94.14,35.33,91.52,1970.41,1521.38,28.27,421.89,983,10351,17,307,1155.99,64.69,Monday,17,1
SRV-026,25-05-2026 17:00,Web,Linux,76.48,81.37,58.28,65.71,2064.79,1534.56,27.59,317.03,1159,10559,5,302,397.77,58.5,Monday,17,0
SRV-023,25-05-2026 18:00,API,Linux,86.56,93.53,55.66,55.6,2041.19,1571.39,25.43,374.54,1006,10510,11,275,881.11,59.66,Monday,18,0
SRV-087,25-05-2026 19:30,Application,Linux,58.15,56.14,53.13,56.23,1400.96,961.18,24.5,307.84,855,6889,10,299,1054.48,58.63,Monday,19,0
SRV-045,25-05-2026 20:00,File,Linux,52.87,57.69,63.05,57.43,1112.16,805.06,17.55,223.52,562,5938,7,234,809.54,55.47,Monday,20,0
SRV-016,25-05-2026 20:30,Web,Windows Server,65.15,61.33,45.43,43.01,1281.15,1049.73,19.26,372.25,975,7188,8,333,823.79,58.01,Monday,20,0
SRV-086,25-05-2026 20:30,Web,Windows Server,60.09,48.52,48.16,43.68,1371.19,972.19,23.67,320.87,619,7067,7,243,1287.36,57.74,Monday,20,0
SRV-064,25-05-2026 21:30,File,Linux,50.81,59.93,35.63,41.15,1174.34,841.16,25.41,247.92,491,5843,6,201,1127.76,51.21,Monday,21,0
SRV-075,25-05-2026 22:00,Web,Linux,31.63,63.89,35.09,59.97,1466.55,1002.81,27.5,220.17,652,7197,3,189,308.23,49.89,Monday,22,0
SRV-058,25-05-2026 22:00,Application,Windows Server,71.49,51.47,62.15,58.67,1324.85,995.21,28.39,294.64,691,6847,10,189,604.47,63.77,Monday,22,0
SRV-093,26-05-2026 00:00,Database,Linux,92.41,59.14,52.13,53.4,1527.93,1130.56,34.48,356.23,916,7494,13,286,723.4,55.56,Tuesday,0,0
SRV-067,26-05-2026 01:00,Application,Windows Server,67.58,62.42,60.93,60.69,1261.18,991.58,17.62,247.18,717,6848,6,258,544.09,53.72,Tuesday,1,0
SRV-057,26-05-2026 03:00,Database,Linux,79.81,67.22,48.88,61.47,1463.53,1071.22,27.66,318.09,938,7419,15,317,548.29,58.15,Tuesday,3,0
SRV-044,26-05-2026 03:00,Database,Linux,63.53,65.98,57.64,73.02,1447.75,1095.04,27.15,329.75,710,7442,8,296,1225.41,56.71,Tuesday,3,0
SRV-027,26-05-2026 05:00,Database,Linux,71.49,73.98,45.42,47.98,1369.27,1165.33,25.45,363.55,702,7359,14,295,917.87,54.97,Tuesday,5,0
SRV-078,26-05-2026 05:00,Application,Windows Server,53.73,58.76,65.78,51.89,1280.7,1052.97,20.18,345.27,645,6664,15,229,1161.47,44.62,Tuesday,5,0
SRV-088,26-05-2026 05:30,Database,Linux,85.76,65.46,38.47,48.73,1500.51,1075.67,29.48,265.27,943,7371,3,288,697.44,62.47,Tuesday,5,0
SRV-004,26-05-2026 06:30,Application,Windows Server,69.57,56.26,54.6,62.14,1350.57,937.82,21.5,248.01,557,6753,10,250,802.2,52.62,Tuesday,6,0
SRV-006,26-05-2026 09:00,API,Windows Server,99.0,81.27,59.85,78.12,2109.22,1542.05,31.15,371.39,967,10591,9,306,323.5,65.98,Tuesday,9,0
SRV-009,26-05-2026 09:00,Web,Linux,70.54,87.28,75.36,72.82,1920.1,1441.09,27.72,399.74,964,10221,17,278,371.32,63.32,Tuesday,9,0
SRV-025,26-05-2026 12:00,File,Linux,95.13,67.21,71.7,64.54,1621.44,1142.9,26.03,353.21,763,8257,17,353,607.06,61.1,Tuesday,12,0
SRV-023,26-05-2026 12:30,API,Linux,99.0,68.08,44.84,99.0,2006.33,1588.55,26.06,415.33,711,10748,16,298,1063.57,67.55,Tuesday,12,1
SRV-053,26-05-2026 13:30,File,Linux,56.91,47.62,50.64,68.65,1580.57,1291.33,15.96,176.39,831,8304,4,194,813.17,53.4,Tuesday,13,0
SRV-071,26-05-2026 13:30,Web,Linux,80.52,68.47,14.47,84.15,2146.83,1455.41,29.83,341.7,1066,10369,19,307,1055.97,55.48,Tuesday,13,0
SRV-006,26-05-2026 14:30,API,Windows Server,78.74,81.46,68.14,92.82,2108.21,1646.78,21.22,361.48,1313,10760,10,198,857.88,62.99,Tuesday,14,0
SRV-087,26-05-2026 14:30,Application,Linux,98.06,70.58,47.83,94.14,1869.24,1404.94,31.53,368.56,910,10060,11,332,1377.05,68.34,Tuesday,14,0
SRV-025,26-05-2026 15:00,File,Linux,73.84,76.18,64.53,59.29,1631.68,1139.92,23.17,295.03,662,8228,7,204,334.54,53.78,Tuesday,15,0
SRV-025,26-05-2026 15:30,File,Linux,74.21,60.75,25.42,64.34,1532.98,1115.78,19.63,347.76,973,8229,10,322,606.32,58.36,Tuesday,15,0
SRV-024,26-05-2026 19:00,API,Linux,69.16,54.54,49.14,64.29,1440.74,1093.21,33.68,303.73,773,7236,3,287,1245.41,61.61,Tuesday,19,0
SRV-024,26-05-2026 19:30,API,Linux,48.14,55.63,60.85,39.46,1406.73,1029.49,23.35,209.72,691,7122,6,231,578.52,44.58,Tuesday,19,0
SRV-093,26-05-2026 20:30,Database,Linux,60.81,74.04,64.8,72.36,1544.24,1059.67,27.64,304.6,658,7472,11,254,818.2,57.07,Tuesday,20,0
SRV-029,26-05-2026 21:00,Web,Linux,82.34,62.77,30.73,63.97,1470.52,935.77,30.86,377.0,842,7024,19,353,586.79,58.35,Tuesday,21,0
SRV-099,26-05-2026 22:00,Web,Linux,57.26,83.88,49.46,62.01,1444.01,1012.57,24.27,285.55,528,7107,4,240,925.04,52.78,Tuesday,22,0
SRV-008,27-05-2026 00:00,File,Linux,53.18,37.88,51.05,52.18,1086.87,781.68,24.04,236.12,499,5858,6,200,1302.02,48.94,Wednesday,0,0
SRV-056,27-05-2026 00:00,File,Windows Server,67.22,66.14,43.03,67.57,997.08,868.87,23.46,349.05,435,5870,11,218,202.45,57.83,Wednesday,0,0
SRV-015,27-05-2026 00:30,Database,Linux,60.6,73.51,44.97,48.13,1496.57,1050.69,28.24,321.46,640,7542,10,249,1082.29,56.6,Wednesday,0,0
SRV-024,27-05-2026 00:30,API,Linux,78.26,60.83,31.68,45.72,1380.15,1083.62,18.37,310.57,565,7152,9,272,447.99,59.39,Wednesday,0,0
SRV-064,27-05-2026 01:00,File,Linux,50.43,64.0,49.5,47.73,1177.35,828.0,22.38,265.32,471,5861,8,273,384.07,45.86,Wednesday,1,0
SRV-030,27-05-2026 01:00,Application,Linux,62.55,76.21,57.72,63.85,1390.5,1026.63,19.43,302.16,553,6841,5,259,1500.38,51.66,Wednesday,1,0
SRV-026,27-05-2026 02:30,Web,Linux,73.07,51.53,58.8,34.86,1376.11,1131.2,22.61,251.57,581,7153,8,322,415.15,52.09,Wednesday,2,0
SRV-049,27-05-2026 03:30,Application,Linux,66.38,50.3,53.28,58.97,1456.88,955.41,20.72,346.37,639,6896,9,293,1238.48,50.57,Wednesday,3,0
SRV-058,27-05-2026 04:30,Application,Windows Server,53.91,61.76,40.63,64.09,1310.65,964.31,25.25,303.69,857,6767,16,300,1314.26,61.74,Wednesday,4,0
SRV-005,27-05-2026 05:00,Web,Windows Server,79.47,65.85,67.6,51.03,1384.73,968.97,25.44,274.36,836,6946,10,306,1005.65,59.49,Wednesday,5,0
SRV-084,27-05-2026 06:00,Web,Linux,64.17,58.48,53.14,52.57,1358.57,977.31,30.57,334.42,657,6933,11,254,701.77,56.93,Wednesday,6,0
SRV-080,27-05-2026 10:30,File,Windows Server,63.04,56.72,65.54,86.53,1620.56,1207.52,30.09,312.65,952,8173,9,285,1331.68,58.14,Wednesday,10,0
SRV-084,27-05-2026 11:00,Web,Linux,82.89,72.41,62.13,83.82,1970.49,1539.97,28.09,316.81,818,10547,12,327,331.4,62.37,Wednesday,11,0
SRV-091,27-05-2026 12:30,Web,Windows Server,94.21,60.46,60.42,80.48,2016.41,1540.92,25.77,334.02,979,10329,11,325,463.3,66.65,Wednesday,12,0
SRV-099,27-05-2026 13:30,Web,Linux,66.89,68.99,34.84,65.22,2000.44,1524.98,30.55,294.88,1141,10310,13,256,406.04,61.08,Wednesday,13,0
SRV-025,27-05-2026 13:30,File,Linux,79.9,59.96,55.88,61.48,1674.43,1270.18,30.31,283.44,903,8181,16,341,761.29,67.49,Wednesday,13,0
SRV-035,27-05-2026 14:00,Database,Linux,84.59,78.86,31.8,87.8,2156.69,1539.13,34.26,325.95,1045,11090,14,272,780.03,64.85,Wednesday,14,0
SRV-032,27-05-2026 14:00,API,Windows Server,67.45,87.05,46.67,59.61,2046.27,1623.87,17.04,327.11,989,11086,12,268,493.79,56.23,Wednesday,14,0
SRV-045,27-05-2026 14:30,File,Linux,83.51,60.77,53.91,75.63,1552.17,1192.42,24.15,365.19,907,8239,17,257,400.98,57.18,Wednesday,14,0
SRV-012,27-05-2026 14:30,API,Linux,81.2,76.7,43.13,96.16,2108.68,1560.37,20.75,333.29,1093,10641,11,313,1106.95,50.45,Wednesday,14,0
SRV-007,27-05-2026 15:30,File,Linux,81.07,70.4,35.76,64.06,1618.93,1187.8,24.5,308.86,681,8255,20,319,1089.37,59.48,Wednesday,15,0
SRV-064,27-05-2026 15:30,File,Linux,72.55,61.17,51.17,46.29,1614.97,1272.68,20.8,300.06,617,8257,9,288,810.81,55.54,Wednesday,15,0
SRV-090,27-05-2026 18:30,Application,Linux,81.6,69.42,54.89,79.5,1304.82,1077.04,29.33,324.2,593,6755,7,266,180.07,59.11,Wednesday,18,0
SRV-001,27-05-2026 19:30,File,Windows Server,58.69,62.23,54.23,64.98,1107.69,781.33,22.73,274.06,504,5968,5,238,237.43,58.49,Wednesday,19,0
SRV-074,27-05-2026 21:30,Web,Windows Server,41.3,58.78,68.22,63.84,1288.88,1013.03,34.1,279.43,653,6935,7,158,717.75,57.11,Wednesday,21,0
SRV-044,27-05-2026 22:30,Database,Linux,88.96,53.71,33.34,58.83,1422.8,1131.44,23.38,344.84,414,7433,12,257,667.36,62.11,Wednesday,22,0
SRV-038,27-05-2026 22:30,Database,Linux,72.8,68.42,65.87,67.07,1450.86,1064.21,25.9,260.59,567,7479,9,208,947.36,62.17,Wednesday,22,0
SRV-015,27-05-2026 23:00,Database,Linux,64.48,53.65,41.95,49.93,1415.02,1109.75,14.88,283.56,780,7484,4,295,1218.51,55.62,Wednesday,23,0
SRV-047,27-05-2026 23:30,Database,Linux,73.57,53.67,60.55,55.04,1536.79,998.96,31.08,311.88,875,7417,10,309,643.47,59.88,Wednesday,23,0
SRV-098,28-05-2026 00:00,Web,Windows Server,73.88,67.82,50.88,53.32,1364.35,997.05,23.74,290.96,411,7023,11,267,478.08,57.01,Thursday,0,0
SRV-015,28-05-2026 00:30,Database,Linux,74.79,57.06,65.86,49.21,1555.54,1088.29,22.06,268.54,639,7364,7,315,479.57,56.47,Thursday,0,0
SRV-010,28-05-2026 01:00,Database,Windows Server,78.32,55.61,66.27,89.41,1462.35,1088.41,24.15,320.98,690,7523,8,297,574.19,55.88,Thursday,1,0
SRV-066,28-05-2026 01:30,Application,Linux,56.05,70.38,68.33,40.14,1400.29,1033.64,21.03,291.33,674,7000,12,164,923.19,54.22,Thursday,1,0
SRV-064,28-05-2026 01:30,File,Linux,72.5,57.95,78.03,54.29,1093.43,854.1,23.19,301.56,592,5926,8,231,847.26,53.33,Thursday,1,0
SRV-072,28-05-2026 02:30,Database,Linux,72.36,62.67,75.23,72.24,1498.72,1188.35,35.23,322.24,748,7393,8,233,576.6,54.07,Thursday,2,0
SRV-018,28-05-2026 02:30,Web,Windows Server,41.09,68.64,71.95,59.35,1351.7,1051.96,22.6,268.38,467,7023,6,188,337.84,49.16,Thursday,2,0
SRV-097,28-05-2026 03:00,Database,Linux,52.32,84.04,73.81,35.22,1376.56,1063.5,26.14,287.4,697,7338,15,254,975.86,54.28,Thursday,3,0
SRV-038,28-05-2026 03:00,Database,Linux,59.3,54.8,61.91,43.6,1426.64,1080.15,26.77,276.77,583,7330,11,279,619.87,50.92,Thursday,3,0
SRV-034,28-05-2026 05:00,Database,Linux,49.69,81.48,53.22,55.93,1500.28,1124.95,5.58,254.24,541,7498,11,256,1065.62,45.75,Thursday,5,0
SRV-062,28-05-2026 05:30,Database,Windows Server,43.08,63.28,74.68,43.57,1462.11,1027.02,22.38,223.9,569,7456,7,281,569.55,45.28,Thursday,5,0
SRV-010,28-05-2026 05:30,Database,Windows Server,79.44,69.75,49.6,68.95,1452.62,1079.73,38.85,432.88,891,7402,13,213,1354.97,64.63,Thursday,5,0
SRV-097,28-05-2026 06:00,Database,Linux,68.32,62.55,68.77,68.88,1473.16,1124.76,11.69,291.46,646,7464,6,270,347.96,58.18,Thursday,6,0
SRV-079,28-05-2026 06:30,Application,Windows Server,68.88,52.44,68.72,64.12,1409.82,1050.12,11.85,254.31,186,6902,8,354,1928.84,55.71,Thursday,6,0
SRV-072,28-05-2026 09:00,Database,Linux,80.41,74.49,51.31,81.25,2176.35,1605.82,27.84,274.98,1095,11106,9,335,896.98,64.38,Thursday,9,0
SRV-027,28-05-2026 10:30,Database,Linux,72.71,93.11,52.44,63.91,2096.36,1572.81,23.92,352.37,1190,10849,13,253,451.26,62.96,Thursday,10,0
SRV-044,28-05-2026 11:00,Database,Linux,82.02,97.69,58.58,80.0,2155.04,1525.4,33.25,399.56,1258,11083,15,266,1920.59,56.13,Thursday,11,1
SRV-011,28-05-2026 11:30,Database,Linux,82.14,77.38,56.73,99.0,2122.99,1694.11,26.73,341.25,1031,11276,16,299,929.0,56.375,Thursday,11,0
SRV-074,28-05-2026 11:30,Web,Windows Server,84.42,67.24,53.22,78.9,2008.43,1476.66,28.63,348.21,1011,10437,15,347,458.0,61.59,Thursday,11,0
SRV-056,28-05-2026 12:30,File,Windows Server,69.82,69.12,61.58,58.06,1704.14,1138.18,33.24,319.85,881,8191,9,289,354.53,55.26,Thursday,12,0
SRV-057,28-05-2026 12:30,Database,Linux,75.15,96.74,59.05,83.96,2281.13,1639.97,30.06,333.26,1014,10951,21,253,1299.42,60.81,Thursday,12,0
SRV-017,28-05-2026 13:30,Application,Windows Server,70.07,64.76,60.32,81.3,1972.93,1469.36,25.71,263.66,827,10080,7,268,729.44,60.79,Thursday,13,0
SRV-062,28-05-2026 13:30,Database,Windows Server,76.49,72.53,53.69,82.5,2022.52,1635.8,35.13,288.58,1139,11149,12,315,518.98,61.99,Thursday,13,0
SRV-008,28-05-2026 14:30,File,Linux,77.01,74.61,44.37,71.08,1584.16,1136.09,29.71,313.49,908,8172,11,256,965.05,55.55,Thursday,14,0
SRV-017,28-05-2026 15:30,Application,Windows Server,77.64,75.95,49.59,57.52,2005.17,1500.3,26.17,335.01,1159,10137,12,245,796.1,56.82,Thursday,15,0
SRV-084,28-05-2026 15:30,Web,Linux,77.07,87.45,70.12,58.63,1922.54,1459.83,29.16,349.08,881,10185,13,297,545.76,57.29,Thursday,15,0
SRV-049,28-05-2026 15:30,Application,Linux,79.61,72.9,55.14,86.64,1990.89,1347.96,23.05,361.47,784,10003,10,318,419.41,60.47,Thursday,15,0
SRV-036,28-05-2026 17:00,Web,Linux,55.45,67.62,57.57,81.66,1954.1,1540.17,33.94,297.02,986,10483,14,229,308.57,50.2,Thursday,17,0
SRV-044,28-05-2026 18:00,Database,Linux,81.26,87.94,43.16,58.15,2200.85,1665.89,25.48,358.06,1303,10880,15,294,866.26,54.46,Thursday,18,0
SRV-055,28-05-2026 18:00,Application,Linux,70.15,68.19,84.21,91.25,1837.4,1437.89,21.38,273.63,950,9854,8,259,933.75,55.86,Thursday,18,0
SRV-025,28-05-2026 18:00,File,Linux,70.19,69.44,66.4,79.13,1568.29,1215.57,36.33,349.75,1052,8234,7,306,446.62,59.58,Thursday,18,0
SRV-059,28-05-2026 18:30,Web,Windows Server,73.19,61.97,72.39,50.16,1440.19,1088.37,26.47,331.72,801,7232,8,317,1087.5,52.35,Thursday,18,0
SRV-023,28-05-2026 19:30,API,Linux,68.35,55.29,49.12,65.34,1434.01,1084.71,23.52,283.24,846,7368,8,238,1368.14,57.36,Thursday,19,0
SRV-029,28-05-2026 20:00,Web,Linux,67.89,83.29,69.17,67.75,1154.73,924.88,19.87,309.78,704,7060,9,243,490.69,54.73,Thursday,20,0
SRV-010,28-05-2026 20:30,Database,Windows Server,81.05,61.42,50.92,70.47,1510.96,1020.12,26.61,283.3,812,7357,8,329,1002.61,66.81,Thursday,20,0
SRV-100,28-05-2026 22:00,API,Linux,72.13,43.2,63.04,77.38,1468.24,1069.19,23.25,289.07,520,7104,9,276,226.14,57.12,Thursday,22,0
SRV-086,28-05-2026 23:00,Web,Windows Server,70.35,71.2,52.25,46.24,1446.46,1002.72,22.34,291.36,766,7103,10,328,716.09,59.28,Thursday,23,0
SRV-059,29-05-2026 00:30,Web,Windows Server,56.67,59.94,71.07,67.19,1284.28,1013.06,27.9,311.29,567,7047,7,287,430.55,52.79,Friday,0,0
SRV-043,29-05-2026 01:00,Application,Windows Server,56.79,51.82,64.15,56.55,1364.5,986.55,19.95,346.01,631,6870,12,183,723.84,57.52,Friday,1,0
SRV-056,29-05-2026 03:30,File,Windows Server,61.98,51.55,65.47,43.84,1116.56,961.28,22.62,251.25,713,5773,16,207,1281.41,46.15,Friday,3,0
SRV-084,29-05-2026 04:30,Web,Linux,81.91,51.84,61.5,53.22,1391.85,1014.52,22.89,265.55,461,7008,8,331,481.45,57.89,Friday,4,0
SRV-100,29-05-2026 06:30,API,Linux,74.21,50.65,39.56,55.56,1443.8,1028.61,24.45,266.77,644,7313,10,295,512.91,55.41,Friday,6,0
SRV-031,29-05-2026 08:00,Application,Linux,71.91,48.48,63.61,49.43,1249.93,1056.46,23.84,344.4,379,6928,14,275,987.33,61.94,Friday,8,0
SRV-024,29-05-2026 08:30,API,Linux,50.78,51.66,56.76,39.93,1427.03,1111.05,20.33,257.09,814,7374,11,269,786.96,51.62,Friday,8,0
SRV-018,29-05-2026 08:30,Web,Windows Server,61.02,78.6,53.13,53.56,1428.34,984.56,13.57,333.58,689,7096,5,244,601.78,45.87,Friday,8,0
SRV-086,29-05-2026 09:00,Web,Windows Server,72.21,79.06,51.4,72.26,2003.57,1552.67,25.98,399.85,890,10593,14,266,645.25,56.07,Friday,9,0
SRV-071,29-05-2026 09:30,Web,Linux,76.52,69.92,60.99,95.24,1962.77,1590.69,29.93,292.52,756,10529,7,298,1250.6,59.62,Friday,9,0
SRV-036,29-05-2026 09:30,Web,Linux,72.79,82.95,63.47,84.96,2078.6,1542.54,24.0,377.39,898,10319,16,303,939.9,65.24,Friday,9,0
SRV-045,29-05-2026 10:00,File,Linux,67.04,37.4,43.52,76.86,1568.67,1282.59,25.36,270.87,830,8337,9,348,421.31,55.74,Friday,10,0
SRV-055,29-05-2026 10:30,Application,Linux,75.4,77.74,57.98,91.54,1935.55,1554.38,29.81,307.23,1048,10100,10,306,358.97,57.66,Friday,10,0
SRV-059,29-05-2026 14:30,Web,Windows Server,81.55,81.44,69.26,61.95,1934.9,1566.8,31.63,416.58,938,10415,15,338,949.16,61.65,Friday,14,0
SRV-098,29-05-2026 16:00,Web,Windows Server,61.09,66.3,52.44,83.03,1967.52,1498.69,26.11,359.37,865,10297,12,278,1194.78,55.63,Friday,16,0
SRV-045,29-05-2026 16:30,File,Linux,76.28,80.09,61.39,62.04,1538.86,1113.79,24.37,308.93,767,8176,14,376,1051.47,61.44,Friday,16,0
SRV-034,29-05-2026 17:00,Database,Linux,88.94,82.86,60.03,98.28,2182.1,1610.17,28.64,322.56,967,10876,14,347,189.18,63.25,Friday,17,0
SRV-074,29-05-2026 17:00,Web,Windows Server,66.61,75.37,38.58,66.48,2005.3,1523.22,18.34,347.79,1037,10166,13,277,827.32,65.25,Friday,17,0
SRV-047,29-05-2026 17:30,Database,Linux,83.61,78.18,64.79,93.95,2063.15,1677.16,27.94,327.86,1146,10897,12,273,156.53,63.65,Friday,17,0
SRV-080,29-05-2026 17:30,File,Windows Server,82.33,59.85,54.36,81.19,1609.43,1160.9,26.12,367.83,780,8294,16,288,617.66,55.7,Friday,17,0
SRV-065,29-05-2026 18:00,Application,Linux,82.17,75.4,65.83,77.47,1951.85,1446.14,24.13,305.78,832,9995,11,290,187.79,61.54,Friday,18,0
SRV-066,29-05-2026 19:00,Application,Linux,59.7,71.91,72.62,44.41,1374.67,947.2,26.49,305.82,657,6896,11,180,878.94,51.8,Friday,19,0
SRV-047,29-05-2026 19:00,Database,Linux,85.78,54.55,51.74,62.27,1400.07,1091.46,22.04,307.51,646,7353,10,283,922.27,56.04,Friday,19,0
SRV-046,29-05-2026 20:00,File,Linux,65.06,64.71,51.87,66.87,1161.97,826.24,22.96,290.59,492,5821,11,266,1143.31,53.75,Friday,20,0
SRV-081,29-05-2026 20:30,Application,Windows Server,67.61,61.67,53.65,60.29,1385.55,922.83,27.38,324.63,605,6863,8,272,688.92,59.13,Friday,20,0
SRV-054,30-05-2026 03:30,Application,Linux,65.1,54.52,28.18,53.92,1140.23,862.59,33.07,287.11,599,5757,8,255,406.97,56.77,Saturday,3,0
SRV-061,30-05-2026 04:00,Application,Linux,42.8,57.26,74.21,45.22,1152.99,896.63,27.47,306.97,587,5725,5,232,514.27,49.06,Saturday,4,0
SRV-093,30-05-2026 04:00,Database,Linux,83.45,44.43,47.96,67.46,1262.9,806.05,16.55,308.35,549,6190,8,311,220.56,61.25,Saturday,4,0
SRV-062,30-05-2026 05:30,Database,Windows Server,61.53,53.38,68.84,66.22,1157.53,866.22,20.93,280.28,447,6136,11,249,1150.85,60.46,Saturday,5,0
SRV-020,30-05-2026 06:00,Application,Linux,65.3,66.82,63.4,37.05,1133.51,777.72,23.46,343.13,577,5571,14,258,1218.94,57.17,Saturday,6,0
SRV-031,30-05-2026 07:30,Application,Linux,42.64,60.79,61.2,45.45,1006.42,861.79,15.45,202.1,513,5631,5,273,448.21,51.22,Saturday,7,0
SRV-004,30-05-2026 09:30,Application,Windows Server,62.7,58.49,54.67,59.24,1573.48,1166.12,21.02,291.87,794,7808,16,368,288.5,55.01,Saturday,9,0
SRV-013,30-05-2026 12:00,Application,Linux,73.62,83.85,48.38,49.46,1554.02,1151.19,26.55,316.18,1036,7825,10,279,1057.42,48.5,Saturday,12,0
SRV-031,30-05-2026 12:00,Application,Linux,54.21,66.98,63.77,64.55,1674.0,1180.77,25.08,243.99,775,8031,10,269,1041.23,50.82,Saturday,12,0
SRV-087,30-05-2026 13:30,Application,Linux,68.12,62.79,44.23,36.82,1505.01,1228.37,33.51,366.3,722,7867,14,245,365.68,54.92,Saturday,13,0
SRV-037,30-05-2026 14:00,Web,Windows Server,65.43,63.93,50.01,71.36,1489.96,1179.0,24.5,372.44,682,8066,12,322,908.28,57.68,Saturday,14,0
SRV-069,30-05-2026 14:30,Web,Linux,66.99,72.93,62.3,62.27,1692.87,1193.37,17.25,293.67,745,7990,10,227,348.9,57.24,Saturday,14,0
SRV-047,30-05-2026 15:00,Database,Linux,75.88,60.83,58.13,80.95,1727.0,1366.18,28.82,362.86,881,8846,15,280,1151.94,55.66,Saturday,15,0
SRV-063,30-05-2026 16:30,Application,Linux,60.22,62.22,51.91,61.63,1649.25,1130.05,14.61,200.35,748,7880,8,243,426.14,55.39,Saturday,16,0
SRV-087,30-05-2026 17:30,Application,Linux,67.51,47.4,74.12,52.81,1552.01,1130.01,30.44,284.11,524,7840,7,209,500.47,51.58,Saturday,17,0
SRV-078,30-05-2026 19:30,Application,Windows Server,53.76,52.6,47.58,61.81,1069.97,949.8,19.61,265.8,622,5642,9,245,753.09,48.45,Saturday,19,0
SRV-095,30-05-2026 20:30,Database,Linux,70.36,60.72,43.71,51.13,1249.73,930.1,17.67,288.84,504,6137,7,239,717.69,53.79,Saturday,20,0
SRV-024,30-05-2026 21:00,API,Linux,54.39,49.81,45.32,50.55,1154.2,838.39,26.64,263.27,671,6059,10,250,302.87,53.58,Saturday,21,0
SRV-024,30-05-2026 21:30,API,Linux,58.29,71.6,29.09,53.16,1114.39,884.98,24.75,314.16,544,5799,11,264,506.95,53.28,Saturday,21,0
SRV-074,30-05-2026 22:30,Web,Windows Server,52.95,51.74,72.7,51.94,1169.97,852.32,24.32,213.46,501,5925,4,178,673.11,46.83,Saturday,22,0
SRV-008,30-05-2026 23:30,File,Linux,40.18,70.22,65.9,69.42,956.92,693.16,16.46,289.75,639,5136,4,226,1120.35,48.92,Saturday,23,0
SRV-066,30-05-2026 23:30,Application,Linux,77.27,43.88,73.3,36.23,1111.26,860.49,19.03,244.48,840,5808,9,374,753.21,54.81,Saturday,23,0
SRV-048,31-05-2026 00:00,Web,Linux,62.4,51.68,63.05,45.76,1167.47,730.87,27.48,268.1,464,5836,7,239,631.65,59.39,Sunday,0,0
SRV-002,31-05-2026 00:00,Database,Windows Server,81.12,50.33,50.77,52.42,1184.97,873.83,23.21,265.61,507,6062,6,284,541.67,67.07,Sunday,0,0
SRV-074,31-05-2026 02:00,Web,Windows Server,62.67,65.95,48.82,50.69,1166.02,842.8,11.17,283.08,341,5970,10,280,1346.36,57.22,Sunday,2,0
SRV-085,31-05-2026 03:30,Web,Windows Server,66.56,70.39,55.2,77.44,1106.69,843.21,23.47,330.23,466,5919,8,283,740.69,52.01,Sunday,3,0
SRV-018,31-05-2026 05:30,Web,Windows Server,50.38,55.12,75.48,51.12,1142.31,847.69,20.71,271.38,374,5801,6,231,935.19,48.5,Sunday,5,0
SRV-009,31-05-2026 06:30,Web,Linux,56.32,58.63,53.83,58.84,1026.7,938.92,21.88,353.52,636,5650,12,203,257.8,59.15,Sunday,6,0
SRV-053,31-05-2026 07:00,File,Linux,39.61,72.93,36.32,29.62,1022.77,749.97,19.68,245.38,531,5189,8,231,264.33,40.23,Sunday,7,0
SRV-018,31-05-2026 08:00,Web,Windows Server,54.91,50.75,75.83,41.87,1136.74,803.28,25.97,236.91,593,5685,7,245,1509.97,52.19,Sunday,8,0
SRV-077,31-05-2026 08:00,Web,Linux,78.69,64.7,38.35,75.79,1157.84,883.03,32.13,330.66,604,5825,7,258,793.78,55.53,Sunday,8,0
SRV-078,31-05-2026 11:00,Application,Windows Server,66.13,48.24,71.2,55.73,1547.59,1120.31,16.32,311.44,618,7813,11,246,711.94,54.15,Sunday,11,0
SRV-015,31-05-2026 11:00,Database,Linux,56.11,64.58,58.18,56.94,1689.81,1255.48,27.14,255.05,774,8602,16,228,652.86,52.56,Sunday,11,0
SRV-076,31-05-2026 15:30,Web,Linux,50.34,73.54,60.0,39.24,1655.64,1146.51,27.01,338.9,1012,8153,11,246,1004.78,51.04,Sunday,15,0
SRV-053,31-05-2026 15:30,File,Linux,70.16,73.52,73.49,38.3,1283.86,918.06,23.57,327.48,633,6821,15,319,478.85,50.03,Sunday,15,0
SRV-045,31-05-2026 20:00,File,Linux,41.89,37.59,39.48,24.43,983.98,592.81,26.93,252.19,578,5039,6,236,1496.69,44.59,Sunday,20,0
SRV-093,31-05-2026 21:00,Database,Linux,61.72,48.07,59.16,53.99,1232.58,840.25,27.41,284.38,603,6133,7,253,1654.8,55.3,Sunday,21,0
SRV-071,31-05-2026 21:00,Web,Linux,75.87,55.24,57.26,51.77,1231.91,898.01,29.69,323.2,551,5803,8,273,740.18,59.53,Sunday,21,0
SRV-026,01-06-2026 00:30,Web,Linux,62.96,70.28,51.53,54.95,1395.38,1097.56,25.09,309.61,775,6933,10,271,530.46,58.02,Monday,0,0
SRV-073,01-06-2026 02:30,API,Linux,66.49,63.37,57.33,36.26,1463.22,1150.73,25.42,291.5,601,7337,11,296,255.7,52.71,Monday,2,0
SRV-089,01-06-2026 02:30,Web,Windows Server,61.59,56.67,47.46,59.09,1313.74,997.42,24.06,283.88,527,7103,9,261,876.66,51.58,Monday,2,0
SRV-079,01-06-2026 04:30,Application,Windows Server,43.72,59.31,73.62,20.09,1192.14,937.71,25.61,258.68,653,6823,9,236,1388.86,47.32,Monday,4,0
SRV-018,01-06-2026 05:00,Web,Windows Server,64.99,59.51,55.03,56.58,1475.63,1019.37,23.54,324.56,639,7128,6,223,812.34,62.69,Monday,5,0
SRV-084,01-06-2026 06:30,Web,Linux,48.96,69.19,45.92,67.01,1398.86,959.66,18.11,319.45,619,7147,7,215,1018.21,54.6,Monday,6,0
SRV-078,01-06-2026 06:30,Application,Windows Server,52.09,46.25,49.0,56.89,1416.25,953.89,20.34,255.48,548,6847,11,227,705.16,52.4,Monday,6,0
SRV-095,01-06-2026 07:00,Database,Linux,55.71,41.43,61.07,41.62,1403.43,1081.44,23.96,305.66,571,7383,8,263,520.38,50.31,Monday,7,0
SRV-074,01-06-2026 07:00,Web,Windows Server,68.94,53.22,59.81,57.09,1408.16,1009.89,24.0,355.57,615,7138,14,306,742.96,56.5,Monday,7,0
SRV-041,01-06-2026 08:00,Database,Linux,79.06,56.75,57.62,65.43,1386.36,1066.69,28.37,255.15,745,7429,9,323,321.48,56.4,Monday,8,0
SRV-036,01-06-2026 10:30,Web,Linux,78.11,77.53,66.9,84.84,1999.89,1468.73,14.49,291.77,882,10309,12,309,1017.96,60.48,Monday,10,0
SRV-003,01-06-2026 12:30,API,Linux,83.72,77.74,63.88,86.65,2169.77,1545.06,30.78,316.86,894,10586,12,284,506.18,65.3,Monday,12,0
SRV-040,01-06-2026 12:30,Application,Linux,77.9,78.16,97.68,78.41,1907.42,1449.52,25.58,306.76,925,10115,11,291,729.54,59.89,Monday,12,0
SRV-046,01-06-2026 13:30,File,Linux,69.84,76.7,71.87,60.51,1660.63,1177.05,26.26,326.71,738,8263,8,334,533.6,55.88,Monday,13,0
SRV-074,01-06-2026 14:30,Web,Windows Server,86.05,87.48,44.36,67.71,2010.26,1503.17,40.03,360.53,1116,10357,11,347,666.71,63.52,Monday,14,0
SRV-045,01-06-2026 15:30,File,Linux,62.89,48.65,70.9,61.09,1624.02,1237.25,20.91,288.73,781,8255,15,256,1162.91,59.28,Monday,15,0
SRV-034,01-06-2026 17:00,Database,Linux,84.22,76.05,43.66,70.78,2153.01,1528.79,25.63,299.15,877,10963,11,277,829.05,65.4,Monday,17,0
SRV-075,01-06-2026 17:30,Web,Linux,73.26,66.15,56.34,63.1,2092.2,1530.78,21.41,293.64,800,10449,17,262,561.34,55.94,Monday,17,0
SRV-057,01-06-2026 17:30,Database,Linux,80.32,79.3,51.61,73.33,2108.84,1686.93,26.6,316.91,1153,10875,18,314,775.6,67.13,Monday,17,0
SRV-008,01-06-2026 18:00,File,Linux,65.05,53.67,40.46,71.56,1744.37,1222.59,14.88,286.67,856,8174,11,317,1148.42,51.5,Monday,18,0
SRV-001,02-06-2026 00:00,File,Windows Server,65.27,55.62,55.69,43.26,1104.37,926.0,16.99,296.23,323,5815,8,253,464.13,53.85,Tuesday,0,0
SRV-057,02-06-2026 00:30,Database,Linux,81.76,64.82,70.3,64.01,1489.96,967.09,32.2,347.06,820,7417,7,307,1362.36,56.12,Tuesday,0,0
SRV-085,02-06-2026 00:30,Web,Windows Server,63.72,73.69,72.94,64.26,1280.79,1057.49,32.68,284.7,633,6948,11,223,914.85,57.65,Tuesday,0,0
SRV-093,02-06-2026 01:00,Database,Linux,81.01,79.99,44.37,67.94,1479.85,1092.06,17.93,356.1,607,7540,16,342,716.07,56.97,Tuesday,1,0
SRV-003,02-06-2026 01:30,API,Linux,48.21,65.01,74.11,62.89,1302.54,1005.8,21.16,255.52,741,7275,9,221,949.58,58.45,Tuesday,1,0
SRV-075,02-06-2026 01:30,Web,Linux,55.76,76.61,73.76,32.9,1439.27,1051.1,19.82,300.98,589,7100,5,217,494.28,50.19,Tuesday,1,0
SRV-022,02-06-2026 02:00,Database,Linux,49.34,74.7,61.95,40.86,1416.55,1130.04,19.83,274.58,765,7557,5,263,1032.26,53.09,Tuesday,2,0
SRV-011,02-06-2026 03:00,Database,Linux,67.76,66.38,24.68,60.71,1432.02,1013.61,24.71,349.04,743,7496,11,291,1972.95,56.25,Tuesday,3,0
SRV-006,02-06-2026 04:30,API,Windows Server,92.66,80.76,66.35,82.35,1396.39,1076.68,30.45,379.99,929,7148,14,329,315.29,61.16,Tuesday,4,0
SRV-086,02-06-2026 05:00,Web,Windows Server,51.96,60.78,55.32,53.28,1449.08,1006.73,19.81,306.23,564,6905,9,235,476.7,44.13,Tuesday,5,0
SRV-012,02-06-2026 05:30,API,Linux,72.06,65.0,48.02,53.74,1414.95,1110.24,29.08,289.17,639,7156,8,285,928.77,57.69,Tuesday,5,0
SRV-025,02-06-2026 06:00,File,Linux,83.89,53.07,55.16,42.75,1104.52,942.61,24.99,295.15,643,5866,12,325,805.81,55.66,Tuesday,6,0
SRV-014,02-06-2026 07:30,File,Linux,55.19,62.61,60.51,27.84,1249.26,861.2,29.24,246.29,574,5888,7,225,936.68,48.42,Tuesday,7,0
SRV-039,02-06-2026 08:00,Web,Windows Server,61.12,57.22,52.54,64.73,1440.45,1016.02,26.5,278.81,848,7106,10,210,645.56,53.13,Tuesday,8,0
SRV-028,02-06-2026 08:30,Web,Linux,77.67,57.12,60.16,68.22,1434.08,1025.48,31.93,249.47,569,7015,6,312,1348.38,57.6,Tuesday,8,0
SRV-034,02-06-2026 09:30,Database,Linux,97.85,79.26,40.3,99.0,2140.82,1689.69,24.95,337.02,961,10957,12,309,315.98,71.18,Tuesday,9,0
SRV-033,02-06-2026 09:30,Database,Linux,90.19,86.96,28.69,81.62,2109.08,1599.59,36.51,384.13,1233,11225,15,315,894.62,68.09,Tuesday,9,0
SRV-096,02-06-2026 10:30,Application,Linux,96.03,67.31,48.01,80.97,1933.01,1496.89,30.85,336.41,873,10066,17,352,968.91,63.57,Tuesday,10,0
SRV-013,02-06-2026 12:00,Application,Linux,71.51,68.83,69.59,56.65,2032.59,1416.6,31.28,329.03,955,10126,12,306,507.77,59.2,Tuesday,12,0
SRV-001,02-06-2026 12:00,File,Windows Server,67.01,94.68,62.75,69.19,1628.4,1207.19,19.7,285.27,1001,8269,16,268,458.0,53.74,Tuesday,12,0
SRV-020,02-06-2026 12:30,Application,Linux,85.0,83.51,52.63,61.57,1954.27,1484.57,38.91,395.9,1213,9952,14,313,503.93,58.35,Tuesday,12,0
SRV-093,02-06-2026 12:30,Database,Linux,88.06,80.22,48.11,84.33,2136.07,1599.03,27.5,379.15,1042,11107,13,276,532.66,62.28,Tuesday,12,0
SRV-013,02-06-2026 12:30,Application,Linux,80.2,82.02,23.54,69.73,2015.92,1457.67,32.61,348.59,1000,10103,10,302,635.05,62.35,Tuesday,12,0
SRV-077,02-06-2026 13:00,Web,Linux,78.92,65.44,69.94,99.0,1982.4,1550.64,22.84,355.77,1024,10432,15,305,360.03,56.29,Tuesday,13,0
SRV-034,02-06-2026 13:00,Database,Linux,96.25,70.46,62.28,99.0,2177.63,1569.06,21.99,337.3,1017,11168,18,352,853.56,69.59,Tuesday,13,0
SRV-052,02-06-2026 13:30,Web,Windows Server,65.6,76.19,56.17,59.66,2037.22,1534.47,26.02,292.94,1016,10375,9,284,669.03,57.76,Tuesday,13,0
SRV-050,02-06-2026 13:30,Web,Linux,80.4,88.21,49.68,99.0,1892.06,1493.6,32.24,343.86,925,10483,6,287,1257.77,65.09,Tuesday,13,0
SRV-068,02-06-2026 14:00,Database,Windows Server,57.5,85.66,53.96,83.98,2186.11,1591.42,22.6,306.61,844,10948,8,196,578.26,56.07,Tuesday,14,0
SRV-100,02-06-2026 17:00,API,Linux,93.37,76.44,60.41,76.4,1972.43,1536.2,30.23,373.9,1202,10698,11,344,771.66,67.98,Tuesday,17,0
SRV-080,02-06-2026 20:00,File,Windows Server,59.79,47.51,67.98,47.54,1134.6,827.34,21.01,245.44,383,5778,9,245,382.47,51.03,Tuesday,20,0
SRV-066,02-06-2026 20:00,Application,Linux,42.37,59.19,46.4,30.6,1336.83,1010.23,22.5,295.05,713,6869,9,187,889.03,43.9,Tuesday,20,0
SRV-055,02-06-2026 23:30,Application,Linux,65.54,49.18,54.74,55.28,1166.02,964.03,22.81,290.12,750,6733,7,255,756.71,54.52,Tuesday,23,0
SRV-077,03-06-2026 00:30,Web,Linux,56.25,75.28,51.89,40.64,1233.52,979.69,26.38,333.36,829,6961,14,329,855.99,47.78,Wednesday,0,0
SRV-035,03-06-2026 03:30,Database,Linux,86.31,63.78,48.94,66.86,1414.58,1112.44,31.79,365.85,717,7491,11,292,324.23,56.09,Wednesday,3,0
SRV-071,03-06-2026 03:30,Web,Linux,60.55,55.89,52.75,64.85,1198.49,1056.49,13.53,285.37,675,7015,9,288,468.17,53.5,Wednesday,3,0
SRV-085,03-06-2026 05:30,Web,Windows Server,48.75,66.48,54.89,53.98,1325.16,1006.83,27.13,302.16,861,6992,10,288,153.59,50.86,Wednesday,5,0
SRV-078,03-06-2026 06:00,Application,Windows Server,78.07,86.42,77.16,56.46,1377.47,997.17,26.51,304.62,701,6855,13,337,818.37,62.71,Wednesday,6,0
SRV-002,03-06-2026 06:30,Database,Windows Server,78.14,63.53,55.26,68.38,1360.03,1050.23,28.71,312.39,603,7370,13,375,901.33,61.74,Wednesday,6,0
SRV-075,03-06-2026 06:30,Web,Linux,42.97,59.08,40.54,74.52,1397.35,1058.65,21.09,326.19,505,6988,8,221,648.19,55.71,Wednesday,6,0
SRV-040,03-06-2026 09:00,Application,Linux,67.11,70.31,61.14,76.85,1967.72,1366.72,34.68,329.34,979,9792,7,215,792.47,55.07,Wednesday,9,0
SRV-002,03-06-2026 10:30,Database,Windows Server,64.54,68.71,57.98,87.47,2089.64,1616.31,26.11,344.06,1178,11182,13,257,947.77,55.54,Wednesday,10,0
SRV-007,03-06-2026 12:30,File,Linux,78.33,58.72,64.67,83.81,1614.33,1298.65,30.73,340.74,771,8333,7,277,742.73,58.45,Wednesday,12,0
SRV-039,03-06-2026 14:30,Web,Windows Server,81.75,65.82,81.59,99.0,1942.4,1571.96,32.48,370.39,1014,10240,9,312,245.13,60.02,Wednesday,14,0
SRV-024,03-06-2026 15:00,API,Linux,78.27,84.7,59.3,89.68,2134.52,1550.86,30.24,354.44,552,10641,10,339,394.85,60.09,Wednesday,15,0
SRV-004,03-06-2026 15:00,Application,Windows Server,96.1,53.47,45.59,75.88,1918.49,1381.94,22.67,365.76,983,9880,15,369,412.11,69.19,Wednesday,15,0
SRV-099,03-06-2026 15:00,Web,Linux,75.05,59.82,62.94,80.41,2086.72,1519.63,31.6,226.08,731,10315,6,279,366.43,62.52,Wednesday,15,0
SRV-011,03-06-2026 17:00,Database,Linux,67.55,83.09,56.51,88.64,2179.1,1625.79,26.73,380.11,1291,11047,10,285,1000.84,63.5,Wednesday,17,0
SRV-031,03-06-2026 17:30,Application,Linux,86.4,71.19,43.97,81.04,1999.86,1467.35,31.72,356.59,1093,10154,13,328,980.29,60.13,Wednesday,17,0
SRV-034,03-06-2026 18:00,Database,Linux,92.28,82.14,43.18,99.0,2150.54,1676.12,23.2,393.43,1073,10868,18,265,571.78,68.19,Wednesday,18,1
SRV-077,03-06-2026 18:30,Web,Linux,61.64,62.76,52.66,27.49,1374.7,973.84,24.08,292.55,477,6977,12,265,939.12,46.58,Wednesday,18,0
SRV-008,03-06-2026 19:00,File,Linux,60.73,25.36,57.26,57.11,1054.78,801.95,22.25,266.76,403,5923,4,278,737.94,53.55,Wednesday,19,0
SRV-069,03-06-2026 19:30,Web,Linux,59.0,40.29,64.98,69.27,1339.21,1000.91,20.66,292.24,740,6936,8,279,598.62,57.61,Wednesday,19,0
SRV-090,03-06-2026 21:00,Application,Linux,63.21,55.19,60.18,49.92,1389.1,1028.65,31.36,222.18,929,7010,9,207,910.52,54.82,Wednesday,21,0
SRV-062,03-06-2026 21:00,Database,Windows Server,77.63,41.12,53.11,57.8,1402.92,1081.49,26.51,270.8,876,7527,6,297,534.26,56.05,Wednesday,21,0
SRV-031,03-06-2026 21:30,Application,Linux,53.09,53.57,69.71,45.51,1320.65,904.93,27.11,268.92,571,6739,6,196,791.89,47.9,Wednesday,21,0
SRV-056,03-06-2026 21:30,File,Windows Server,47.76,47.7,58.18,44.59,1106.92,765.4,25.59,216.85,667,5933,6,248,939.7,55.2,Wednesday,21,0
SRV-033,03-06-2026 21:30,Database,Linux,79.17,58.38,53.91,49.79,1389.54,1044.88,28.98,336.12,780,7455,12,295,1619.57,55.27,Wednesday,21,0
SRV-068,03-06-2026 22:00,Database,Windows Server,62.93,62.59,69.41,70.25,1431.44,1154.15,22.68,284.74,597,7388,11,288,613.29,62.13,Wednesday,22,0
SRV-025,03-06-2026 22:30,File,Linux,70.89,56.33,52.22,63.51,1205.27,897.57,24.5,305.14,724,5983,11,276,901.75,61.79,Wednesday,22,0
SRV-090,04-06-2026 00:30,Application,Linux,46.4,64.45,57.97,39.22,1302.57,1036.77,27.63,236.17,788,6961,7,215,373.47,44.59,Thursday,0,0
SRV-035,04-06-2026 01:00,Database,Linux,83.0,53.52,65.1,61.56,1404.71,1010.99,22.17,309.3,651,7412,8,230,407.51,55.11,Thursday,1,0
SRV-100,04-06-2026 02:30,API,Linux,66.92,77.21,73.31,52.05,1536.95,1086.05,23.59,308.07,708,7183,13,304,2530.32,54.87,Thursday,2,0
SRV-006,04-06-2026 02:30,API,Windows Server,42.99,64.75,65.76,54.87,1383.5,1015.41,30.87,256.85,762,7239,3,223,583.36,54.74,Thursday,2,0
SRV-064,04-06-2026 03:30,File,Linux,80.33,59.81,72.16,54.1,1167.76,829.84,29.03,329.43,595,5885,11,293,667.68,55.47,Thursday,3,0
SRV-066,04-06-2026 04:00,Application,Linux,74.87,47.06,43.68,53.78,1400.48,956.71,33.86,324.83,745,6836,16,208,1208.62,54.28,Thursday,4,0
SRV-025,04-06-2026 04:30,File,Linux,51.9,61.84,59.24,39.79,1214.14,837.34,28.17,294.7,584,5909,15,273,958.7,45.63,Thursday,4,0
SRV-038,04-06-2026 04:30,Database,Linux,65.66,66.87,59.71,72.28,1383.17,1110.04,29.9,302.16,614,7559,14,243,702.8,53.15,Thursday,4,0
SRV-028,04-06-2026 05:30,Web,Linux,69.93,49.3,53.9,58.93,1406.34,1048.95,28.36,281.59,903,7040,8,312,441.26,55.12,Thursday,5,0
SRV-048,04-06-2026 06:30,Web,Linux,92.23,59.96,53.6,49.7,1340.51,1048.57,23.29,321.21,636,6915,6,305,1073.39,62.24,Thursday,6,0
SRV-091,04-06-2026 06:30,Web,Windows Server,75.47,78.77,69.32,39.66,1373.55,1067.36,22.33,253.13,639,7210,13,356,884.96,56.4,Thursday,6,0
SRV-094,04-06-2026 10:00,Database,Windows Server,95.18,76.24,42.43,95.61,1995.79,1601.16,31.81,363.59,926,10809,12,351,300.48,64.32,Thursday,10,0
SRV-050,04-06-2026 12:00,Web,Linux,72.82,76.16,64.23,99.0,1962.63,1529.62,16.92,324.15,938,10324,9,347,641.49,63.58,Thursday,12,0
SRV-029,04-06-2026 14:30,Web,Linux,77.99,74.87,52.48,83.95,1954.13,1592.08,22.51,338.34,988,10544,17,309,685.95,62.03,Thursday,14,0
SRV-078,04-06-2026 15:00,Application,Windows Server,61.05,77.99,46.6,75.01,1885.29,1465.81,25.07,273.07,849,9859,5,226,361.07,54.45,Thursday,15,0
SRV-053,04-06-2026 15:00,File,Linux,67.16,73.05,70.2,67.31,1626.96,1153.77,27.06,285.84,811,8185,18,296,860.53,51.58,Thursday,15,0
SRV-075,04-06-2026 15:30,Web,Linux,71.94,84.5,72.78,73.68,2002.95,1458.47,28.45,377.14,1101,10306,11,311,995.28,53.42,Thursday,15,0
SRV-006,04-06-2026 16:00,API,Windows Server,73.68,76.03,41.97,70.21,2028.13,1595.36,30.71,284.28,1035,10850,13,252,1117.37,61.38,Thursday,16,0
SRV-041,04-06-2026 17:30,Database,Linux,82.07,81.69,53.81,71.0,2142.13,1744.88,23.44,348.92,1054,11095,12,259,1676.84,56.92,Thursday,17,0
SRV-010,04-06-2026 18:00,Database,Windows Server,76.58,78.23,54.25,89.05,2178.58,1657.9,22.44,335.58,1181,11153,11,275,410.89,62.53,Thursday,18,0
SRV-098,04-06-2026 18:30,Web,Windows Server,35.93,76.46,58.43,31.56,1302.72,1057.33,18.96,278.95,658,7066,10,193,1499.54,44.02,Thursday,18,0
SRV-080,04-06-2026 22:00,File,Windows Server,30.61,52.6,39.84,28.86,1031.73,850.06,19.95,209.47,686,5974,9,231,943.44,45.34,Thursday,22,0
SRV-093,04-06-2026 22:00,Database,Linux,66.73,55.03,78.8,58.44,1457.35,1025.02,19.37,226.25,410,7263,10,214,912.9,55.83,Thursday,22,0
SRV-085,04-06-2026 23:00,Web,Windows Server,64.02,82.5,78.65,36.68,1414.76,1062.71,38.55,340.77,728,6968,13,261,927.43,57.49,Thursday,23,0
SRV-027,05-06-2026 00:30,Database,Linux,71.95,67.51,62.52,66.55,1484.82,1076.79,14.83,305.53,802,7401,11,216,728.49,54.76,Friday,0,0
SRV-037,05-06-2026 00:30,Web,Windows Server,60.75,55.33,64.62,21.39,1430.35,1054.24,22.46,261.92,225,7090,8,287,1230.23,52.42,Friday,0,0
SRV-080,05-06-2026 00:30,File,Windows Server,58.26,60.65,52.68,53.89,1200.65,830.49,21.16,377.91,691,5929,9,228,283.01,51.93,Friday,0,0
SRV-025,05-06-2026 01:00,File,Linux,71.61,51.1,61.4,38.64,1113.74,836.58,33.42,313.77,618,5767,8,235,323.65,54.77,Friday,1,0
SRV-005,05-06-2026 01:30,Web,Windows Server,70.15,60.26,64.6,68.02,1464.51,1066.76,25.25,278.0,875,7032,7,280,1036.13,57.69,Friday,1,0
SRV-045,05-06-2026 01:30,File,Linux,63.1,65.03,38.61,52.04,1123.15,811.32,20.01,237.79,536,5953,11,282,851.59,46.55,Friday,1,0
SRV-037,05-06-2026 02:00,Web,Windows Server,61.64,57.91,52.77,66.48,1236.36,989.67,24.65,350.63,477,6965,10,259,528.13,58.8,Friday,2,0
SRV-072,05-06-2026 03:00,Database,Linux,65.01,59.7,53.15,51.83,1391.22,1008.07,26.68,277.2,558,7327,11,256,717.39,56.62,Friday,3,0
SRV-036,05-06-2026 03:30,Web,Linux,73.54,61.83,51.71,53.77,1390.74,1029.46,17.18,252.9,589,7067,13,274,450.38,53.94,Friday,3,0
SRV-086,05-06-2026 04:00,Web,Windows Server,51.01,59.96,61.67,58.89,1453.65,1002.53,28.18,258.63,778,7110,8,276,301.23,51.72,Friday,4,0
SRV-070,05-06-2026 06:30,Database,Windows Server,65.79,50.54,61.41,53.95,1430.74,1148.86,24.16,304.22,641,7373,14,249,1040.19,55.13,Friday,6,0
SRV-100,05-06-2026 08:30,API,Linux,61.58,58.86,36.82,68.27,1365.32,1067.35,26.21,336.95,736,7243,11,232,243.83,49.38,Friday,8,0
SRV-068,05-06-2026 09:00,Database,Windows Server,96.85,93.79,54.93,99.0,2097.84,1688.25,24.95,420.38,1098,10935,15,310,502.09,69.39,Friday,9,1
SRV-047,05-06-2026 09:30,Database,Linux,74.26,80.91,46.63,85.81,2078.28,1650.64,28.25,344.17,1062,10863,8,205,846.83,58.35,Friday,9,0
SRV-061,05-06-2026 10:00,Application,Linux,70.71,92.55,60.45,61.35,1955.03,1472.68,21.65,356.25,1199,9886,17,314,391.44,57.17,Friday,10,0
SRV-081,05-06-2026 10:00,Application,Windows Server,92.61,64.72,65.67,82.01,1963.93,1479.97,20.53,316.59,624,10006,6,354,714.0,66.82,Friday,10,0
SRV-046,05-06-2026 12:00,File,Linux,57.15,52.21,68.75,58.26,1678.54,1158.1,25.23,272.1,775,8180,5,226,648.39,52.43,Friday,12,0
SRV-090,05-06-2026 12:00,Application,Linux,84.17,71.56,57.87,64.74,2072.28,1401.78,19.19,354.52,799,10143,10,353,468.14,62.64,Friday,12,0
SRV-012,05-06-2026 13:30,API,Linux,61.12,74.3,51.27,77.07,2027.06,1543.5,29.0,315.48,1025,10768,13,215,558.4,52.91,Friday,13,0
SRV-100,05-06-2026 14:00,API,Linux,96.08,74.48,51.92,91.61,2047.93,1589.27,34.91,371.91,991,10472,13,283,721.43,74.32,Friday,14,0
SRV-005,05-06-2026 15:00,Web,Windows Server,70.02,66.08,72.84,70.05,1874.85,1532.25,31.25,296.91,1071,10275,9,261,777.39,60.2,Friday,15,0
SRV-079,05-06-2026 15:30,Application,Windows Server,91.37,81.77,46.97,62.07,1996.31,1381.82,25.97,383.12,1138,9921,10,272,431.35,61.37,Friday,15,0
SRV-029,05-06-2026 16:30,Web,Linux,76.22,69.91,53.02,71.67,1979.56,1510.91,30.56,374.85,777,10300,15,363,538.07,62.56,Friday,16,0
SRV-004,05-06-2026 17:30,Application,Windows Server,90.45,59.24,41.98,72.73,1934.29,1479.44,26.5,278.22,706,9917,8,358,342.16,62.49,Friday,17,0
SRV-072,05-06-2026 18:00,Database,Linux,92.29,78.82,54.83,92.32,2040.46,1610.53,25.57,350.83,878,10974,15,292,271.6,64.88,Friday,18,0
SRV-010,05-06-2026 19:00,Database,Windows Server,71.53,66.89,43.17,80.24,1465.0,1133.43,22.53,265.88,799,7377,12,223,603.13,54.52,Friday,19,0
SRV-040,05-06-2026 19:00,Application,Linux,68.35,85.93,52.77,39.78,1242.46,942.48,16.03,317.28,388,6718,14,207,1345.27,55.76,Friday,19,0
SRV-077,05-06-2026 19:30,Web,Linux,57.64,51.54,48.56,79.18,1338.54,989.94,21.16,300.95,823,6936,7,203,1264.83,49.0,Friday,19,0
SRV-042,05-06-2026 20:30,File,Linux,59.49,39.92,49.81,41.61,1022.45,822.05,17.76,236.05,387,5880,8,220,1033.51,48.4,Friday,20,0
SRV-016,05-06-2026 22:30,Web,Windows Server,61.48,51.21,66.37,62.48,1521.41,961.37,17.6,262.91,604,7015,6,284,550.5,56.45,Friday,22,0
SRV-096,05-06-2026 23:30,Application,Linux,53.03,52.82,71.02,67.08,1352.19,1097.68,17.59,276.33,626,6744,11,337,1068.88,57.39,Friday,23,0
SRV-066,05-06-2026 23:30,Application,Linux,98.62,54.76,56.41,55.29,1243.41,1050.87,17.02,368.26,579,6750,20,347,818.19,63.48,Friday,23,0
SRV-009,06-06-2026 00:00,Web,Linux,46.19,51.41,63.44,36.18,1156.93,922.02,22.69,257.81,337,5815,12,179,1164.82,44.9,Saturday,0,0
SRV-039,06-06-2026 01:00,Web,Windows Server,67.51,52.88,45.6,65.29,1030.79,886.61,20.48,238.87,433,5721,6,279,115.8,53.53,Saturday,1,0
SRV-089,06-06-2026 02:30,Web,Windows Server,70.09,69.36,57.85,54.58,1195.0,854.03,28.16,354.44,530,5773,16,319,356.26,59.71,Saturday,2,0
SRV-054,06-06-2026 03:00,Application,Linux,47.91,60.66,36.8,20.05,1155.69,858.81,20.87,300.61,556,5683,11,258,466.4,47.35,Saturday,3,0
SRV-059,06-06-2026 05:30,Web,Windows Server,61.73,35.86,61.89,57.89,1094.36,826.29,21.81,267.12,515,5821,5,281,1482.37,52.83,Saturday,5,0
SRV-077,06-06-2026 06:00,Web,Linux,68.03,55.42,54.21,51.29,1046.28,890.38,25.9,312.6,507,5766,5,297,345.03,51.47,Saturday,6,0
SRV-067,06-06-2026 07:30,Application,Windows Server,45.97,56.33,55.97,33.9,1076.12,872.2,28.59,295.88,692,5601,12,297,924.19,44.61,Saturday,7,0
SRV-095,06-06-2026 08:00,Database,Linux,46.09,54.14,56.51,46.02,1141.59,939.26,19.98,226.47,507,5998,4,217,771.88,50.73,Saturday,8,0
SRV-090,06-06-2026 09:30,Application,Linux,73.44,54.93,40.07,44.37,1560.15,1172.7,33.67,369.76,846,7981,13,373,673.39,61.56,Saturday,9,0
SRV-096,06-06-2026 09:30,Application,Linux,55.83,66.26,74.36,39.75,1524.6,1089.13,23.66,284.8,679,7910,11,227,416.53,50.05,Saturday,9,0
SRV-052,06-06-2026 09:30,Web,Windows Server,68.84,57.33,34.89,56.03,1594.45,1213.79,17.03,277.67,729,8095,9,240,447.25,57.1,Saturday,9,0
SRV-062,06-06-2026 11:00,Database,Windows Server,70.71,65.74,39.49,95.43,1646.02,1350.58,24.01,269.73,746,8508,13,271,853.65,62.4,Saturday,11,0
SRV-040,06-06-2026 12:00,Application,Linux,58.63,84.0,60.4,64.37,1676.11,1104.77,21.28,290.47,752,7862,16,236,632.87,54.85,Saturday,12,0
SRV-043,06-06-2026 12:00,Application,Windows Server,62.71,57.47,71.96,76.5,1548.24,1062.59,28.68,340.22,706,7825,12,286,822.45,48.39,Saturday,12,0
SRV-077,06-06-2026 12:30,Web,Linux,53.52,72.75,48.96,62.8,1607.1,1264.54,21.34,244.34,724,8080,6,204,495.6,46.74,Saturday,12,0
SRV-064,06-06-2026 13:00,File,Linux,53.72,78.11,49.77,47.81,1315.18,933.71,17.75,299.97,460,6739,7,304,949.43,49.12,Saturday,13,0
SRV-071,06-06-2026 13:30,Web,Linux,55.32,75.13,56.18,72.55,1621.33,1209.49,29.04,263.29,564,8198,5,267,1426.73,52.87,Saturday,13,0
SRV-058,06-06-2026 14:00,Application,Windows Server,67.22,71.59,47.3,75.27,1562.64,1173.66,35.2,304.17,935,7900,11,286,534.78,51.02,Saturday,14,0
SRV-085,06-06-2026 15:00,Web,Windows Server,63.95,76.49,72.36,96.51,1602.1,1233.21,26.82,309.85,724,8055,6,258,697.2,61.49,Saturday,15,0
SRV-003,06-06-2026 16:30,API,Linux,92.78,80.35,60.01,62.18,1564.06,1252.57,31.85,317.29,862,8306,12,375,354.05,65.61,Saturday,16,0
SRV-074,06-06-2026 18:30,Web,Windows Server,51.82,57.91,67.14,35.26,1202.75,777.41,27.63,221.38,327,5803,8,247,625.57,49.02,Saturday,18,0
SRV-061,06-06-2026 19:00,Application,Linux,66.25,60.5,60.02,52.76,1111.8,826.47,23.68,304.23,296,5740,12,333,715.53,57.91,Saturday,19,0
SRV-049,06-06-2026 21:30,Application,Linux,30.53,39.81,62.9,61.69,1152.52,860.87,19.74,198.95,581,5755,5,237,734.35,48.47,Saturday,21,0
SRV-092,06-06-2026 22:00,Application,Linux,63.36,46.57,67.85,24.93,1056.35,780.84,33.88,280.36,584,5638,13,306,1320.48,56.52,Saturday,22,0
SRV-025,06-06-2026 22:00,File,Linux,55.61,53.31,64.42,42.43,917.95,754.47,15.83,262.67,269,4996,7,250,500.95,55.24,Saturday,22,0
SRV-067,06-06-2026 22:00,Application,Windows Server,64.53,43.76,52.13,48.83,1100.17,870.2,15.43,322.22,213,5693,8,250,622.88,59.85,Saturday,22,0
SRV-068,07-06-2026 00:00,Database,Windows Server,68.81,44.76,64.86,43.64,1125.13,868.73,20.44,294.38,748,6046,6,272,546.55,55.52,Sunday,0,0
SRV-076,07-06-2026 00:30,Web,Linux,58.25,65.9,65.63,43.68,1109.84,790.9,18.16,269.79,588,5815,18,189,1444.88,47.96,Sunday,0,0
SRV-057,07-06-2026 02:00,Database,Linux,58.14,61.8,47.8,46.93,1180.97,890.91,30.7,230.58,642,6080,12,198,733.81,56.59,Sunday,2,0
SRV-068,07-06-2026 02:00,Database,Windows Server,33.38,48.25,75.95,38.26,1192.27,843.92,21.48,260.45,529,6024,7,173,1294.28,42.53,Sunday,2,0
SRV-042,07-06-2026 02:30,File,Linux,70.1,58.1,42.76,67.67,1019.22,704.66,26.91,258.1,581,5044,6,302,842.95,62.35,Sunday,2,0
SRV-022,07-06-2026 02:30,Database,Linux,68.33,48.94,45.14,45.54,1209.38,911.35,28.34,246.78,423,6334,11,294,1471.15,53.99,Sunday,2,0
SRV-010,07-06-2026 02:30,Database,Windows Server,75.55,59.96,44.55,77.47,1212.98,881.06,20.64,297.67,554,5996,6,293,591.88,57.42,Sunday,2,0
SRV-022,07-06-2026 03:00,Database,Linux,53.19,50.05,64.38,38.79,1241.03,927.44,26.1,206.97,275,6123,5,202,752.95,57.19,Sunday,3,0
SRV-075,07-06-2026 03:30,Web,Linux,76.8,44.2,56.2,42.9,1102.66,696.99,29.49,307.39,647,5866,7,367,260.2,57.77,Sunday,3,0
SRV-097,07-06-2026 04:30,Database,Linux,57.03,60.49,42.79,81.33,1236.09,961.88,14.77,287.98,629,6272,12,239,689.76,48.01,Sunday,4,0
SRV-020,07-06-2026 05:30,Application,Linux,78.6,57.62,48.62,54.45,1123.11,821.34,16.15,345.56,519,5618,11,321,871.16,61.2,Sunday,5,0
SRV-039,07-06-2026 06:00,Web,Windows Server,86.06,49.82,46.29,59.52,1144.64,832.58,29.18,305.03,629,5805,14,381,417.14,59.14,Sunday,6,0
SRV-086,07-06-2026 07:00,Web,Windows Server,70.75,66.91,48.65,49.58,919.27,891.07,22.31,300.01,522,5956,9,257,618.05,51.36,Sunday,7,0
SRV-075,07-06-2026 07:00,Web,Linux,54.49,52.48,46.69,62.49,1098.24,903.93,24.63,245.87,556,5855,7,174,966.74,51.2,Sunday,7,0
SRV-022,07-06-2026 08:30,Database,Linux,60.13,62.01,41.97,64.26,1159.47,921.93,19.34,257.18,380,6248,8,280,654.5,54.13,Sunday,8,0
SRV-082,07-06-2026 09:30,Database,Windows Server,73.32,63.68,39.32,81.16,1741.08,1213.26,10.62,204.21,631,8757,11,277,1174.67,58.57,Sunday,9,0
SRV-035,07-06-2026 11:00,Database,Linux,56.55,75.15,58.37,40.37,1677.67,1331.11,24.79,275.72,753,8656,11,238,1184.34,52.46,Sunday,11,0
SRV-086,07-06-2026 11:30,Web,Windows Server,59.09,55.22,53.79,67.01,1624.44,1203.84,29.96,280.98,702,8038,9,250,564.2,57.24,Sunday,11,0
SRV-015,07-06-2026 13:30,Database,Linux,59.45,57.75,42.74,75.69,1803.2,1193.01,28.41,323.06,714,8658,9,267,198.31,49.46,Sunday,13,0
SRV-088,07-06-2026 18:30,Database,Linux,54.34,65.14,55.39,28.6,1140.68,897.82,17.0,207.42,452,6146,7,262,352.39,51.52,Sunday,18,0
SRV-011,07-06-2026 18:30,Database,Linux,48.28,67.66,70.37,55.37,1106.84,942.05,21.81,283.0,484,6110,5,216,1341.86,52.09,Sunday,18,0
SRV-092,07-06-2026 19:30,Application,Linux,69.82,65.73,57.78,23.97,1026.18,877.76,17.1,230.91,443,5765,13,212,770.83,55.57,Sunday,19,0
SRV-014,07-06-2026 21:00,File,Linux,48.21,34.74,63.32,15.84,805.83,822.28,23.45,204.08,570,4945,8,258,1194.64,53.92,Sunday,21,0
SRV-011,07-06-2026 21:30,Database,Linux,57.92,51.8,44.86,46.73,1229.04,941.32,24.44,239.14,560,6071,7,236,584.75,52.1,Sunday,21,0
SRV-029,07-06-2026 22:00,Web,Linux,68.27,43.39,77.16,49.39,1220.79,830.82,22.8,238.32,560,5761,8,214,1508.23,55.77,Sunday,22,0
SRV-006,07-06-2026 23:00,API,Windows Server,70.17,46.27,76.22,47.36,1150.37,885.9,26.02,257.98,461,5931,7,261,855.96,56.375,Sunday,23,0
SRV-052,07-06-2026 23:00,Web,Windows Server,59.06,57.43,63.4,57.16,1050.22,823.76,20.79,283.9,495,5865,9,240,620.59,51.26,Sunday,23,0
SRV-042,08-06-2026 01:00,File,Linux,51.94,63.17,52.89,30.99,1081.05,840.31,37.1,274.02,647,5979,8,291,234.51,52.84,Monday,1,0
SRV-001,08-06-2026 03:00,File,Windows Server,67.42,70.04,55.12,63.76,1107.23,890.04,24.5,278.51,207,5755,13,293,746.18,57.83,Monday,3,0
SRV-053,08-06-2026 06:30,File,Linux,36.92,47.26,36.75,63.54,1013.6,824.92,20.02,269.03,596,5802,7,216,1094.41,46.83,Monday,6,0
SRV-097,08-06-2026 07:00,Database,Linux,51.17,48.22,81.07,32.0,1473.58,968.1,24.13,272.05,595,7382,9,237,723.12,54.18,Monday,7,0
SRV-093,08-06-2026 08:00,Database,Linux,79.48,51.32,69.18,65.26,1386.91,1029.83,41.85,262.93,670,7320,13,307,609.58,55.48,Monday,8,0
SRV-033,08-06-2026 08:30,Database,Linux,83.28,65.08,43.03,55.35,1532.37,1024.16,17.93,310.65,589,7449,11,281,250.03,65.52,Monday,8,0
SRV-042,08-06-2026 09:00,File,Linux,75.41,55.92,38.4,72.98,1646.93,1169.61,27.05,353.79,902,8123,9,301,864.59,59.06,Monday,9,0
SRV-081,08-06-2026 09:00,Application,Windows Server,73.46,69.63,50.67,91.3,2030.35,1491.33,21.52,313.33,769,9883,16,300,985.27,60.55,Monday,9,0
SRV-062,08-06-2026 10:00,Database,Windows Server,86.96,89.96,35.52,90.14,2026.46,1650.15,29.65,401.69,987,10880,17,272,455.39,64.08,Monday,10,1
SRV-024,08-06-2026 10:30,API,Linux,80.53,70.76,35.59,68.11,2132.66,1539.55,26.91,371.31,876,10760,17,362,804.6,62.42,Monday,10,0
SRV-059,08-06-2026 11:00,Web,Windows Server,73.05,59.55,69.28,58.43,1944.6,1481.13,25.47,359.29,859,10092,8,263,755.14,56.26,Monday,11,0
SRV-063,08-06-2026 12:00,Application,Linux,77.84,70.47,59.27,44.8,1964.92,1400.59,23.73,375.18,1034,9966,16,290,858.95,60.0,Monday,12,0
SRV-005,08-06-2026 13:30,Web,Windows Server,75.64,73.64,50.11,66.08,2046.92,1550.41,33.22,349.93,902,10241,18,329,616.44,56.34,Monday,13,0
SRV-049,08-06-2026 14:30,Application,Linux,82.74,66.25,52.39,50.21,2005.58,1519.2,19.83,296.45,1025,9956,7,330,661.07,55.1,Monday,14,0
SRV-045,08-06-2026 14:30,File,Linux,78.73,79.44,77.39,86.23,1578.86,1187.63,22.41,339.05,920,8020,21,278,1260.31,58.53,Monday,14,0
SRV-021,08-06-2026 15:00,File,Linux,66.73,65.94,33.4,67.34,1464.39,1184.15,33.65,332.35,826,8170,12,250,907.27,58.86,Monday,15,0
SRV-044,08-06-2026 17:30,Database,Linux,67.58,87.27,56.52,90.08,2154.46,1708.01,19.67,387.13,1047,11109,19,215,436.34,51.88,Monday,17,1
SRV-065,08-06-2026 18:00,Application,Linux,79.4,82.12,49.61,74.45,1984.72,1476.2,34.41,359.54,766,10061,7,301,1230.64,60.83,Monday,18,0
SRV-063,08-06-2026 18:30,Application,Linux,51.16,76.29,43.27,61.38,1375.49,1014.85,25.09,292.35,541,6925,8,251,452.33,55.6,Monday,18,0
SRV-020,08-06-2026 18:30,Application,Linux,77.07,63.82,45.9,65.62,1395.23,1043.2,23.36,311.97,587,6778,8,259,1213.17,67.83,Monday,18,0
SRV-081,08-06-2026 19:00,Application,Windows Server,57.68,52.24,69.31,55.81,1356.33,1005.71,14.52,196.55,385,6951,6,253,1118.94,50.99,Monday,19,0
SRV-071,08-06-2026 19:00,Web,Linux,62.89,69.65,64.44,60.71,1343.21,979.66,31.97,279.31,595,6916,5,260,572.13,64.0,Monday,19,0
SRV-014,08-06-2026 19:30,File,Linux,60.48,69.86,59.7,74.18,1050.51,817.09,30.14,307.09,470,5744,9,279,1475.3,60.37,Monday,19,0
SRV-029,08-06-2026 21:00,Web,Linux,48.77,71.21,65.47,29.72,1339.69,1005.47,21.28,258.17,771,7040,12,251,1305.58,53.29,Monday,21,0
SRV-096,08-06-2026 21:30,Application,Linux,63.75,49.32,53.62,66.95,1275.98,1016.3,27.65,267.44,638,6796,8,193,658.02,57.88,Monday,21,0
SRV-042,08-06-2026 21:30,File,Linux,55.43,60.25,45.96,45.88,1165.32,918.41,23.47,302.16,373,5769,7,265,350.55,47.92,Monday,21,0
SRV-076,08-06-2026 23:00,Web,Linux,62.44,48.98,68.3,41.11,1346.61,1024.36,27.92,285.18,732,7001,10,239,1300.91,55.61,Monday,23,0
SRV-090,08-06-2026 23:30,Application,Linux,59.89,68.7,45.55,55.93,1284.51,894.81,20.77,279.77,413,6740,7,234,399.52,61.54,Monday,23,0
SRV-086,09-06-2026 00:00,Web,Windows Server,78.0,74.5,52.12,41.18,1378.14,1002.32,24.41,359.98,725,7041,8,338,566.67,55.09,Tuesday,0,0
SRV-047,09-06-2026 00:00,Database,Linux,57.73,74.33,69.84,28.94,1447.73,1081.64,25.09,332.28,657,7409,12,216,1179.23,54.49,Tuesday,0,0
SRV-026,09-06-2026 00:30,Web,Linux,85.94,70.74,73.63,71.54,1323.2,1092.21,32.22,317.33,640,7106,18,283,650.42,58.54,Tuesday,0,0
SRV-093,09-06-2026 01:00,Database,Linux,60.39,84.63,68.59,43.15,1365.58,1127.59,29.63,338.41,633,7460,8,236,678.0,55.66,Tuesday,1,0
SRV-037,09-06-2026 01:30,Web,Windows Server,53.08,68.03,53.78,57.67,1450.41,1037.94,23.48,305.64,617,7015,12,227,673.93,55.81,Tuesday,1,0
SRV-018,09-06-2026 02:00,Web,Windows Server,69.59,68.76,42.98,59.73,1324.27,1015.28,25.95,309.4,584,7208,13,262,837.17,56.2,Tuesday,2,0
SRV-045,09-06-2026 02:00,File,Linux,73.25,58.44,56.1,36.68,1213.41,784.15,26.04,244.31,647,5852,10,276,534.81,61.88,Tuesday,2,0
SRV-005,09-06-2026 02:30,Web,Windows Server,68.24,75.3,56.62,44.55,1496.26,981.38,31.65,340.57,517,7125,15,237,832.11,53.69,Tuesday,2,0
SRV-037,09-06-2026 02:30,Web,Windows Server,42.79,69.78,49.48,61.74,1415.19,1025.59,16.11,275.24,585,7015,8,215,1025.47,51.75,Tuesday,2,0
SRV-056,09-06-2026 04:00,File,Windows Server,68.39,41.93,49.68,85.59,1148.83,903.86,16.62,257.95,596,5877,8,263,423.42,62.45,Tuesday,4,0
SRV-044,09-06-2026 04:00,Database,Linux,74.63,58.49,67.23,57.02,1370.09,1120.36,22.67,369.28,613,7329,12,256,217.89,64.26,Tuesday,4,0
SRV-094,09-06-2026 04:00,Database,Windows Server,71.63,57.83,64.07,64.32,1427.08,1104.55,26.02,341.44,772,7402,10,313,1502.15,59.68,Tuesday,4,0
SRV-079,09-06-2026 04:00,Application,Windows Server,83.32,45.57,58.86,45.39,1294.54,994.08,23.23,259.54,614,6793,8,242,228.42,64.67,Tuesday,4,0
SRV-034,09-06-2026 04:00,Database,Linux,62.14,57.21,65.4,82.7,1537.1,1035.72,17.98,264.23,948,7431,9,264,779.22,51.94,Tuesday,4,0
SRV-010,09-06-2026 05:30,Database,Windows Server,64.43,61.62,33.09,79.05,1561.87,1033.79,29.05,359.24,547,7415,11,242,698.99,53.96,Tuesday,5,0
SRV-088,09-06-2026 08:00,Database,Linux,58.66,73.23,60.16,42.77,1477.42,1106.29,22.85,313.09,803,7500,21,261,522.93,54.89,Tuesday,8,0
SRV-063,09-06-2026 08:30,Application,Linux,68.85,68.05,52.95,60.95,1301.94,950.74,15.34,351.95,553,6927,11,217,756.79,56.97,Tuesday,8,0
SRV-097,09-06-2026 10:00,Database,Linux,83.59,78.34,73.59,62.74,2065.86,1567.1,20.75,429.9,1411,11061,12,347,481.72,57.14,Tuesday,10,1
SRV-010,09-06-2026 12:00,Database,Windows Server,68.62,82.15,41.75,81.86,2229.56,1621.82,26.47,355.34,884,10977,10,248,460.91,57.34,Tuesday,12,0
SRV-017,09-06-2026 12:00,Application,Windows Server,79.4,85.89,74.37,71.89,1992.52,1476.8,32.09,370.7,1118,10102,10,321,469.77,53.25,Tuesday,12,0
SRV-072,09-06-2026 12:30,Database,Linux,77.96,67.4,66.56,71.84,2293.02,1717.89,31.78,377.06,1154,11018,3,306,1119.36,65.89,Tuesday,12,0
SRV-066,09-06-2026 14:00,Application,Linux,73.04,61.2,58.26,99.0,1941.16,1509.55,28.47,339.05,841,9857,13,287,651.47,57.99,Tuesday,14,0
SRV-039,09-06-2026 14:00,Web,Windows Server,71.72,75.27,63.91,73.54,2106.17,1456.8,28.36,336.25,836,10340,12,297,397.19,59.24,Tuesday,14,0
SRV-057,09-06-2026 14:00,Database,Linux,96.43,79.75,50.78,69.16,2136.59,1654.35,38.33,432.0,1155,11135,14,342,1009.83,66.26,Tuesday,14,1
SRV-029,09-06-2026 14:30,Web,Linux,93.14,88.31,55.54,99.0,1975.03,1538.68,30.2,360.08,1121,10239,18,365,797.04,60.46,Tuesday,14,1
SRV-084,09-06-2026 15:00,Web,Linux,78.78,72.25,53.61,80.58,1933.27,1559.36,24.59,330.64,961,10494,12,199,410.24,54.78,Tuesday,15,0
SRV-010,09-06-2026 15:30,Database,Windows Server,90.6,83.56,52.48,60.52,2061.46,1627.27,32.52,399.38,1040,11148,18,409,352.77,61.04,Tuesday,15,0
SRV-024,09-06-2026 15:30,API,Linux,87.78,84.66,70.9,77.26,2031.8,1546.74,29.6,381.31,968,10787,12,290,749.26,60.16,Tuesday,15,0
SRV-028,09-06-2026 15:30,Web,Linux,50.16,76.97,61.89,97.35,2082.72,1609.2,31.17,303.58,730,10358,8,276,490.12,56.85,Tuesday,15,0
SRV-047,09-06-2026 16:00,Database,Linux,52.25,81.11,43.42,84.72,2269.8,1679.32,27.91,281.07,898,11065,6,224,1150.63,58.5,Tuesday,16,0
SRV-047,09-06-2026 17:30,Database,Linux,83.89,88.03,66.79,99.0,2106.19,1554.94,28.67,336.01,1014,11007,9,333,907.66,62.43,Tuesday,17,1
SRV-064,09-06-2026 18:30,File,Linux,56.96,51.81,42.65,44.57,1119.3,893.62,21.69,257.25,491,5902,7,285,558.99,47.53,Tuesday,18,0
SRV-082,09-06-2026 19:00,Database,Windows Server,64.76,79.19,31.21,53.48,1534.48,1056.21,27.46,330.42,645,7462,12,285,872.57,49.98,Tuesday,19,0
SRV-043,09-06-2026 20:00,Application,Windows Server,69.87,42.5,70.3,74.65,1203.5,992.76,22.68,271.15,572,6702,9,263,655.05,52.02,Tuesday,20,0
SRV-099,09-06-2026 20:00,Web,Linux,88.1,51.66,68.4,65.99,1321.98,1034.12,24.87,347.6,733,6990,14,362,1021.83,69.13,Tuesday,20,0
SRV-057,09-06-2026 21:00,Database,Linux,56.94,53.8,67.24,55.02,1465.72,1046.42,26.07,308.75,704,7376,14,244,556.19,55.47,Tuesday,21,0
SRV-047,09-06-2026 22:00,Database,Linux,54.35,67.68,39.07,64.77,1463.91,1125.68,18.78,239.02,601,7433,7,173,1191.11,52.12,Tuesday,22,0
SRV-013,09-06-2026 22:30,Application,Linux,74.39,73.76,38.67,60.75,1333.74,942.74,19.0,269.44,625,6631,8,320,455.13,57.49,Tuesday,22,0
SRV-066,10-06-2026 00:30,Application,Linux,56.37,53.51,43.9,65.48,1403.56,978.33,18.46,256.8,617,6919,10,190,223.79,55.97,Wednesday,0,0
SRV-047,10-06-2026 00:30,Database,Linux,68.41,53.67,64.67,60.91,1480.4,1054.37,21.04,318.68,649,7486,15,307,468.38,61.31,Wednesday,0,0
SRV-055,10-06-2026 01:00,Application,Linux,77.14,53.09,67.58,70.03,1261.22,1052.63,29.14,329.44,693,6800,13,248,708.1,55.77,Wednesday,1,0
SRV-002,10-06-2026 02:00,Database,Windows Server,53.45,53.56,81.84,55.71,1389.51,1116.49,20.22,256.56,913,7341,3,283,501.98,49.68,Wednesday,2,0
SRV-080,10-06-2026 02:30,File,Windows Server,45.17,50.49,64.54,42.1,1245.36,846.14,34.26,251.02,512,6063,14,211,819.35,53.32,Wednesday,2,0
SRV-089,10-06-2026 03:00,Web,Windows Server,71.88,57.77,72.31,64.01,1392.22,1093.08,18.37,344.35,500,6932,11,285,233.63,57.29,Wednesday,3,0
SRV-051,10-06-2026 05:00,Web,Windows Server,49.91,68.03,47.94,50.09,1301.78,980.9,24.95,253.09,533,7077,8,226,967.49,50.87,Wednesday,5,0
SRV-022,10-06-2026 07:00,Database,Linux,60.25,59.58,66.22,72.02,1374.31,1094.98,22.25,270.29,808,7384,4,155,501.47,61.83,Wednesday,7,0
SRV-066,10-06-2026 08:00,Application,Linux,61.2,54.94,76.95,56.64,1203.58,1015.19,27.08,305.88,937,6806,9,252,1343.73,51.89,Wednesday,8,0
SRV-094,10-06-2026 08:30,Database,Windows Server,86.58,62.55,52.1,58.25,1296.11,968.51,21.0,280.85,741,7504,6,296,758.45,58.65,Wednesday,8,0
SRV-006,10-06-2026 09:30,API,Windows Server,71.68,90.48,50.78,94.41,2225.66,1582.48,30.97,352.35,988,10834,18,265,783.13,62.22,Wednesday,9,0
SRV-047,10-06-2026 11:00,Database,Linux,96.91,82.13,47.39,93.84,2091.8,1551.7,24.89,322.47,1229,11071,14,292,302.88,66.03,Wednesday,11,0
SRV-081,10-06-2026 13:00,Application,Windows Server,68.87,62.88,65.68,69.5,1985.2,1466.42,27.07,340.56,930,9968,8,272,1607.48,54.43,Wednesday,13,0
SRV-006,10-06-2026 14:30,API,Windows Server,95.89,66.37,52.13,87.2,2027.97,1617.18,32.49,425.69,1063,10784,19,275,295.06,67.28,Wednesday,14,1
SRV-085,10-06-2026 14:30,Web,Windows Server,59.88,74.79,93.4,62.54,2057.6,1538.97,24.2,285.68,1047,10372,8,293,740.37,54.19,Wednesday,14,0
SRV-080,10-06-2026 15:00,File,Windows Server,87.52,72.77,68.36,67.88,1573.98,1192.53,29.07,382.09,461,8173,16,285,530.5,60.83,Wednesday,15,0
SRV-017,10-06-2026 16:00,Application,Windows Server,82.05,57.52,36.48,69.76,2044.32,1516.01,28.55,336.97,818,10001,13,349,485.94,59.28,Wednesday,16,0
SRV-082,10-06-2026 17:30,Database,Windows Server,80.19,83.35,45.85,92.71,2155.86,1620.14,31.55,341.66,1275,11009,14,286,1748.44,60.29,Wednesday,17,0
SRV-031,10-06-2026 18:30,Application,Linux,71.23,57.44,71.08,67.97,1189.99,1033.76,21.82,306.27,498,6948,11,310,851.86,55.91,Wednesday,18,0
SRV-007,10-06-2026 20:00,File,Linux,55.64,53.24,69.18,48.16,1014.78,895.07,24.19,272.73,455,5872,9,208,574.2,55.98,Wednesday,20,0
SRV-076,10-06-2026 20:00,Web,Linux,63.81,66.72,67.03,44.49,1379.55,1077.84,16.99,179.51,530,7217,5,297,855.66,54.64,Wednesday,20,0
SRV-013,10-06-2026 20:30,Application,Linux,57.11,72.59,37.55,74.27,1328.62,1004.19,29.17,345.88,779,6991,12,249,639.4,56.65,Wednesday,20,0
SRV-010,10-06-2026 20:30,Database,Windows Server,86.06,60.93,83.15,77.73,1393.94,1036.42,18.15,252.94,813,7435,12,309,597.94,63.29,Wednesday,20,0
SRV-046,10-06-2026 21:00,File,Linux,51.76,56.04,44.57,47.33,1239.39,840.09,24.0,276.44,594,5729,6,195,639.09,50.83,Wednesday,21,0
SRV-018,10-06-2026 21:30,Web,Windows Server,76.98,74.6,38.25,65.57,1430.57,992.51,25.56,303.98,574,7027,10,253,623.85,55.68,Wednesday,21,0
SRV-023,10-06-2026 21:30,API,Linux,69.85,50.68,70.87,54.93,1354.38,1030.98,19.69,302.16,731,7170,8,267,1168.6,54.52,Wednesday,21,0
SRV-073,10-06-2026 22:30,API,Linux,71.24,58.78,44.6,76.71,1446.16,1103.98,24.5,257.91,564,7295,6,237,498.23,55.08,Wednesday,22,0
SRV-085,10-06-2026 23:00,Web,Windows Server,62.26,54.8,54.98,33.88,1417.05,975.33,15.88,323.35,769,7155,5,332,625.91,55.56,Wednesday,23,0
SRV-083,11-06-2026 02:00,File,Linux,52.46,44.14,56.33,50.13,1081.7,789.77,16.55,161.93,596,5778,1,289,419.1,50.45,Thursday,2,0
SRV-094,11-06-2026 03:00,Database,Windows Server,57.78,61.74,38.27,63.86,1505.59,1057.18,19.78,252.71,528,7481,8,274,883.68,57.16,Thursday,3,0
SRV-027,11-06-2026 03:00,Database,Linux,74.51,71.86,59.3,66.03,1313.04,1026.13,21.66,291.18,657,7343,14,311,610.26,59.95,Thursday,3,0
SRV-070,11-06-2026 03:30,Database,Windows Server,60.25,56.78,40.07,35.75,1473.43,1075.02,23.57,278.91,486,7542,7,296,904.28,50.63,Thursday,3,0
SRV-013,11-06-2026 04:00,Application,Linux,67.12,53.82,42.3,35.52,1308.86,934.08,23.34,309.21,703,6842,7,316,835.3,56.31,Thursday,4,0
SRV-064,11-06-2026 04:00,File,Linux,47.06,74.5,69.11,31.34,1090.47,874.47,24.81,215.54,533,5863,9,243,613.63,53.85,Thursday,4,0
SRV-061,11-06-2026 05:00,Application,Linux,73.81,55.99,63.12,36.11,1237.76,1036.3,20.44,341.69,609,6680,15,257,1776.5,57.19,Thursday,5,0
SRV-023,11-06-2026 07:30,API,Linux,48.64,51.08,61.49,52.79,1429.1,1074.15,25.45,249.71,880,7372,8,271,666.29,48.45,Thursday,7,0
SRV-011,11-06-2026 10:00,Database,Linux,89.45,74.98,79.83,80.68,2050.01,1580.72,37.58,367.82,956,10978,12,348,474.68,66.59,Thursday,10,0
SRV-056,11-06-2026 10:00,File,Windows Server,66.72,59.37,60.95,74.29,1579.62,1314.45,24.63,344.31,845,8249,11,258,758.17,60.26,Thursday,10,0
SRV-085,11-06-2026 12:30,Web,Windows Server,81.53,68.42,39.35,90.85,2008.7,1469.64,19.11,342.24,1017,10258,10,266,794.94,67.48,Thursday,12,0
SRV-014,11-06-2026 12:30,File,Linux,73.85,53.22,66.03,68.29,1738.21,1378.25,29.47,337.2,515,8436,8,249,441.46,57.1,Thursday,12,0
SRV-075,11-06-2026 13:30,Web,Linux,99.0,75.6,46.9,91.22,2017.39,1494.88,42.5,364.03,967,10214,18,269,509.68,68.52,Thursday,13,0
SRV-011,11-06-2026 14:30,Database,Linux,87.05,67.14,73.63,94.12,2318.75,1624.03,30.17,329.69,1188,11219,8,309,337.3,67.31,Thursday,14,0
SRV-025,11-06-2026 15:00,File,Linux,50.37,59.88,51.43,81.47,1601.87,1134.56,28.09,269.53,890,8050,4,248,537.24,55.26,Thursday,15,0
SRV-067,11-06-2026 20:30,Application,Windows Server,62.87,46.82,60.17,55.88,1327.75,1076.42,19.5,344.79,575,6960,4,219,1053.44,60.21,Thursday,20,0
SRV-069,11-06-2026 21:30,Web,Linux,73.25,71.05,44.59,45.16,1308.95,1130.09,23.47,327.04,703,7136,6,308,731.44,55.22,Thursday,21,0
SRV-092,11-06-2026 22:00,Application,Linux,54.66,65.43,54.11,43.06,1308.95,1134.59,27.77,341.79,709,6857,14,261,1107.29,54.6,Thursday,22,0
SRV-071,11-06-2026 23:30,Web,Linux,85.11,49.08,59.13,63.91,1279.85,1060.53,25.45,292.43,568,7001,8,329,942.5,61.86,Thursday,23,0
SRV-040,11-06-2026 23:30,Application,Linux,76.83,71.8,47.98,43.61,1298.95,984.14,31.26,307.8,996,6814,15,302,946.42,55.28,Thursday,23,0
SRV-026,11-06-2026 23:30,Web,Linux,76.37,56.77,49.68,44.12,1317.62,1012.07,17.97,332.12,659,6924,12,314,1489.55,50.19,Thursday,23,0
SRV-001,11-06-2026 23:30,File,Windows Server,50.82,70.53,66.54,67.17,1101.55,920.98,18.21,288.05,312,5841,9,185,388.7,56.56,Thursday,23,0
SRV-044,12-06-2026 01:00,Database,Linux,69.44,51.31,53.11,63.78,1380.21,1030.31,35.35,315.21,790,7367,7,326,693.28,54.3,Friday,1,0
SRV-073,12-06-2026 02:00,API,Linux,62.54,70.08,70.13,51.93,1364.35,991.54,32.51,353.95,621,7210,14,217,698.53,55.51,Friday,2,0
SRV-079,12-06-2026 03:00,Application,Windows Server,61.63,62.48,66.78,82.43,1329.87,871.13,25.72,271.8,785,6965,10,293,603.07,63.53,Friday,3,0
SRV-073,12-06-2026 03:30,API,Linux,80.01,59.68,58.4,40.74,1414.32,1071.11,20.54,302.56,767,7177,11,334,452.14,54.11,Friday,3,0
SRV-055,12-06-2026 05:00,Application,Linux,67.9,64.48,23.93,54.21,1394.77,998.32,27.21,310.13,727,6703,9,235,763.11,57.75,Friday,5,0
SRV-025,12-06-2026 06:30,File,Linux,62.84,58.82,57.97,46.24,1206.54,838.79,23.02,340.03,533,5830,12,226,490.48,52.04,Friday,6,0
SRV-071,12-06-2026 07:00,Web,Linux,66.19,66.98,55.39,45.99,1333.82,1034.83,22.45,313.51,736,7056,10,278,2272.0,54.75,Friday,7,0
SRV-014,12-06-2026 12:00,File,Linux,74.29,66.1,43.88,52.19,1598.32,1249.91,27.04,342.96,812,8219,10,257,1110.06,59.51,Friday,12,0
SRV-093,12-06-2026 12:00,Database,Linux,80.43,88.09,68.52,73.81,2120.37,1677.97,27.87,317.0,970,10971,16,323,626.29,63.06,Friday,12,0
SRV-001,12-06-2026 13:30,File,Windows Server,59.12,88.11,70.47,74.72,1536.0,1177.6,23.29,316.01,838,8288,7,292,1046.06,47.82,Friday,13,0
SRV-053,12-06-2026 16:00,File,Linux,69.06,48.75,53.65,44.72,1693.31,1237.5,25.79,281.91,965,8295,7,260,661.89,51.6,Friday,16,0
SRV-060,12-06-2026 16:30,Web,Windows Server,95.96,85.81,42.65,68.19,1940.93,1501.71,24.91,384.62,1000,10154,11,315,708.25,65.08,Friday,16,0
SRV-073,12-06-2026 16:30,API,Linux,86.07,75.15,53.11,95.55,2090.22,1545.71,26.79,355.54,1036,10657,12,279,916.5,63.86,Friday,16,0
SRV-072,12-06-2026 17:00,Database,Linux,69.38,79.64,44.66,76.08,2126.46,1679.47,27.83,356.87,1405,11187,21,298,814.64,56.375,Friday,17,0
SRV-003,12-06-2026 19:30,API,Linux,36.87,47.5,43.94,51.77,1414.48,1077.84,19.59,206.32,645,7237,4,302,1200.23,51.8,Friday,19,0
SRV-020,12-06-2026 19:30,Application,Linux,51.65,59.8,61.2,65.63,1362.49,994.47,23.68,288.35,688,6909,7,236,555.06,56.1,Friday,19,0
SRV-088,12-06-2026 23:30,Database,Linux,62.6,64.18,55.02,77.83,1358.37,1010.43,29.15,322.28,763,7279,5,304,771.54,55.83,Friday,23,0
SRV-038,13-06-2026 01:00,Database,Linux,63.83,65.69,61.3,50.44,1180.72,922.67,20.31,307.91,620,6058,10,302,1402.62,54.66,Saturday,1,0
SRV-083,13-06-2026 02:00,File,Linux,36.43,33.64,60.12,47.62,945.36,691.48,22.33,172.37,502,5067,7,123,456.75,46.48,Saturday,2,0
SRV-049,13-06-2026 02:30,Application,Linux,50.45,45.99,66.25,29.32,1117.38,907.93,21.42,334.13,582,5811,12,179,511.79,53.73,Saturday,2,0
SRV-084,13-06-2026 03:00,Web,Linux,67.28,66.41,69.8,55.01,1099.37,814.95,18.91,295.68,673,5718,6,337,1101.5,57.54,Saturday,3,0
SRV-029,13-06-2026 05:30,Web,Linux,53.16,53.91,60.73,64.37,1127.3,812.75,24.9,252.84,814,5939,9,258,697.65,54.25,Saturday,5,0
SRV-042,13-06-2026 05:30,File,Linux,71.23,24.31,69.89,50.91,990.57,694.83,9.71,220.31,278,4959,8,269,699.82,53.26,Saturday,5,0
SRV-062,13-06-2026 06:00,Database,Windows Server,70.7,58.84,57.04,47.15,1093.06,867.38,21.63,242.05,561,6076,7,298,604.81,57.23,Saturday,6,0
SRV-077,13-06-2026 07:30,Web,Linux,56.59,56.97,54.81,64.8,1169.64,877.07,11.77,206.58,292,5748,14,284,861.04,52.05,Saturday,7,0
SRV-052,13-06-2026 07:30,Web,Windows Server,68.78,61.57,41.28,62.45,1118.65,885.5,24.31,268.35,581,5935,7,258,204.22,56.97,Saturday,7,0
SRV-093,13-06-2026 09:00,Database,Linux,70.07,74.09,40.71,75.1,1675.84,1241.04,16.71,274.06,608,8746,9,276,233.34,59.17,Saturday,9,0
SRV-089,13-06-2026 09:00,Web,Windows Server,71.76,55.08,77.16,68.64,1572.89,1256.25,15.37,330.01,813,8128,8,325,1077.54,61.54,Saturday,9,0
SRV-062,13-06-2026 11:00,Database,Windows Server,74.19,83.72,72.99,57.26,1727.28,1329.3,31.15,351.1,982,8620,14,289,1623.32,61.27,Saturday,11,0
SRV-007,13-06-2026 12:30,File,Linux,79.83,65.54,61.07,64.36,1274.19,975.51,25.89,276.46,586,6442,8,261,1168.46,62.51,Saturday,12,0
SRV-038,13-06-2026 14:00,Database,Linux,60.67,38.79,60.03,65.94,1672.47,1260.43,23.03,256.34,810,8666,10,252,556.79,54.17,Saturday,14,0
SRV-003,13-06-2026 14:00,API,Linux,66.26,77.01,82.49,57.54,1683.73,1189.83,22.79,272.72,845,8383,12,254,984.87,53.6,Saturday,14,0
SRV-069,13-06-2026 15:00,Web,Linux,72.1,77.78,70.16,75.61,1603.04,1237.49,17.94,359.9,894,8092,9,263,565.55,62.51,Saturday,15,0
SRV-026,13-06-2026 17:00,Web,Linux,68.7,59.05,55.76,54.82,1615.39,1248.16,27.26,267.69,583,8015,14,293,464.87,59.31,Saturday,17,0
SRV-057,13-06-2026 17:30,Database,Linux,72.5,67.95,38.52,92.99,1673.27,1309.71,23.26,326.78,756,8631,21,251,1162.21,54.07,Saturday,17,0
SRV-028,13-06-2026 20:00,Web,Linux,71.99,75.82,60.84,48.25,1043.06,797.62,28.16,298.28,609,5825,12,272,750.85,58.36,Saturday,20,0
SRV-027,13-06-2026 20:00,Database,Linux,56.76,48.87,52.31,33.51,1223.41,851.23,22.45,217.34,547,6142,5,271,549.2,49.31,Saturday,20,0
SRV-023,13-06-2026 20:30,API,Linux,56.85,69.1,40.89,60.72,1087.07,882.1,24.29,266.73,370,5925,8,252,940.38,54.18,Saturday,20,0
SRV-032,13-06-2026 22:00,API,Windows Server,61.33,52.24,45.92,48.07,1213.91,765.05,24.81,272.55,485,5950,5,244,1662.06,52.37,Saturday,22,0
SRV-093,14-06-2026 00:30,Database,Linux,67.1,54.07,53.41,57.07,1195.68,886.04,29.45,291.87,570,6029,13,274,1185.72,55.21,Sunday,0,0
SRV-085,14-06-2026 00:30,Web,Windows Server,48.63,56.23,52.16,36.4,918.69,774.06,26.05,209.22,592,5842,7,205,270.79,49.59,Sunday,0,0
SRV-012,14-06-2026 02:30,API,Linux,45.95,42.34,57.41,63.92,1096.82,931.38,25.41,197.27,253,5980,6,227,444.83,46.65,Sunday,2,0
SRV-051,14-06-2026 03:00,Web,Windows Server,55.82,69.72,61.76,37.72,1156.84,818.78,22.67,309.82,591,5740,10,292,1083.5,51.58,Sunday,3,0
SRV-059,14-06-2026 03:30,Web,Windows Server,44.95,62.22,62.99,41.88,1020.47,788.07,17.19,287.02,608,5742,10,173,341.19,47.88,Sunday,3,0
SRV-049,14-06-2026 04:30,Application,Linux,66.83,60.24,34.28,65.43,1015.0,865.53,19.29,278.73,688,5550,12,284,388.39,50.52,Sunday,4,0
SRV-024,14-06-2026 05:30,API,Linux,53.93,50.5,69.75,49.17,1090.12,831.05,16.72,219.03,364,5895,7,201,1593.13,52.6,Sunday,5,0
SRV-023,14-06-2026 07:00,API,Linux,62.24,60.13,67.15,52.71,1222.7,937.39,30.93,340.47,651,6027,15,225,656.84,48.81,Sunday,7,0
SRV-066,14-06-2026 09:30,Application,Linux,52.93,61.5,60.64,59.5,1513.23,1111.84,18.51,313.69,731,7912,9,281,437.0,55.77,Sunday,9,0
SRV-042,14-06-2026 11:00,File,Linux,57.8,65.43,44.44,29.19,1399.89,928.8,26.32,297.46,712,6704,8,214,648.65,47.79,Sunday,11,0
SRV-050,14-06-2026 12:30,Web,Linux,70.88,68.46,57.86,58.26,1637.43,1240.89,23.43,403.93,812,7974,12,286,523.82,52.89,Sunday,12,0
SRV-041,14-06-2026 12:30,Database,Linux,67.16,53.13,39.84,75.86,1690.75,1283.45,24.49,255.15,736,8641,8,166,555.36,54.54,Sunday,12,0
SRV-075,14-06-2026 14:00,Web,Linux,65.47,67.18,57.13,43.76,1625.69,1222.48,24.72,289.27,742,8267,5,272,842.32,56.39,Sunday,14,0
SRV-094,14-06-2026 14:30,Database,Windows Server,68.82,60.24,46.68,65.03,1794.34,1203.51,24.82,351.73,963,8631,9,271,1030.43,55.16,Sunday,14,0
SRV-034,14-06-2026 16:00,Database,Linux,64.79,76.63,48.18,67.13,1624.0,1151.32,17.82,296.65,711,8564,8,210,837.46,58.72,Sunday,16,0
SRV-045,14-06-2026 16:30,File,Linux,98.03,54.21,41.04,45.43,1299.42,1039.87,15.41,371.7,545,6760,11,393,1855.81,58.53,Sunday,16,0
SRV-020,14-06-2026 16:30,Application,Linux,89.08,48.22,66.15,63.75,1485.89,1170.29,32.53,294.15,735,7788,10,294,195.65,63.93,Sunday,16,0
SRV-048,14-06-2026 17:00,Web,Linux,63.13,69.6,42.28,54.37,1654.28,1239.34,24.56,324.41,801,8182,17,278,1726.82,57.76,Sunday,17,0
SRV-092,14-06-2026 19:00,Application,Linux,42.3,62.69,72.02,34.29,1041.63,878.99,25.65,228.79,426,5738,8,185,265.01,44.08,Sunday,19,0
SRV-051,14-06-2026 19:30,Web,Windows Server,47.89,62.93,60.34,40.72,1109.95,833.38,11.23,292.08,641,5819,9,228,866.2,46.09,Sunday,19,0
SRV-092,14-06-2026 20:00,Application,Linux,53.4,70.98,70.3,42.12,1126.82,824.84,18.54,272.94,587,5813,7,251,873.97,51.11,Sunday,20,0
SRV-047,14-06-2026 23:00,Database,Linux,64.85,38.69,47.13,43.67,1117.78,821.91,27.06,244.43,696,6147,5,293,871.13,52.82,Sunday,23,0
SRV-025,14-06-2026 23:30,File,Linux,71.43,41.76,48.24,39.22,1089.59,744.84,25.69,273.07,698,5007,11,255,848.01,52.4,Sunday,23,0
SRV-018,15-06-2026 01:30,Web,Windows Server,52.03,59.93,42.16,52.58,1388.3,966.2,14.71,239.39,616,7191,5,237,1460.21,50.0,Monday,1,0
SRV-035,15-06-2026 04:30,Database,Linux,53.89,66.44,48.2,49.74,1447.2,1096.81,23.78,302.16,709,7534,10,232,546.71,49.59,Monday,4,0
SRV-085,15-06-2026 07:00,Web,Windows Server,69.41,48.22,33.94,53.69,1376.53,984.5,32.46,274.18,631,7046,10,338,851.3,59.05,Monday,7,0
SRV-018,15-06-2026 07:30,Web,Windows Server,59.25,74.33,50.34,54.12,1392.04,1007.4,15.17,328.31,600,7099,11,225,1611.85,53.96,Monday,7,0
SRV-062,15-06-2026 09:30,Database,Windows Server,85.65,52.75,74.69,70.01,2205.87,1626.43,27.67,348.64,938,10856,15,297,895.25,55.85,Monday,9,0
SRV-080,15-06-2026 10:00,File,Windows Server,59.38,67.55,43.52,61.22,1596.39,1200.21,11.65,288.03,813,8092,10,311,233.76,50.76,Monday,10,0
SRV-095,15-06-2026 10:00,Database,Linux,73.89,67.54,88.18,99.0,2052.59,1693.95,20.26,360.75,988,11245,9,276,110.05,60.7,Monday,10,0
SRV-064,15-06-2026 10:30,File,Linux,68.43,69.0,60.28,55.75,1594.28,1183.47,29.39,312.84,737,8212,11,254,337.03,54.83,Monday,10,0
SRV-034,15-06-2026 11:00,Database,Linux,87.68,63.23,45.8,82.15,2239.57,1786.53,29.5,256.16,794,11273,13,304,792.47,66.68,Monday,11,0
SRV-014,15-06-2026 11:30,File,Linux,55.09,79.91,52.44,46.55,1535.34,1205.2,21.5,313.84,827,8272,9,233,892.86,57.97,Monday,11,0
SRV-054,15-06-2026 11:30,Application,Linux,71.04,80.9,62.71,69.95,1922.45,1492.94,32.51,341.44,1167,10051,8,280,687.89,56.16,Monday,11,0
SRV-004,15-06-2026 13:00,Application,Windows Server,68.52,58.91,51.34,82.73,1895.14,1386.24,25.73,358.72,938,10062,15,219,998.46,61.97,Monday,13,0
SRV-080,15-06-2026 13:00,File,Windows Server,72.59,60.62,58.9,97.62,1698.26,1186.23,36.38,321.06,904,8355,16,227,740.74,60.66,Monday,13,0
SRV-068,15-06-2026 13:30,Database,Windows Server,92.2,77.73,54.6,79.38,2167.09,1623.85,31.04,371.74,884,11007,12,351,851.99,63.23,Monday,13,0
SRV-098,15-06-2026 15:00,Web,Windows Server,76.21,63.31,65.61,74.15,1946.04,1479.27,26.82,354.89,818,10194,12,290,1139.25,56.86,Monday,15,0
SRV-034,15-06-2026 15:30,Database,Linux,67.9,79.76,66.58,76.99,2172.08,1668.13,24.49,367.95,1029,10881,16,325,650.05,56.57,Monday,15,0
SRV-032,15-06-2026 16:00,API,Windows Server,78.77,71.68,54.13,71.6,2110.89,1595.97,24.66,321.9,904,10673,9,279,471.38,56.51,Monday,16,0
SRV-043,15-06-2026 16:00,Application,Windows Server,96.15,67.5,59.65,73.04,1857.3,1467.03,27.49,333.94,988,9891,12,267,550.08,63.8,Monday,16,0
SRV-008,15-06-2026 17:30,File,Linux,77.26,74.13,77.21,69.56,1529.25,1169.81,21.59,273.69,602,8231,8,310,534.49,60.1,Monday,17,0
SRV-056,15-06-2026 18:00,File,Windows Server,76.55,71.12,37.55,85.95,1531.17,1178.12,29.51,283.92,741,8258,11,214,1012.35,58.02,Monday,18,0
SRV-072,15-06-2026 18:30,Database,Linux,63.71,70.94,50.24,29.93,1516.47,1087.51,29.03,295.39,798,7610,6,268,630.63,49.48,Monday,18,0
SRV-045,15-06-2026 19:00,File,Linux,73.57,58.6,40.76,57.99,1094.31,874.9,15.67,361.22,591,5859,12,305,2081.8,53.22,Monday,19,0
SRV-060,15-06-2026 19:00,Web,Windows Server,54.7,66.56,28.57,55.92,1337.66,1038.09,24.59,302.73,584,7123,14,247,1919.49,52.82,Monday,19,0
SRV-066,15-06-2026 19:30,Application,Linux,70.23,68.13,58.18,78.92,1195.58,1009.46,29.02,389.52,725,6882,15,245,1089.14,58.77,Monday,19,0
SRV-034,15-06-2026 20:00,Database,Linux,46.31,60.67,36.85,64.26,1425.49,1093.78,28.31,231.45,765,7414,11,224,917.28,53.08,Monday,20,0
SRV-027,15-06-2026 20:30,Database,Linux,68.11,60.89,74.65,54.33,1543.07,1031.98,28.2,311.97,768,7235,4,276,721.99,64.72,Monday,20,0
SRV-010,15-06-2026 20:30,Database,Windows Server,83.47,59.04,63.67,58.52,1369.14,1122.79,35.92,307.79,898,7300,18,340,1259.17,59.21,Monday,20,0
SRV-029,15-06-2026 20:30,Web,Linux,73.68,66.92,34.34,64.47,1355.25,1055.72,21.67,286.92,499,7146,6,287,940.66,54.7,Monday,20,0
SRV-029,15-06-2026 22:00,Web,Linux,67.91,53.67,71.17,52.93,1348.29,1072.05,16.46,304.31,753,6985,7,288,719.24,54.05,Monday,22,0
SRV-016,15-06-2026 22:00,Web,Windows Server,69.31,56.93,70.78,54.49,1289.22,1072.58,22.58,306.75,666,7139,9,256,985.9,53.14,Monday,22,0
SRV-100,15-06-2026 22:30,API,Linux,78.24,63.5,31.29,66.57,1419.71,1120.14,21.47,291.72,620,7382,17,308,559.01,60.83,Monday,22,0
SRV-023,15-06-2026 23:00,API,Linux,64.86,59.8,56.79,58.57,1440.33,1027.4,17.89,298.71,753,7280,8,272,879.62,56.14,Monday,23,0
SRV-025,16-06-2026 04:30,File,Linux,62.95,56.88,54.96,39.67,1142.44,771.67,26.32,293.26,719,5877,10,167,379.6,52.31,Tuesday,4,0
SRV-035,16-06-2026 05:00,Database,Linux,55.96,73.98,55.56,56.51,1486.75,1095.64,20.54,243.01,635,7372,10,229,514.98,50.9,Tuesday,5,0
SRV-097,16-06-2026 05:30,Database,Linux,63.74,72.36,53.6,39.43,1379.74,1058.64,24.5,295.32,445,7353,8,252,301.94,53.2,Tuesday,5,0
SRV-010,16-06-2026 05:30,Database,Windows Server,70.52,52.62,11.98,69.9,1390.65,990.38,26.86,280.18,529,7380,10,334,690.44,58.77,Tuesday,5,0
SRV-076,16-06-2026 06:30,Web,Linux,93.25,62.81,44.66,75.93,1355.28,990.4,21.91,361.03,566,6885,11,339,485.97,63.04,Tuesday,6,0
SRV-027,16-06-2026 06:30,Database,Linux,77.26,72.55,62.37,66.48,1489.26,1062.24,20.21,277.41,716,7489,16,242,517.94,55.18,Tuesday,6,0
SRV-012,16-06-2026 07:00,API,Linux,34.28,76.87,63.28,33.64,1460.86,1018.93,12.47,244.72,404,7371,12,187,710.29,54.29,Tuesday,7,0
SRV-035,16-06-2026 07:30,Database,Linux,61.58,54.4,51.86,55.77,1501.4,1120.5,29.11,239.57,736,7394,8,230,1414.66,55.82,Tuesday,7,0
SRV-083,16-06-2026 08:30,File,Linux,63.15,45.11,42.31,66.05,1163.48,841.0,20.9,225.8,601,5916,4,256,459.53,54.42,Tuesday,8,0
SRV-003,16-06-2026 08:30,API,Linux,74.73,63.13,62.97,28.14,1362.84,1131.59,32.42,279.41,692,7409,13,174,1324.36,55.96,Tuesday,8,0
SRV-087,16-06-2026 08:30,Application,Linux,65.3,51.25,54.32,76.83,1433.7,1029.42,23.23,231.63,666,6793,8,255,304.79,59.52,Tuesday,8,0
SRV-045,16-06-2026 09:00,File,Linux,73.53,69.58,47.73,48.8,1626.44,1338.31,26.96,288.13,572,8260,10,216,494.26,54.94,Tuesday,9,0
SRV-012,16-06-2026 09:30,API,Linux,99.0,73.81,86.65,99.0,2049.28,1596.31,26.41,356.77,1006,10632,10,296,683.76,68.16,Tuesday,9,0
SRV-017,16-06-2026 10:00,Application,Windows Server,83.06,83.29,52.01,84.23,1940.82,1450.18,26.51,377.02,925,9974,13,359,1036.67,64.81,Tuesday,10,0
SRV-070,16-06-2026 13:00,Database,Windows Server,95.6,75.87,43.04,98.57,2115.2,1594.34,35.23,438.45,989,10844,13,240,407.19,58.91,Tuesday,13,1
SRV-007,16-06-2026 14:00,File,Linux,65.49,58.74,61.61,69.62,1594.44,1126.25,21.87,249.19,546,8249,7,229,553.69,57.35,Tuesday,14,0
SRV-050,16-06-2026 14:00,Web,Linux,92.33,62.46,68.08,80.57,2052.38,1500.17,26.77,356.47,1025,10190,12,271,1312.64,59.18,Tuesday,14,0
SRV-039,16-06-2026 15:30,Web,Windows Server,66.15,79.68,69.04,77.96,2018.91,1580.08,28.37,386.87,964,10266,12,323,879.8,59.21,Tuesday,15,0
SRV-091,16-06-2026 16:30,Web,Windows Server,92.86,76.52,69.2,81.3,1922.86,1451.82,24.96,382.57,697,10371,11,367,543.13,65.18,Tuesday,16,0
SRV-028,16-06-2026 19:00,Web,Linux,68.76,75.27,62.62,95.31,1509.34,1005.24,18.09,339.36,520,7186,10,299,336.25,60.38,Tuesday,19,0
SRV-089,16-06-2026 20:00,Web,Windows Server,60.39,51.97,48.12,58.09,1371.38,992.7,24.95,267.32,637,7027,6,314,676.33,49.8,Tuesday,20,0
SRV-061,16-06-2026 20:30,Application,Linux,60.28,48.5,63.88,69.1,1373.01,1066.14,29.39,233.82,608,6843,6,220,1202.45,56.44,Tuesday,20,0
SRV-046,16-06-2026 21:00,File,Linux,56.97,53.66,36.81,32.77,1145.47,829.94,35.15,340.42,617,5776,10,178,434.34,49.53,Tuesday,21,0
SRV-032,16-06-2026 21:30,API,Windows Server,59.26,51.76,45.89,45.51,1390.39,1053.95,20.27,230.33,573,7202,2,258,377.45,51.66,Tuesday,21,0
SRV-068,16-06-2026 22:00,Database,Windows Server,57.54,46.42,42.52,83.96,1480.23,1042.96,19.41,219.92,472,7456,5,259,408.61,59.82,Tuesday,22,0
SRV-094,16-06-2026 22:30,Database,Windows Server,80.61,52.88,54.52,54.94,1477.79,1009.4,32.79,265.2,483,7420,12,318,1315.55,55.88,Tuesday,22,0
SRV-014,16-06-2026 23:30,File,Linux,67.57,60.71,37.33,19.72,1169.7,832.47,19.59,296.01,500,5913,3,306,371.11,57.27,Tuesday,23,0
SRV-033,17-06-2026 00:00,Database,Linux,58.04,67.36,53.7,69.53,1440.74,1066.44,24.48,275.97,669,7404,13,270,384.83,53.13,Wednesday,0,0
SRV-011,17-06-2026 00:30,Database,Linux,75.6,68.59,51.58,64.82,1402.36,1035.14,21.96,245.49,373,7471,10,250,722.6,58.49,Wednesday,0,0
SRV-039,17-06-2026 01:00,Web,Windows Server,59.55,58.45,59.17,53.03,1434.77,1034.78,24.41,299.71,649,6861,14,265,336.16,55.56,Wednesday,1,0
SRV-014,17-06-2026 01:30,File,Linux,54.88,70.55,51.12,72.51,1166.57,816.69,24.87,285.37,644,5941,8,277,812.97,55.94,Wednesday,1,0
SRV-093,17-06-2026 02:00,Database,Linux,67.17,74.76,37.82,71.1,1476.27,1128.7,20.67,321.17,672,7502,12,319,1506.43,53.99,Wednesday,2,0
SRV-094,17-06-2026 02:00,Database,Windows Server,50.5,65.99,44.96,50.21,1455.85,1080.18,32.61,317.47,811,7441,8,285,661.97,57.49,Wednesday,2,0
SRV-090,17-06-2026 02:00,Application,Linux,71.25,75.75,56.69,41.93,1328.55,1023.48,28.02,295.18,603,6790,10,291,612.58,55.68,Wednesday,2,0
SRV-095,17-06-2026 02:30,Database,Linux,75.32,75.23,58.26,54.62,1563.03,1089.38,24.43,372.58,699,7461,21,303,863.93,57.7,Wednesday,2,0
SRV-097,17-06-2026 06:00,Database,Linux,73.22,70.84,68.36,70.99,1461.95,1028.23,24.5,310.25,759,7405,18,296,321.07,62.95,Wednesday,6,0
SRV-056,17-06-2026 07:00,File,Windows Server,86.9,62.08,69.96,62.42,1272.97,897.84,22.73,324.98,568,5915,7,364,283.58,64.74,Wednesday,7,0
SRV-059,17-06-2026 07:00,Web,Windows Server,49.37,52.25,73.22,73.02,1410.99,1015.43,30.44,255.78,651,7091,9,281,1026.83,50.9,Wednesday,7,0
SRV-021,17-06-2026 07:30,File,Linux,76.78,65.15,45.92,51.63,1165.49,810.42,28.16,324.16,451,5895,10,270,905.51,58.33,Wednesday,7,0
SRV-084,17-06-2026 08:30,Web,Linux,60.92,54.52,64.52,69.14,1402.06,955.38,23.78,225.52,711,7031,10,277,713.34,48.66,Wednesday,8,0
SRV-045,17-06-2026 08:30,File,Linux,78.75,46.55,44.03,39.59,1108.31,882.34,27.19,290.63,513,6130,7,236,243.77,54.02,Wednesday,8,0
SRV-018,17-06-2026 08:30,Web,Windows Server,80.92,55.96,52.71,49.14,1305.32,1014.15,23.68,363.89,864,6947,11,322,641.57,60.37,Wednesday,8,0
SRV-031,17-06-2026 11:00,Application,Linux,96.48,80.53,53.15,86.58,1938.91,1419.7,29.48,355.34,805,9997,14,277,665.77,58.38,Wednesday,11,0
SRV-021,17-06-2026 13:30,File,Linux,74.41,62.86,58.2,79.34,1712.83,1196.36,27.1,379.83,583,8353,8,315,605.68,57.7,Wednesday,13,0
SRV-010,17-06-2026 14:00,Database,Windows Server,84.86,60.65,45.07,82.86,2192.81,1730.02,37.41,339.48,1131,11008,12,268,1023.36,62.95,Wednesday,14,0
SRV-050,17-06-2026 16:00,Web,Linux,65.92,67.08,87.13,79.12,2090.99,1561.92,37.33,343.29,1264,10448,10,325,346.14,59.51,Wednesday,16,0
SRV-028,17-06-2026 16:30,Web,Linux,78.39,77.92,62.59,80.42,2104.22,1528.31,31.89,298.51,922,10493,11,283,632.88,60.63,Wednesday,16,0
SRV-054,17-06-2026 18:30,Application,Linux,65.62,74.38,37.4,67.29,1415.5,959.38,24.77,293.13,678,6852,17,264,385.28,56.62,Wednesday,18,0
SRV-089,17-06-2026 18:30,Web,Windows Server,93.85,50.17,71.21,57.32,1342.81,952.01,23.84,327.07,754,7033,9,350,440.21,61.57,Wednesday,18,0
SRV-068,17-06-2026 19:00,Database,Windows Server,60.03,50.43,61.01,64.02,1396.25,1035.27,17.38,249.31,543,7569,7,277,277.9,58.97,Wednesday,19,0
SRV-046,17-06-2026 19:30,File,Linux,56.81,54.17,49.59,44.6,1158.35,886.7,16.67,223.38,483,5882,6,243,527.49,56.88,Wednesday,19,0
SRV-057,17-06-2026 20:00,Database,Linux,71.28,56.11,30.11,59.3,1514.75,1085.32,18.23,285.78,807,7414,12,276,379.49,63.58,Wednesday,20,0
SRV-053,17-06-2026 22:30,File,Linux,52.69,78.97,61.11,75.07,1044.0,882.09,13.52,302.16,341,5826,7,298,579.33,58.01,Wednesday,22,0
SRV-094,17-06-2026 22:30,Database,Windows Server,76.95,56.46,65.14,86.66,1444.22,1124.74,22.98,234.9,542,7528,2,273,741.57,58.13,Wednesday,22,0
SRV-055,17-06-2026 23:00,Application,Linux,66.36,63.42,52.38,63.09,1316.91,1072.88,23.28,392.15,703,6939,18,223,1233.25,51.26,Wednesday,23,0
SRV-029,18-06-2026 00:00,Web,Linux,73.88,54.69,63.19,60.52,1311.89,1009.76,19.77,301.38,421,6995,11,166,942.26,48.51,Thursday,0,0
SRV-049,18-06-2026 02:30,Application,Linux,55.54,56.82,67.62,56.1,1343.76,1021.41,25.06,310.87,715,6898,8,247,599.89,54.86,Thursday,2,0
SRV-019,18-06-2026 02:30,File,Linux,56.5,66.88,47.89,58.31,1187.83,868.25,28.3,305.33,570,5858,6,194,1116.82,58.87,Thursday,2,0
SRV-091,18-06-2026 03:00,Web,Windows Server,61.73,51.84,46.57,54.83,1306.63,978.52,21.05,327.58,656,6887,12,293,823.74,50.88,Thursday,3,0
SRV-087,18-06-2026 05:00,Application,Linux,63.54,59.13,59.39,65.16,1392.57,1040.01,24.31,275.03,671,6834,11,219,800.53,56.43,Thursday,5,0
SRV-063,18-06-2026 06:30,Application,Linux,37.87,59.53,42.97,57.64,1220.61,925.67,14.11,274.46,513,6693,9,244,920.26,47.46,Thursday,6,0
SRV-040,18-06-2026 07:00,Application,Linux,64.1,73.23,62.88,41.85,1473.44,992.26,20.84,327.74,624,6845,10,284,738.01,59.56,Thursday,7,0
SRV-001,18-06-2026 08:00,File,Windows Server,55.16,61.78,70.41,44.01,1060.05,775.03,15.98,228.17,474,5913,7,261,853.21,53.4,Thursday,8,0
SRV-059,18-06-2026 08:00,Web,Windows Server,49.32,35.0,82.7,61.52,1380.4,1032.41,23.73,197.91,774,7122,8,237,756.4,49.76,Thursday,8,0
SRV-080,18-06-2026 08:30,File,Windows Server,75.54,65.74,63.1,44.5,1254.22,853.68,24.88,336.8,378,6087,11,272,1129.75,57.35,Thursday,8,0
SRV-014,18-06-2026 10:30,File,Linux,65.17,51.34,38.95,54.43,1589.4,1315.16,30.26,265.76,830,8322,6,244,466.96,52.83,Thursday,10,0
SRV-034,18-06-2026 11:00,Database,Linux,97.47,75.88,55.28,77.57,2226.55,1621.42,27.69,340.86,939,11124,11,314,366.28,62.87,Thursday,11,0
SRV-001,18-06-2026 11:00,File,Windows Server,83.25,49.52,33.62,81.85,1671.45,1085.42,26.62,240.52,604,8228,8,309,440.63,57.6,Thursday,11,0
SRV-092,18-06-2026 13:00,Application,Linux,85.38,75.77,56.78,62.91,1947.93,1539.49,34.6,368.79,1063,9945,9,289,578.89,60.19,Thursday,13,0
SRV-022,18-06-2026 13:00,Database,Linux,66.97,79.92,43.6,79.23,2288.27,1607.27,29.18,312.6,1085,11105,13,327,607.91,54.86,Thursday,13,0
SRV-010,18-06-2026 14:30,Database,Windows Server,89.11,74.59,50.38,87.35,2088.36,1606.9,32.64,401.51,1068,11085,11,319,592.44,62.91,Thursday,14,0
SRV-006,18-06-2026 15:00,API,Windows Server,83.64,69.22,66.38,82.82,2018.72,1590.17,13.53,292.98,856,10647,10,360,501.06,60.26,Thursday,15,0
SRV-030,18-06-2026 15:30,Application,Linux,99.0,97.21,49.61,76.72,1965.8,1359.78,29.04,356.38,1004,10063,8,269,1022.31,71.23,Thursday,15,0
SRV-019,18-06-2026 16:00,File,Linux,78.71,67.78,35.26,60.11,1672.88,1329.26,17.3,335.21,662,8283,13,289,316.02,65.03,Thursday,16,0
SRV-067,18-06-2026 16:30,Application,Windows Server,64.94,72.47,48.9,75.77,1914.55,1478.99,23.83,302.71,919,9881,5,229,715.55,53.23,Thursday,16,0
SRV-054,18-06-2026 17:00,Application,Linux,78.85,84.63,54.37,59.62,2247.43,1436.52,22.61,369.1,951,9980,13,306,652.98,57.48,Thursday,17,0
SRV-043,18-06-2026 17:00,Application,Windows Server,62.69,73.58,41.03,89.2,2075.13,1450.33,27.64,320.51,925,10029,9,274,506.28,56.0,Thursday,17,0
SRV-072,18-06-2026 18:00,Database,Linux,81.39,74.83,43.87,99.0,2135.31,1578.6,32.13,294.54,1263,11118,11,307,847.41,63.26,Thursday,18,0
SRV-044,18-06-2026 20:30,Database,Linux,71.6,62.69,86.89,52.87,1566.92,1108.47,31.18,293.91,792,7507,16,293,975.19,58.92,Thursday,20,0
SRV-001,18-06-2026 21:00,File,Windows Server,74.86,50.29,34.79,61.49,1020.87,838.06,23.73,370.4,419,5856,10,309,350.71,54.44,Thursday,21,0
SRV-001,18-06-2026 22:30,File,Windows Server,71.16,42.79,50.04,64.5,1136.48,919.91,14.5,279.46,580,5923,8,274,246.26,56.68,Thursday,22,0
SRV-006,18-06-2026 23:30,API,Windows Server,68.39,71.3,64.15,47.03,1439.12,1027.88,16.92,326.03,610,7167,14,243,1762.75,52.95,Thursday,23,0
SRV-080,19-06-2026 00:00,File,Windows Server,47.87,51.92,62.44,59.65,1139.09,878.62,13.11,211.99,297,5820,14,219,327.35,48.62,Friday,0,0
SRV-034,19-06-2026 00:30,Database,Linux,64.14,74.52,45.48,45.26,1451.45,1076.59,30.61,306.33,954,7528,10,229,574.87,54.31,Friday,0,0
SRV-068,19-06-2026 04:00,Database,Windows Server,50.54,65.55,52.23,58.29,1574.09,1139.82,17.53,272.06,491,7377,6,211,585.4,54.69,Friday,4,0
SRV-077,19-06-2026 04:30,Web,Linux,51.09,67.13,53.68,51.69,1408.64,1065.01,12.95,229.35,789,7103,10,203,491.67,55.82,Friday,4,0
SRV-095,19-06-2026 05:00,Database,Linux,80.49,79.05,57.87,32.85,1412.68,1076.91,20.89,310.78,450,7406,11,296,876.18,57.33,Friday,5,0
SRV-065,19-06-2026 05:00,Application,Linux,49.11,46.54,61.97,56.83,1255.86,940.98,33.6,295.44,759,6819,8,227,423.2,46.82,Friday,5,0
SRV-053,19-06-2026 05:00,File,Linux,69.01,62.29,55.45,58.52,1133.86,908.04,24.81,327.23,447,5891,16,197,201.86,53.54,Friday,5,0
SRV-014,19-06-2026 08:00,File,Linux,58.99,58.81,68.34,33.34,1165.96,853.89,22.36,263.52,577,5921,7,274,400.69,49.65,Friday,8,0
SRV-028,19-06-2026 08:00,Web,Linux,63.6,68.8,64.89,65.24,1414.08,1014.91,17.56,293.5,753,6991,7,279,251.98,51.88,Friday,8,0
SRV-006,19-06-2026 08:30,API,Windows Server,56.72,63.14,51.86,57.75,1464.85,1078.44,22.01,249.07,715,7394,13,284,1059.58,50.88,Friday,8,0
SRV-078,19-06-2026 10:00,Application,Windows Server,76.93,63.7,57.22,47.13,1936.26,1413.24,26.1,298.24,1014,9989,4,286,322.14,57.48,Friday,10,0
SRV-010,19-06-2026 11:00,Database,Windows Server,89.69,81.12,51.98,75.15,2056.37,1585.45,33.56,365.14,1034,11144,19,382,692.73,58.95,Friday,11,0
SRV-022,19-06-2026 11:00,Database,Linux,99.0,75.08,80.93,72.76,2171.85,1592.78,36.69,405.64,729,11053,11,281,545.87,66.55,Friday,11,0
SRV-002,19-06-2026 13:30,Database,Windows Server,99.0,85.19,54.55,80.33,2200.98,1631.83,25.06,365.47,1026,11137,16,253,924.19,63.52,Friday,13,0
SRV-085,19-06-2026 13:30,Web,Windows Server,76.8,83.47,60.27,87.63,2051.11,1504.61,22.91,439.62,1134,10183,14,271,1458.32,56.54,Friday,13,1
SRV-007,19-06-2026 14:00,File,Linux,61.62,64.8,48.27,56.25,1581.96,1166.0,24.02,321.71,1085,8253,5,260,725.09,57.47,Friday,14,0
SRV-097,19-06-2026 14:30,Database,Linux,90.94,76.87,59.39,67.34,2197.81,1736.97,22.02,318.31,1062,11166,13,294,1070.76,60.03,Friday,14,0
SRV-046,19-06-2026 15:30,File,Linux,75.97,65.9,47.26,78.07,1543.23,1255.02,28.32,364.06,1027,8234,19,287,988.78,57.4,Friday,15,0
SRV-078,19-06-2026 16:30,Application,Windows Server,82.21,84.95,41.86,73.86,2008.95,1509.6,29.54,360.83,1241,10145,15,321,250.86,58.11,Friday,16,0
SRV-045,19-06-2026 17:00,File,Linux,76.84,60.02,52.76,56.14,1557.72,1201.46,26.97,345.25,895,8247,10,301,594.55,56.99,Friday,17,0
SRV-042,19-06-2026 17:00,File,Linux,64.14,75.31,32.2,72.9,1688.67,1188.96,24.9,319.43,804,8081,9,252,641.15,58.31,Friday,17,0
SRV-007,19-06-2026 18:00,File,Linux,61.78,59.52,60.22,67.04,1572.48,1258.66,25.67,307.66,543,8135,12,252,412.33,49.62,Friday,18,0
SRV-075,19-06-2026 19:00,Web,Linux,64.49,63.21,63.8,47.9,1397.17,991.87,26.7,295.39,614,7079,10,278,277.0,53.86,Friday,19,0
SRV-048,19-06-2026 19:30,Web,Linux,58.05,78.86,70.83,78.75,1467.55,1070.35,22.79,252.35,583,7080,10,274,925.88,55.1,Friday,19,0
SRV-095,19-06-2026 19:30,Database,Linux,66.32,57.08,71.59,66.36,1445.04,1099.58,27.41,319.39,414,7345,11,282,308.67,63.71,Friday,19,0
SRV-088,19-06-2026 20:00,Database,Linux,59.86,78.52,62.71,51.91,1504.17,1050.72,16.96,247.55,670,7461,13,251,480.2,49.96,Friday,20,0
SRV-015,19-06-2026 20:30,Database,Linux,62.9,58.01,43.23,39.96,1426.25,1092.21,22.48,301.26,750,7509,15,327,577.62,51.79,Friday,20,0
SRV-092,19-06-2026 20:30,Application,Linux,53.18,60.59,92.3,75.24,1334.21,1046.92,17.27,258.69,470,6919,8,261,667.64,54.44,Friday,20,0
SRV-072,19-06-2026 21:00,Database,Linux,48.2,65.99,58.79,63.93,1437.16,1106.65,30.2,268.5,769,7427,4,261,181.91,58.01,Friday,21,0
SRV-004,19-06-2026 21:00,Application,Windows Server,70.71,51.76,52.93,77.25,1279.65,1024.88,27.97,353.28,761,6860,10,347,1163.37,53.72,Friday,21,0
SRV-077,19-06-2026 22:00,Web,Linux,68.8,52.54,52.98,52.09,1303.42,1027.44,26.95,319.57,714,6910,7,218,848.72,63.33,Friday,22,0
SRV-050,20-06-2026 00:00,Web,Linux,53.92,49.36,45.58,55.11,1117.66,866.09,18.77,302.16,438,5832,10,259,1031.73,53.54,Saturday,0,0
SRV-092,20-06-2026 00:00,Application,Linux,52.7,47.13,53.68,70.12,1123.01,831.01,24.46,281.77,657,5703,14,292,612.99,55.61,Saturday,0,0
SRV-045,20-06-2026 00:30,File,Linux,54.92,55.8,42.42,53.77,931.13,776.82,6.99,284.14,393,5048,7,221,289.7,54.82,Saturday,0,0
SRV-042,20-06-2026 00:30,File,Linux,55.59,56.94,43.9,47.22,971.53,757.35,16.39,267.39,370,5048,8,213,171.07,51.94,Saturday,0,0
SRV-040,20-06-2026 01:00,Application,Linux,61.49,65.07,35.1,49.25,1001.14,722.38,24.64,278.62,236,5592,5,291,1076.48,53.34,Saturday,1,0
SRV-053,20-06-2026 01:00,File,Linux,46.43,54.71,55.1,48.88,1128.3,744.87,23.72,251.84,518,4993,9,169,448.33,55.5,Saturday,1,0
SRV-097,20-06-2026 02:00,Database,Linux,73.7,52.51,43.25,42.34,1312.36,930.76,24.08,274.1,689,6076,9,281,401.03,54.51,Saturday,2,0
SRV-098,20-06-2026 02:30,Web,Windows Server,59.19,51.03,60.14,29.68,1142.8,853.67,28.42,310.8,760,5803,9,263,324.72,54.39,Saturday,2,0
SRV-041,20-06-2026 03:00,Database,Linux,67.96,76.2,71.82,58.51,1234.94,868.03,18.63,384.92,432,6163,12,265,730.32,56.56,Saturday,3,0
SRV-092,20-06-2026 04:30,Application,Linux,65.39,69.38,64.61,54.65,1025.11,870.21,15.3,272.59,508,5633,13,241,508.8,58.5,Saturday,4,0
SRV-019,20-06-2026 06:00,File,Linux,49.74,35.36,46.35,31.02,886.09,734.92,23.94,209.65,380,4909,7,224,287.04,46.34,Saturday,6,0
SRV-054,20-06-2026 08:00,Application,Linux,59.44,45.96,45.45,65.71,1149.89,830.2,28.1,227.59,574,5717,7,246,517.85,55.88,Saturday,8,0
SRV-096,20-06-2026 09:00,Application,Linux,88.34,67.3,53.61,52.92,1430.16,1222.63,26.58,349.12,791,7930,10,283,613.0,59.59,Saturday,9,0
SRV-056,20-06-2026 10:00,File,Windows Server,62.69,41.62,56.38,62.76,1395.86,918.64,33.45,319.54,578,6811,5,277,484.98,56.19,Saturday,10,0
SRV-090,20-06-2026 10:00,Application,Linux,52.84,61.37,54.4,58.06,1525.6,1223.16,22.15,312.42,535,8014,5,200,483.22,55.35,Saturday,10,0
SRV-048,20-06-2026 13:00,Web,Linux,71.03,80.2,51.06,98.55,1680.8,1214.26,23.16,265.9,538,8006,8,290,737.75,61.07,Saturday,13,0
SRV-074,20-06-2026 14:00,Web,Windows Server,80.77,68.89,35.3,76.88,1576.44,1143.26,21.36,364.82,723,8172,6,324,274.54,59.12,Saturday,14,0
SRV-057,20-06-2026 15:30,Database,Linux,54.74,49.73,43.86,71.51,1715.54,1275.08,28.97,287.24,968,8728,10,257,463.29,55.53,Saturday,15,0
SRV-050,20-06-2026 17:30,Web,Linux,64.05,63.42,49.33,74.88,1604.41,1223.83,18.6,344.64,985,8246,6,298,209.06,58.32,Saturday,17,0
SRV-087,20-06-2026 19:30,Application,Linux,58.96,49.46,71.67,38.0,1141.78,832.06,15.4,223.87,492,5818,4,245,863.42,51.02,Saturday,19,0
SRV-081,20-06-2026 20:30,Application,Windows Server,47.21,52.54,70.63,28.48,1100.12,929.12,20.17,312.51,670,5683,10,237,446.67,47.08,Saturday,20,0
SRV-079,20-06-2026 21:00,Application,Windows Server,48.65,53.55,59.25,43.84,1134.56,787.24,21.33,236.21,599,5669,8,232,523.76,46.05,Saturday,21,0
SRV-062,20-06-2026 21:00,Database,Windows Server,75.09,55.31,39.47,48.2,1117.62,937.18,25.79,312.25,284,5951,8,289,380.86,60.42,Saturday,21,0
SRV-087,20-06-2026 22:00,Application,Linux,66.89,67.8,62.57,59.37,1064.32,824.54,24.72,276.77,343,5621,4,300,1049.87,54.72,Saturday,22,0
SRV-014,20-06-2026 23:00,File,Linux,53.12,45.14,34.09,47.83,909.58,626.99,12.55,269.39,355,5068,10,260,1192.55,58.95,Saturday,23,0
SRV-017,21-06-2026 00:00,Application,Windows Server,55.22,54.36,39.2,21.0,987.67,819.45,24.86,295.57,549,5534,9,312,300.06,56.375,Sunday,0,0
SRV-071,21-06-2026 01:00,Web,Linux,65.98,52.57,59.39,42.07,1124.59,782.69,30.27,246.13,350,5849,6,254,670.46,56.43,Sunday,1,0
SRV-012,21-06-2026 05:00,API,Linux,76.03,52.17,52.29,70.29,1132.69,907.57,24.46,311.29,591,5856,4,244,388.14,56.59,Sunday,5,0
SRV-072,21-06-2026 05:30,Database,Linux,49.88,59.25,65.13,40.33,1238.19,974.02,21.56,252.54,729,6157,13,146,830.76,45.4,Sunday,5,0
SRV-029,21-06-2026 06:00,Web,Linux,71.0,65.64,60.01,59.97,1048.29,868.38,23.54,269.25,536,5760,11,221,835.88,56.33,Sunday,6,0
SRV-044,21-06-2026 09:00,Database,Linux,73.45,81.81,55.51,75.47,1744.03,1252.84,30.43,318.89,967,8702,14,254,329.81,57.7,Sunday,9,0
SRV-018,21-06-2026 09:00,Web,Windows Server,77.19,65.4,58.32,79.06,1643.11,1139.41,29.88,318.48,755,7960,10,374,576.04,56.77,Sunday,9,0
SRV-086,21-06-2026 13:00,Web,Windows Server,71.32,59.2,64.27,52.88,1638.69,1129.25,24.19,320.19,787,8097,7,297,324.92,54.51,Sunday,13,0
SRV-032,21-06-2026 14:30,API,Windows Server,80.64,68.36,46.9,71.48,1632.55,1254.36,26.12,323.57,577,8444,12,285,486.13,61.76,Sunday,14,0
SRV-092,21-06-2026 15:30,Application,Linux,64.81,61.63,72.37,68.7,1551.3,1165.73,27.02,288.85,747,7970,13,286,623.75,60.62,Sunday,15,0
SRV-056,21-06-2026 17:30,File,Windows Server,68.63,69.82,43.35,54.02,1428.36,1001.93,23.05,259.29,669,6710,4,232,158.46,54.78,Sunday,17,0
SRV-047,21-06-2026 19:30,Database,Linux,40.48,57.17,68.13,54.61,1275.27,949.84,23.08,263.17,549,6010,10,218,455.22,52.23,Sunday,19,0
SRV-080,21-06-2026 20:30,File,Windows Server,60.9,39.18,62.12,45.92,997.15,665.27,24.5,319.15,511,5035,9,242,372.4,59.0,Sunday,20,0
SRV-014,21-06-2026 21:00,File,Linux,55.95,59.84,29.57,25.45,983.91,781.59,26.47,200.85,501,4951,14,268,478.65,47.62,Sunday,21,0
SRV-063,21-06-2026 21:00,Application,Linux,62.78,69.62,63.58,50.65,1089.59,927.44,27.78,314.26,655,5867,13,264,552.12,59.52,Sunday,21,0
SRV-053,21-06-2026 21:30,File,Linux,48.19,77.45,56.3,33.94,964.36,808.03,15.56,273.24,400,5180,9,261,1219.33,53.03,Sunday,21,0
SRV-094,21-06-2026 21:30,Database,Windows Server,70.52,43.96,54.65,34.29,1211.89,895.99,26.35,295.07,711,6239,11,243,298.58,54.53,Sunday,21,0
SRV-070,21-06-2026 23:00,Database,Windows Server,59.53,61.67,49.18,49.69,1132.13,858.27,17.56,263.75,545,5957,9,267,1062.67,49.91,Sunday,23,0
SRV-021,22-06-2026 03:00,File,Linux,66.79,54.84,70.56,71.33,1129.71,872.35,28.41,255.9,438,5874,3,297,1025.01,55.3,Monday,3,0
SRV-087,22-06-2026 04:00,Application,Linux,51.16,69.14,55.53,54.66,1406.28,1101.93,15.64,294.93,547,6882,10,236,1038.51,51.43,Monday,4,0
SRV-012,22-06-2026 05:00,API,Linux,74.52,51.48,73.9,67.58,1399.75,952.35,22.61,265.79,642,7189,11,319,634.95,58.92,Monday,5,0
SRV-081,22-06-2026 05:30,Application,Windows Server,83.19,47.8,67.14,53.77,1339.16,1009.6,18.98,304.49,749,6973,3,325,1629.75,57.41,Monday,5,0
SRV-023,22-06-2026 08:00,API,Linux,62.19,60.42,59.23,73.87,1404.69,1049.42,22.59,282.66,853,7255,6,235,514.81,56.4,Monday,8,0
SRV-100,22-06-2026 08:30,API,Linux,71.9,88.05,54.72,75.26,1381.7,1063.19,22.29,286.74,582,7396,10,328,791.45,63.28,Monday,8,0
SRV-088,22-06-2026 11:30,Database,Linux,98.39,85.75,47.2,81.56,2233.07,1648.79,20.89,331.16,1117,10953,13,383,669.84,70.58,Monday,11,0
SRV-048,22-06-2026 12:30,Web,Linux,93.59,78.72,76.01,89.57,1993.14,1449.54,33.58,369.6,1089,10382,15,296,208.31,61.61,Monday,12,0
SRV-064,22-06-2026 12:30,File,Linux,70.17,67.43,86.19,83.95,1514.97,1167.37,27.98,264.31,840,8349,9,289,593.08,59.61,Monday,12,0
SRV-050,22-06-2026 13:30,Web,Linux,77.73,79.11,46.98,94.5,2158.65,1591.82,19.67,307.11,952,10338,10,264,850.74,62.25,Monday,13,0
SRV-094,22-06-2026 15:30,Database,Windows Server,79.69,79.13,68.12,73.32,2131.57,1683.63,25.09,359.13,977,10959,11,296,559.8,61.55,Monday,15,0
SRV-021,22-06-2026 16:30,File,Linux,63.44,56.91,42.34,78.42,1605.26,1258.42,26.93,283.28,625,8300,8,223,465.65,62.55,Monday,16,0
SRV-100,22-06-2026 16:30,API,Linux,78.39,72.77,55.93,80.52,2051.72,1607.3,25.02,392.85,988,10595,13,309,634.68,59.33,Monday,16,0
SRV-059,22-06-2026 17:00,Web,Windows Server,89.41,79.48,53.49,70.69,2001.96,1489.17,30.24,356.82,1050,10275,11,311,451.0,61.57,Monday,17,0
SRV-065,22-06-2026 19:30,Application,Linux,60.83,53.04,45.88,61.31,1256.92,947.74,22.87,285.34,843,6815,11,283,1539.88,52.07,Monday,19,0
SRV-081,22-06-2026 20:30,Application,Windows Server,61.0,67.67,56.79,79.74,1295.74,1033.14,22.17,307.75,563,6865,9,348,571.32,58.05,Monday,20,0
SRV-031,22-06-2026 22:00,Application,Linux,90.37,71.33,64.71,72.24,1366.28,1057.19,30.44,261.89,637,6754,9,296,607.04,62.51,Monday,22,0
SRV-054,23-06-2026 00:00,Application,Linux,64.74,71.24,54.44,68.07,1388.84,1015.55,23.34,326.47,681,6999,11,225,279.42,54.27,Tuesday,0,0
SRV-091,23-06-2026 01:30,Web,Windows Server,77.49,54.24,50.78,41.22,1345.07,1039.6,22.4,232.03,634,6944,9,308,1103.83,58.18,Tuesday,1,0
SRV-071,23-06-2026 03:30,Web,Linux,43.01,70.14,58.59,46.89,1493.59,1047.69,25.94,247.34,843,7031,6,244,634.28,47.24,Tuesday,3,0
SRV-064,23-06-2026 04:30,File,Linux,87.26,49.25,43.75,61.76,1062.69,938.76,23.58,327.28,777,5851,13,300,830.44,62.25,Tuesday,4,0
SRV-093,23-06-2026 06:00,Database,Linux,51.33,60.74,67.23,66.4,1332.1,1115.35,24.87,278.6,528,7419,15,273,241.1,56.11,Tuesday,6,0
SRV-035,23-06-2026 08:00,Database,Linux,52.35,62.33,49.52,62.35,1351.72,1144.83,11.98,247.93,552,7297,10,212,332.14,58.19,Tuesday,8,0
SRV-006,23-06-2026 08:00,API,Windows Server,78.52,47.13,50.13,58.29,1430.28,991.11,27.26,282.6,871,7212,6,310,205.82,60.61,Tuesday,8,0
SRV-042,23-06-2026 11:30,File,Linux,95.68,68.16,53.47,81.33,1695.2,1162.42,30.52,384.16,578,8256,18,317,1477.26,60.13,Tuesday,11,0
SRV-018,23-06-2026 13:00,Web,Windows Server,67.3,76.51,72.0,88.96,1991.83,1516.59,26.19,374.22,762,10365,9,260,398.22,58.91,Tuesday,13,0
SRV-100,23-06-2026 13:30,API,Linux,90.23,75.96,48.64,79.03,2090.23,1485.91,33.16,408.02,1132,10631,17,295,735.64,67.15,Tuesday,13,0
SRV-053,23-06-2026 13:30,File,Linux,71.98,61.15,59.85,65.17,1652.6,1167.47,26.96,294.18,663,8291,8,294,1014.31,57.25,Tuesday,13,0
SRV-066,23-06-2026 14:00,Application,Linux,74.42,75.2,29.53,74.3,1893.18,1461.73,25.43,311.57,1085,9997,15,242,299.98,56.52,Tuesday,14,0
SRV-062,23-06-2026 14:00,Database,Windows Server,94.44,75.23,58.65,69.06,2301.61,1710.25,21.84,362.0,875,11260,21,359,431.59,62.52,Tuesday,14,0
SRV-099,23-06-2026 14:00,Web,Linux,74.65,61.53,30.45,68.99,2010.68,1412.67,32.92,383.47,1128,10346,10,290,402.3,54.42,Tuesday,14,0
SRV-034,23-06-2026 14:30,Database,Linux,71.13,83.08,45.28,54.46,2106.87,1594.1,28.05,312.24,759,11116,7,333,362.99,59.89,Tuesday,14,0
SRV-091,23-06-2026 15:30,Web,Windows Server,78.94,81.54,61.96,86.05,2061.67,1475.64,27.13,379.21,745,10232,13,319,926.48,55.02,Tuesday,15,0
SRV-065,23-06-2026 16:00,Application,Linux,59.31,63.09,84.55,86.52,1977.63,1445.97,31.64,342.7,1001,9962,8,233,1390.67,58.41,Tuesday,16,0
SRV-025,23-06-2026 16:30,File,Linux,80.44,56.75,54.12,79.99,1598.52,1259.71,29.3,293.38,819,8381,11,342,794.56,59.34,Tuesday,16,0
SRV-080,23-06-2026 18:30,File,Windows Server,56.33,42.19,55.73,44.87,1218.46,863.32,18.46,223.31,701,5796,7,272,360.75,53.22,Tuesday,18,0
SRV-040,23-06-2026 19:00,Application,Linux,53.84,67.0,50.6,28.8,1360.56,974.25,19.09,183.3,795,6782,6,248,633.99,46.1,Tuesday,19,0
SRV-039,23-06-2026 23:30,Web,Windows Server,72.48,62.03,41.42,66.74,1426.29,1045.96,25.75,286.93,706,7035,13,346,592.49,53.06,Tuesday,23,0
SRV-009,24-06-2026 00:30,Web,Linux,61.15,47.66,65.3,48.9,1218.04,1085.11,19.81,249.39,381,7115,10,285,531.7,55.28,Wednesday,0,0
SRV-055,24-06-2026 01:00,Application,Linux,86.82,53.4,39.86,60.11,1384.34,1013.84,23.96,292.27,564,6753,9,308,1344.18,56.375,Wednesday,1,0
SRV-059,24-06-2026 02:00,Web,Windows Server,83.66,69.27,51.76,58.94,1366.87,1065.02,25.83,307.98,700,7099,8,235,550.0,57.53,Wednesday,2,0
SRV-047,24-06-2026 02:00,Database,Linux,67.18,60.53,58.29,45.63,1431.73,1064.67,37.77,352.74,759,7441,9,289,1314.54,54.93,Wednesday,2,0
SRV-031,24-06-2026 02:30,Application,Linux,81.66,61.23,57.04,94.17,1328.05,923.14,30.61,284.29,281,6772,6,191,1475.89,59.93,Wednesday,2,0
SRV-035,24-06-2026 03:00,Database,Linux,73.81,81.85,63.23,57.47,1455.37,1085.35,25.29,297.5,741,7382,16,292,393.58,55.44,Wednesday,3,0
SRV-037,24-06-2026 05:30,Web,Windows Server,46.72,55.33,52.12,59.8,1369.34,994.03,17.34,252.68,564,7062,8,183,612.63,50.6,Wednesday,5,0
SRV-015,24-06-2026 09:00,Database,Linux,66.77,85.51,38.57,63.78,2147.05,1693.13,30.54,347.71,1200,11140,9,200,653.32,58.25,Wednesday,9,0
SRV-081,24-06-2026 09:00,Application,Windows Server,70.29,96.12,47.92,71.21,1975.15,1521.65,25.94,324.26,763,9898,17,291,664.73,60.78,Wednesday,9,0
SRV-076,24-06-2026 09:30,Web,Linux,68.92,75.26,41.84,84.14,2101.99,1516.0,23.87,270.11,1241,10483,8,309,569.31,61.95,Wednesday,9,0
SRV-085,24-06-2026 11:30,Web,Windows Server,75.29,76.8,55.22,79.3,2008.99,1449.48,25.61,307.82,963,10464,11,222,1170.84,60.25,Wednesday,11,0
SRV-089,24-06-2026 12:30,Web,Windows Server,76.89,70.29,36.62,71.81,1980.01,1480.38,37.21,348.78,966,10308,13,313,716.41,58.68,Wednesday,12,0
SRV-089,24-06-2026 13:00,Web,Windows Server,81.98,75.24,39.13,77.3,2143.93,1451.3,31.22,361.7,939,10378,14,344,970.8,58.56,Wednesday,13,0
SRV-060,24-06-2026 14:00,Web,Windows Server,72.82,94.9,58.37,83.08,1974.38,1544.96,27.67,359.09,926,10322,18,300,480.83,63.64,Wednesday,14,0
SRV-052,24-06-2026 16:30,Web,Windows Server,70.36,81.91,55.6,73.21,2001.48,1477.29,25.15,309.73,952,10418,12,252,657.07,59.71,Wednesday,16,0
SRV-037,24-06-2026 17:00,Web,Windows Server,95.59,68.71,54.98,73.59,2005.57,1525.25,34.68,383.22,968,10472,16,328,645.01,67.09,Wednesday,17,0
SRV-035,24-06-2026 21:30,Database,Linux,66.1,39.88,34.55,41.0,1394.71,1074.12,23.79,252.7,912,7490,5,230,1157.62,52.03,Wednesday,21,0
SRV-031,24-06-2026 22:30,Application,Linux,69.67,58.37,51.32,33.0,1307.04,1021.58,16.4,309.43,646,6952,8,350,922.46,50.74,Wednesday,22,0
SRV-001,24-06-2026 23:00,File,Windows Server,60.12,41.55,67.9,37.55,1202.93,755.36,23.2,294.86,525,5943,11,275,509.77,57.75,Wednesday,23,0
SRV-062,24-06-2026 23:30,Database,Windows Server,72.71,52.01,55.18,68.2,1575.17,1059.4,25.33,294.37,716,7352,8,270,356.42,61.26,Wednesday,23,0
SRV-021,24-06-2026 23:30,File,Linux,61.27,67.48,58.17,65.94,1129.27,839.16,23.09,349.62,712,5990,17,282,1314.31,47.95,Wednesday,23,0
SRV-100,24-06-2026 23:30,API,Linux,82.02,46.48,46.8,61.77,1307.4,1106.2,21.72,292.98,682,7286,13,347,466.19,54.68,Wednesday,23,0
SRV-021,25-06-2026 00:00,File,Linux,57.82,46.21,69.22,53.57,1110.07,697.15,26.08,220.08,565,5757,9,253,682.25,47.38,Thursday,0,0
SRV-040,25-06-2026 02:00,Application,Linux,71.94,85.13,62.47,51.35,1303.7,1018.3,24.9,336.54,558,6869,12,273,830.0,55.79,Thursday,2,0
SRV-007,25-06-2026 02:30,File,Linux,62.93,41.49,50.16,42.9,1090.33,762.02,24.02,189.0,693,5860,11,305,1241.12,52.82,Thursday,2,0
SRV-052,25-06-2026 02:30,Web,Windows Server,64.85,56.84,62.62,67.63,1364.58,1037.11,30.54,310.28,713,6980,10,231,1592.17,55.3,Thursday,2,0
SRV-026,25-06-2026 03:00,Web,Linux,64.97,60.97,39.93,44.36,1440.22,998.83,23.69,274.64,662,7074,7,244,1262.82,56.94,Thursday,3,0
SRV-010,25-06-2026 03:30,Database,Windows Server,55.59,60.83,62.79,71.52,1428.96,1110.18,19.28,236.14,640,7532,2,199,1122.34,54.64,Thursday,3,0
SRV-029,25-06-2026 04:30,Web,Linux,62.53,65.41,48.58,55.47,1438.94,1015.46,26.56,316.06,848,6935,6,247,648.26,53.57,Thursday,4,0
SRV-079,25-06-2026 06:30,Application,Windows Server,45.56,54.58,63.53,41.88,1345.64,1006.16,25.45,186.96,552,6752,6,290,298.19,52.85,Thursday,6,0
SRV-099,25-06-2026 10:00,Web,Linux,68.76,71.96,32.21,89.51,2000.02,1487.12,35.94,262.62,709,10244,10,251,429.15,54.56,Thursday,10,0
SRV-016,25-06-2026 10:30,Web,Windows Server,92.28,73.48,63.94,75.67,1970.75,1434.07,30.8,337.34,843,10234,11,366,341.27,66.67,Thursday,10,0
SRV-046,25-06-2026 12:00,File,Linux,66.17,39.45,64.29,59.46,1631.33,1163.26,29.6,306.32,677,8396,10,232,1253.8,63.93,Thursday,12,0
SRV-015,25-06-2026 12:30,Database,Linux,99.0,88.12,64.49,81.38,2097.87,1612.76,23.0,424.1,1124,10992,15,412,996.28,66.75,Thursday,12,1
SRV-040,25-06-2026 13:30,Application,Linux,97.5,82.37,58.66,69.93,1933.38,1467.98,41.85,413.95,1138,9989,15,375,979.71,63.52,Thursday,13,1
SRV-022,25-06-2026 14:00,Database,Linux,84.88,83.84,61.8,53.23,2175.4,1543.89,29.12,351.17,1084,11130,12,320,986.11,57.43,Thursday,14,0
SRV-026,25-06-2026 16:00,Web,Linux,71.71,72.91,67.75,75.7,2011.94,1492.37,26.99,312.13,1089,10457,11,256,215.63,52.45,Thursday,16,0
SRV-006,25-06-2026 18:00,API,Windows Server,86.07,81.81,60.96,99.0,2070.84,1554.19,25.68,321.7,982,10604,15,313,350.0,64.23,Thursday,18,0
SRV-096,25-06-2026 19:00,Application,Linux,53.32,65.64,42.71,43.5,1263.56,1094.9,29.0,228.6,554,6941,9,225,959.0,47.8,Thursday,19,0
SRV-027,25-06-2026 19:30,Database,Linux,38.29,76.92,47.61,72.9,1413.44,1081.73,21.7,294.85,873,7317,7,266,495.63,52.57,Thursday,19,0
SRV-007,25-06-2026 20:30,File,Linux,42.56,44.69,54.19,50.18,1153.49,853.26,16.27,201.48,380,6035,2,259,1589.0,48.9,Thursday,20,0
SRV-070,25-06-2026 22:00,Database,Windows Server,56.56,93.16,49.67,66.72,1472.14,1065.49,24.5,309.49,357,7142,11,270,523.56,52.72,Thursday,22,0
SRV-045,26-06-2026 00:30,File,Linux,71.12,80.3,79.32,67.47,1122.42,835.06,21.1,349.19,373,5858,11,271,564.63,55.67,Friday,0,0
SRV-019,26-06-2026 01:30,File,Linux,56.15,45.39,58.16,49.64,1222.73,891.89,20.91,310.87,521,5885,9,188,535.92,49.1,Friday,1,0
SRV-017,26-06-2026 03:30,Application,Windows Server,74.29,59.83,69.44,48.41,1253.38,968.09,18.34,341.43,566,6728,6,279,811.41,54.01,Friday,3,0
SRV-033,26-06-2026 04:00,Database,Linux,78.99,64.81,74.43,64.2,1533.39,1112.81,26.35,407.76,737,7540,7,327,653.57,56.83,Friday,4,0
SRV-002,26-06-2026 05:30,Database,Windows Server,47.11,68.84,40.1,78.64,1469.39,1059.55,23.7,294.66,640,7525,15,238,238.08,52.95,Friday,5,0
SRV-013,26-06-2026 05:30,Application,Linux,55.52,67.43,68.77,33.87,1368.07,1050.86,24.8,282.42,952,6999,17,243,664.61,52.18,Friday,5,0
SRV-025,26-06-2026 07:30,File,Linux,57.34,56.72,52.8,61.97,1252.17,836.64,29.23,230.57,588,5823,2,257,784.17,55.41,Friday,7,0
SRV-097,26-06-2026 07:30,Database,Linux,84.88,50.86,71.29,53.93,1454.24,1030.68,30.69,329.25,737,7478,14,264,1540.93,65.67,Friday,7,0
SRV-057,26-06-2026 08:00,Database,Linux,47.25,56.5,57.12,65.14,1413.13,1100.51,18.48,258.23,649,7403,10,240,731.45,52.74,Friday,8,0
SRV-017,26-06-2026 08:00,Application,Windows Server,66.18,56.14,37.53,60.01,1397.07,1076.77,22.01,302.6,513,6887,9,268,1203.58,55.75,Friday,8,0
SRV-096,26-06-2026 08:30,Application,Linux,66.82,52.88,62.32,57.08,1445.38,1082.73,20.87,290.17,676,6772,8,242,564.08,53.47,Friday,8,0
SRV-021,26-06-2026 09:00,File,Linux,83.73,56.17,45.7,96.93,1506.47,1206.19,29.69,358.28,1088,8019,21,278,226.86,64.28,Friday,9,0
SRV-083,26-06-2026 09:00,File,Linux,67.23,68.94,76.21,59.93,1498.27,1299.05,20.52,344.11,880,8198,12,304,478.16,50.57,Friday,9,0
SRV-017,26-06-2026 10:30,Application,Windows Server,99.0,83.55,36.18,83.68,2035.17,1451.04,27.82,387.55,875,9902,22,352,1259.41,60.4,Friday,10,1
SRV-010,26-06-2026 11:00,Database,Windows Server,93.2,78.98,52.86,99.0,2312.26,1605.35,29.7,354.41,1156,11210,10,373,417.64,56.375,Friday,11,0
SRV-068,26-06-2026 12:00,Database,Windows Server,99.0,77.38,43.82,90.62,2046.85,1617.49,33.23,419.02,1104,10885,20,315,414.54,55.65,Friday,12,1
SRV-045,26-06-2026 13:00,File,Linux,69.35,72.69,35.11,57.47,1676.85,1302.75,26.07,360.5,740,8306,10,276,368.87,61.97,Friday,13,0
SRV-066,26-06-2026 15:00,Application,Linux,86.0,78.54,44.89,95.27,1973.37,1417.91,26.3,321.31,1082,10114,14,271,932.23,62.99,Friday,15,0
SRV-095,26-06-2026 16:30,Database,Linux,87.5,78.46,27.48,99.0,2150.65,1633.29,34.03,359.68,1234,11191,16,289,1005.28,65.46,Friday,16,0
SRV-011,26-06-2026 17:00,Database,Linux,81.38,68.96,46.84,70.52,2130.81,1591.53,26.59,294.09,1012,11084,8,264,2226.99,66.17,Friday,17,0
SRV-025,26-06-2026 18:00,File,Linux,70.0,63.75,58.84,96.26,1628.02,1204.65,19.92,326.4,628,8281,13,321,833.69,56.42,Friday,18,0
SRV-043,26-06-2026 20:00,Application,Windows Server,66.68,46.37,64.09,71.6,1422.15,1039.97,19.52,267.33,481,6917,2,251,2223.25,51.97,Friday,20,0
SRV-012,26-06-2026 22:00,API,Linux,60.73,40.89,54.92,74.31,1447.99,1069.46,23.47,213.82,696,7448,10,290,688.89,48.38,Friday,22,0
SRV-035,27-06-2026 00:30,Database,Linux,55.55,60.22,52.3,46.33,1233.72,923.77,27.71,239.93,357,6060,9,194,488.12,55.62,Saturday,0,0
SRV-032,27-06-2026 01:00,API,Windows Server,61.64,44.69,62.7,50.16,1172.89,880.59,22.79,198.25,479,5912,8,308,543.08,56.2,Saturday,1,0
SRV-082,27-06-2026 02:30,Database,Windows Server,74.63,63.77,37.56,62.48,1196.97,852.46,27.2,350.87,640,6205,11,342,590.57,58.57,Saturday,2,0
SRV-053,27-06-2026 03:30,File,Linux,58.64,50.5,51.91,60.71,1026.05,729.65,25.13,324.07,623,5026,8,169,442.18,50.25,Saturday,3,0
SRV-015,27-06-2026 04:00,Database,Linux,50.24,59.89,69.84,55.65,1235.19,904.46,14.04,280.81,433,6135,8,220,703.65,54.32,Saturday,4,0
SRV-037,27-06-2026 05:30,Web,Windows Server,56.52,53.82,42.9,47.43,1044.38,844.11,32.46,314.01,548,5867,13,218,1175.93,49.48,Saturday,5,0
SRV-026,27-06-2026 06:00,Web,Linux,40.47,55.73,44.14,47.6,1125.39,842.21,20.09,231.28,512,5817,10,193,1045.78,49.17,Saturday,6,0
SRV-007,27-06-2026 07:00,File,Linux,57.03,43.6,58.34,37.48,1057.42,693.22,17.94,190.02,469,5079,5,177,342.57,42.58,Saturday,7,0
SRV-074,27-06-2026 07:30,Web,Windows Server,41.74,56.41,59.8,32.89,1167.76,735.84,15.79,237.71,307,5716,12,224,751.46,48.3,Saturday,7,0
SRV-014,27-06-2026 09:00,File,Linux,76.68,63.49,52.43,56.74,1200.52,1021.48,20.62,374.49,776,6642,14,337,1473.82,60.0,Saturday,9,0
SRV-045,27-06-2026 09:00,File,Linux,58.88,69.6,61.17,66.47,1248.9,944.14,21.99,312.07,555,6691,11,241,1523.14,50.48,Saturday,9,0
SRV-030,27-06-2026 10:00,Application,Linux,56.38,67.05,65.02,38.57,1593.45,1183.34,19.43,290.41,519,7922,7,264,497.57,50.04,Saturday,10,0
SRV-031,27-06-2026 10:00,Application,Linux,82.6,59.66,37.8,42.43,1561.0,1159.37,26.45,299.7,897,7962,15,262,935.34,62.13,Saturday,10,0
SRV-040,27-06-2026 10:00,Application,Linux,61.49,48.62,42.9,53.33,1524.79,1142.97,16.06,318.02,733,7793,12,266,521.97,51.07,Saturday,10,0
SRV-033,27-06-2026 10:00,Database,Linux,56.79,62.69,74.78,54.99,1732.36,1234.96,27.14,247.55,597,8632,7,278,1315.33,59.0,Saturday,10,0
SRV-080,27-06-2026 11:30,File,Windows Server,70.05,63.41,65.02,39.5,1187.03,940.43,28.14,307.58,651,6704,15,335,560.56,51.11,Saturday,11,0
SRV-085,27-06-2026 12:00,Web,Windows Server,92.3,78.63,68.82,83.1,1565.22,1094.75,29.16,341.0,900,8130,10,294,1624.64,64.44,Saturday,12,0
SRV-030,27-06-2026 12:00,Application,Linux,87.45,73.31,68.17,69.71,1562.89,1180.45,29.45,268.18,725,7849,9,322,820.71,59.19,Saturday,12,0
SRV-087,27-06-2026 13:30,Application,Linux,80.19,66.9,30.55,74.14,1413.74,1088.25,28.22,290.66,806,7832,7,237,912.8,61.2,Saturday,13,0
SRV-019,27-06-2026 14:30,File,Linux,78.0,49.57,68.7,57.4,1286.85,1018.79,28.58,234.49,552,6899,5,271,498.96,60.11,Saturday,14,0
SRV-013,27-06-2026 14:30,Application,Linux,75.14,69.19,47.52,58.04,1487.57,1069.1,22.61,302.95,746,7826,8,316,356.38,59.98,Saturday,14,0
SRV-006,27-06-2026 14:30,API,Windows Server,68.78,58.94,38.72,84.37,1494.99,1175.5,29.4,307.43,773,8444,13,245,384.24,65.14,Saturday,14,0
SRV-048,27-06-2026 15:00,Web,Linux,51.95,68.2,54.65,82.35,1577.56,1157.2,22.64,312.41,868,8122,9,172,262.02,58.44,Saturday,15,0
SRV-080,27-06-2026 17:30,File,Windows Server,61.57,72.18,65.93,47.13,1332.22,911.01,16.1,304.52,503,6865,7,307,1648.69,51.27,Saturday,17,0
SRV-028,27-06-2026 18:30,Web,Linux,62.36,53.98,50.95,45.21,1087.62,820.99,26.69,268.95,580,5799,11,279,351.21,52.93,Saturday,18,0
SRV-074,27-06-2026 19:00,Web,Windows Server,65.48,64.75,65.4,67.26,1110.9,892.25,24.45,271.36,501,5798,9,284,823.15,57.44,Saturday,19,0
SRV-024,27-06-2026 19:00,API,Linux,74.15,60.52,39.13,62.51,1128.36,805.78,23.89,301.21,299,5938,11,284,1067.96,53.13,Saturday,19,0
SRV-042,27-06-2026 21:30,File,Linux,51.54,55.07,64.58,50.62,999.71,780.49,24.5,281.0,650,5083,5,216,733.96,55.68,Saturday,21,0
SRV-054,28-06-2026 01:30,Application,Linux,45.75,55.08,39.13,46.63,1142.83,869.76,23.04,208.26,451,5778,10,227,517.31,48.11,Sunday,1,0
SRV-055,28-06-2026 03:30,Application,Linux,44.75,49.61,52.37,46.32,1026.47,831.46,19.39,211.06,285,5677,7,169,508.28,46.95,Sunday,3,0
SRV-041,28-06-2026 05:00,Database,Linux,68.76,70.59,51.26,64.12,1203.69,957.43,27.14,289.08,511,6175,6,308,420.84,50.66,Sunday,5,0
SRV-071,28-06-2026 05:00,Web,Linux,45.43,64.88,46.07,45.93,1116.05,787.99,20.35,238.0,668,5834,10,195,289.78,53.47,Sunday,5,0
SRV-002,28-06-2026 08:00,Database,Windows Server,41.28,46.46,78.48,65.68,1244.51,862.62,2.65,200.31,757,6128,11,197,639.97,52.11,Sunday,8,0
SRV-064,28-06-2026 09:30,File,Linux,57.02,56.16,59.06,35.03,1305.2,966.8,15.83,259.28,567,6658,17,280,1363.43,54.22,Sunday,9,0
SRV-094,28-06-2026 09:30,Database,Windows Server,71.0,64.82,46.94,89.15,1671.37,1336.13,26.02,329.75,996,8605,8,257,668.54,60.83,Sunday,9,0
SRV-045,28-06-2026 10:30,File,Linux,69.7,66.23,42.0,55.22,1253.29,970.56,26.16,344.7,561,6671,9,274,781.52,57.76,Sunday,10,0
SRV-086,28-06-2026 13:30,Web,Windows Server,63.68,67.45,55.11,82.03,1540.71,1250.53,29.5,310.91,930,8238,15,325,772.61,56.16,Sunday,13,0
SRV-081,28-06-2026 13:30,Application,Windows Server,57.83,61.57,65.87,53.62,1620.38,1192.81,11.22,293.44,647,8066,14,253,1518.6,51.19,Sunday,13,0
SRV-014,28-06-2026 13:30,File,Linux,75.46,71.03,49.24,35.69,1226.79,1011.0,27.66,347.69,521,6638,6,312,884.38,49.43,Sunday,13,0
SRV-002,28-06-2026 14:00,Database,Windows Server,81.02,74.52,46.85,59.14,1667.0,1244.3,21.83,375.84,805,8658,11,317,443.02,52.99,Sunday,14,0
SRV-021,28-06-2026 14:00,File,Linux,60.28,67.75,54.45,52.26,1331.34,931.9,24.17,269.14,600,6724,6,281,1503.51,58.87,Sunday,14,0
SRV-014,28-06-2026 14:00,File,Linux,59.59,81.24,51.38,21.99,1220.97,977.5,26.57,305.52,771,6644,11,281,670.68,50.67,Sunday,14,0
SRV-071,28-06-2026 15:00,Web,Linux,44.35,56.85,50.67,40.02,1575.29,1264.19,17.01,283.33,806,8201,5,234,645.41,52.84,Sunday,15,0
SRV-038,28-06-2026 15:30,Database,Linux,81.78,55.02,56.65,85.47,1705.97,1293.57,25.42,323.81,835,8768,8,334,303.56,60.26,Sunday,15,0
SRV-040,28-06-2026 16:00,Application,Linux,57.58,78.85,44.36,56.56,1519.51,1138.17,19.09,280.24,660,7868,12,304,757.44,55.03,Sunday,16,0
SRV-048,28-06-2026 19:30,Web,Linux,45.55,45.32,49.9,47.95,1211.84,847.59,18.89,242.7,357,5908,5,157,485.61,45.07,Sunday,19,0
SRV-005,28-06-2026 20:30,Web,Windows Server,49.0,57.17,51.98,56.81,1203.67,871.1,30.55,304.07,456,5954,10,231,452.58,50.56,Sunday,20,0
SRV-010,28-06-2026 21:30,Database,Windows Server,50.45,61.68,60.75,16.85,1187.88,802.84,25.21,216.68,510,6245,5,151,621.04,49.75,Sunday,21,0
SRV-008,29-06-2026 00:30,File,Linux,41.71,59.56,53.28,32.8,1099.24,893.96,11.34,248.31,672,6021,9,194,380.95,49.56,Monday,0,0
SRV-023,29-06-2026 00:30,API,Linux,55.62,58.74,54.94,59.27,1336.37,938.91,20.09,186.55,373,7173,6,273,712.02,55.31,Monday,0,0
SRV-080,29-06-2026 02:00,File,Windows Server,46.06,66.4,46.62,51.12,1161.78,965.6,29.29,248.85,739,5876,5,273,769.39,46.41,Monday,2,0
SRV-021,29-06-2026 03:00,File,Linux,49.83,62.01,71.16,61.07,1132.89,892.31,24.8,322.72,664,5882,11,232,402.5,53.22,Monday,3,0
SRV-064,29-06-2026 03:00,File,Linux,72.38,53.87,31.21,43.44,1135.74,761.34,29.64,304.42,556,5747,8,292,1174.38,56.25,Monday,3,0
SRV-029,29-06-2026 03:30,Web,Linux,70.77,64.0,49.78,69.3,1362.02,1024.01,30.81,299.42,637,7127,9,346,668.65,59.39,Monday,3,0
SRV-077,29-06-2026 04:00,Web,Linux,66.44,51.85,65.99,79.12,1228.87,1040.41,28.9,264.3,777,7021,4,273,415.26,53.22,Monday,4,0
SRV-093,29-06-2026 04:30,Database,Linux,64.9,41.67,53.78,44.94,1398.68,1110.63,15.35,256.28,553,7510,10,223,543.93,58.34,Monday,4,0
SRV-095,29-06-2026 05:00,Database,Linux,72.0,93.72,60.74,57.7,1385.52,1039.11,28.62,358.51,747,7264,12,253,1001.44,54.76,Monday,5,0
SRV-061,29-06-2026 05:00,Application,Linux,53.97,67.72,59.37,53.25,1291.84,995.06,26.01,264.6,743,6899,9,244,280.84,52.65,Monday,5,0
SRV-006,29-06-2026 05:00,API,Windows Server,51.59,70.09,57.79,52.8,1406.96,1005.58,9.52,366.29,573,7268,12,203,386.91,50.75,Monday,5,0
SRV-062,29-06-2026 05:30,Database,Windows Server,66.9,70.7,67.19,48.21,1597.45,1050.77,24.78,305.94,797,7514,11,266,346.49,49.15,Monday,5,0
SRV-090,29-06-2026 06:00,Application,Linux,71.47,66.12,50.06,55.23,1310.36,1013.26,26.11,298.08,658,6822,10,256,862.68,51.74,Monday,6,0
SRV-076,29-06-2026 07:00,Web,Linux,77.98,66.89,54.97,60.48,1404.72,1024.85,25.19,393.85,810,7034,16,246,345.94,53.39,Monday,7,0
SRV-089,29-06-2026 08:00,Web,Windows Server,59.46,63.34,44.8,62.6,1406.08,1006.5,22.68,292.42,452,7122,14,294,525.9,54.09,Monday,8,0
SRV-013,29-06-2026 08:00,Application,Linux,64.62,58.9,59.03,78.79,1247.04,1053.27,30.63,233.98,759,6911,11,194,249.21,53.58,Monday,8,0
SRV-095,29-06-2026 08:00,Database,Linux,76.27,45.34,46.45,73.72,1409.99,1009.75,26.17,307.4,827,7410,16,293,379.09,56.0,Monday,8,0
SRV-046,29-06-2026 08:00,File,Linux,36.57,51.0,54.87,42.37,1157.12,952.69,13.86,234.8,772,5792,5,206,648.11,47.3,Monday,8,0
SRV-003,29-06-2026 08:30,API,Linux,57.54,62.14,52.12,49.83,1499.97,1075.31,22.97,312.05,765,7414,10,228,516.56,47.97,Monday,8,0
SRV-092,29-06-2026 08:30,Application,Linux,61.42,61.79,59.82,48.02,1333.6,1026.72,7.01,322.66,755,6794,8,319,344.92,54.92,Monday,8,0
SRV-083,29-06-2026 08:30,File,Linux,57.44,48.73,43.08,46.26,1189.93,831.03,27.39,288.16,439,5909,11,241,764.88,57.98,Monday,8,0
SRV-085,29-06-2026 09:30,Web,Windows Server,91.87,64.5,61.37,74.4,2013.61,1504.76,31.63,342.69,1165,10263,11,348,1232.06,64.97,Monday,9,0
SRV-018,29-06-2026 10:00,Web,Windows Server,77.15,73.5,44.01,72.15,2003.95,1436.23,31.76,374.6,969,10273,18,335,694.77,49.66,Monday,10,0
SRV-035,29-06-2026 11:30,Database,Linux,99.0,78.47,69.66,89.79,2104.58,1632.57,28.83,363.63,956,11105,14,303,536.25,71.15,Monday,11,0
SRV-048,29-06-2026 12:30,Web,Linux,80.55,63.39,64.14,74.86,1876.07,1494.9,35.35,346.59,912,10245,12,296,604.45,60.42,Monday,12,0
SRV-026,29-06-2026 12:30,Web,Linux,67.56,73.77,64.14,65.01,2060.94,1484.63,16.31,308.86,990,10500,9,324,1845.44,59.15,Monday,12,0
SRV-100,29-06-2026 14:00,API,Linux,95.0,68.43,72.94,74.67,2055.44,1579.07,28.87,355.8,944,10775,12,369,448.89,58.95,Monday,14,0
SRV-020,29-06-2026 14:00,Application,Linux,67.25,51.22,68.03,51.2,1952.64,1430.61,22.57,346.09,990,10063,8,270,802.81,55.81,Monday,14,0
SRV-057,29-06-2026 14:00,Database,Linux,88.77,64.09,54.89,83.21,2246.47,1611.22,26.54,411.1,922,11298,5,265,569.55,59.96,Monday,14,0
SRV-047,29-06-2026 15:00,Database,Linux,78.2,83.99,53.27,77.6,2098.23,1635.72,28.09,385.67,1235,10902,29,291,1159.43,55.45,Monday,15,0
SRV-006,29-06-2026 16:00,API,Windows Server,61.09,75.08,74.33,74.73,2109.32,1567.09,24.04,311.7,858,10804,8,265,511.25,51.49,Monday,16,0
SRV-038,29-06-2026 16:00,Database,Linux,84.54,82.04,53.37,83.21,2169.67,1625.83,31.51,411.66,989,11261,11,271,773.86,53.29,Monday,16,0
SRV-098,29-06-2026 19:30,Web,Windows Server,81.01,51.07,70.91,48.74,1367.47,1042.24,24.88,297.41,378,6986,12,311,1112.32,55.47,Monday,19,0
SRV-021,29-06-2026 21:30,File,Linux,50.82,58.61,79.27,56.2,1092.55,826.96,21.03,279.6,388,5870,13,246,1044.25,52.55,Monday,21,0
SRV-086,29-06-2026 23:00,Web,Windows Server,63.1,64.7,52.04,65.88,1421.45,1043.23,26.0,226.22,753,7083,8,196,860.06,54.72,Monday,23,0
SRV-035,30-06-2026 00:00,Database,Linux,75.16,49.55,65.25,45.08,1436.93,1139.8,25.76,347.53,702,7522,15,282,736.24,56.01,Tuesday,0,0
SRV-080,30-06-2026 00:00,File,Windows Server,49.88,63.37,62.22,61.14,1076.2,839.89,14.33,264.04,454,5875,9,210,1233.01,43.74,Tuesday,0,0
SRV-093,30-06-2026 01:00,Database,Linux,70.93,55.71,57.97,67.01,1495.54,1163.24,27.87,340.08,642,7479,14,215,476.43,55.31,Tuesday,1,0
SRV-030,30-06-2026 01:30,Application,Linux,42.75,68.68,78.99,48.72,1315.12,1063.49,15.18,276.45,434,6790,9,154,373.03,46.14,Tuesday,1,0
SRV-076,30-06-2026 05:00,Web,Linux,73.53,53.53,64.83,52.61,1268.7,1062.43,31.96,324.28,807,6917,12,278,1119.04,62.23,Tuesday,5,0
SRV-039,30-06-2026 05:00,Web,Windows Server,72.51,57.46,47.45,34.56,1226.85,1084.65,21.85,332.35,396,7057,8,295,1296.33,50.88,Tuesday,5,0
SRV-005,30-06-2026 06:30,Web,Windows Server,82.87,47.53,59.51,34.22,1451.19,1052.6,26.87,292.85,778,7250,16,267,432.26,63.42,Tuesday,6,0
SRV-034,30-06-2026 07:00,Database,Linux,69.04,81.25,54.79,53.45,1564.54,1054.78,22.0,292.15,722,7401,19,259,1844.92,56.55,Tuesday,7,0
SRV-048,30-06-2026 07:30,Web,Linux,53.14,67.94,55.81,68.85,1383.68,1077.73,29.12,213.02,779,7062,6,273,135.45,47.75,Tuesday,7,0
SRV-015,30-06-2026 08:00,Database,Linux,67.37,52.22,42.35,68.88,1491.89,1104.14,13.02,293.41,428,7361,8,289,1296.87,60.36,Tuesday,8,0
SRV-040,30-06-2026 08:30,Application,Linux,64.66,37.08,45.31,68.36,1327.91,930.76,16.65,267.06,753,6891,9,221,831.41,55.85,Tuesday,8,0
SRV-075,30-06-2026 09:30,Web,Linux,99.0,89.62,61.88,78.78,1978.76,1453.02,33.75,414.27,928,10203,16,385,895.3,61.78,Tuesday,9,1
SRV-053,30-06-2026 10:30,File,Linux,79.89,63.43,38.65,72.5,1589.46,1219.84,25.56,354.95,903,8216,13,305,672.34,60.57,Tuesday,10,0
SRV-012,30-06-2026 11:00,API,Linux,89.88,66.11,52.9,88.52,2065.79,1535.67,42.43,342.02,1049,10681,12,354,766.72,60.71,Tuesday,11,0
SRV-014,30-06-2026 12:00,File,Linux,66.39,54.45,65.33,64.16,1691.19,1161.98,24.23,254.22,752,8223,17,324,1643.57,61.53,Tuesday,12,0
SRV-034,30-06-2026 12:30,Database,Linux,89.26,99.0,53.82,77.87,2099.87,1652.48,21.82,302.16,1050,11045,18,346,405.6,64.32,Tuesday,12,1
SRV-096,30-06-2026 12:30,Application,Linux,76.17,61.61,47.68,88.24,2014.47,1409.09,22.34,315.69,784,10026,9,224,1192.71,59.97,Tuesday,12,0
SRV-099,30-06-2026 13:00,Web,Linux,75.66,56.82,69.79,77.52,1957.03,1533.69,16.98,311.18,664,10325,8,266,502.28,58.14,Tuesday,13,0
SRV-019,30-06-2026 13:30,File,Linux,62.32,61.08,73.66,63.2,1598.79,1239.8,31.89,348.65,1012,8214,10,268,567.12,54.17,Tuesday,13,0
SRV-078,30-06-2026 13:30,Application,Windows Server,78.33,66.88,71.25,41.37,1981.49,1493.47,18.45,347.66,883,10089,16,289,1351.62,56.69,Tuesday,13,0
SRV-041,30-06-2026 13:30,Database,Linux,66.63,79.67,48.45,63.54,2134.58,1594.64,24.35,357.88,862,11005,17,299,521.56,60.38,Tuesday,13,0
SRV-031,30-06-2026 13:30,Application,Linux,99.0,72.8,37.68,98.97,1931.61,1462.32,28.99,413.54,941,9974,12,385,492.77,68.16,Tuesday,13,1
SRV-030,30-06-2026 13:30,Application,Linux,81.45,60.91,29.0,63.07,1898.01,1433.58,30.31,316.13,1008,9985,13,331,177.09,63.86,Tuesday,13,0
SRV-046,30-06-2026 14:30,File,Linux,53.31,47.3,45.2,63.7,1651.08,1185.57,14.87,320.29,702,8153,12,271,422.97,53.91,Tuesday,14,0
SRV-059,30-06-2026 16:00,Web,Windows Server,88.7,73.43,52.44,79.09,2062.79,1528.52,29.85,407.0,935,10270,11,250,550.48,64.28,Tuesday,16,0
SRV-078,30-06-2026 16:00,Application,Windows Server,73.16,43.79,62.24,78.0,1909.93,1478.72,33.1,312.48,817,10093,5,264,767.27,58.2,Tuesday,16,0
SRV-097,30-06-2026 19:00,Database,Linux,60.2,66.98,36.66,72.06,1490.98,1075.11,26.43,296.27,804,7512,6,256,562.97,53.6,Tuesday,19,0
SRV-038,30-06-2026 19:00,Database,Linux,71.52,54.94,71.42,66.32,1496.78,1090.19,27.15,292.07,708,7454,8,228,550.67,57.86,Tuesday,19,0
SRV-098,30-06-2026 19:30,Web,Windows Server,70.74,50.58,69.54,49.75,1299.01,1018.13,30.83,344.99,707,6971,10,227,823.13,54.7,Tuesday,19,0
SRV-053,30-06-2026 20:00,File,Linux,56.3,52.61,54.51,45.3,1090.37,808.29,28.77,262.01,568,6011,7,258,721.65,44.59,Tuesday,20,0
SRV-008,30-06-2026 20:30,File,Linux,59.95,60.44,39.38,62.45,1166.74,857.32,30.55,265.65,669,5974,5,251,256.58,54.56,Tuesday,20,0
SRV-060,30-06-2026 21:00,Web,Windows Server,68.43,59.42,37.54,71.21,1373.28,1005.66,25.85,332.78,664,7096,5,273,602.85,58.01,Tuesday,21,0
SRV-066,30-06-2026 21:00,Application,Linux,73.43,48.58,39.9,43.24,1148.74,1047.98,28.43,266.6,832,6830,10,286,1460.55,55.87,Tuesday,21,0
SRV-065,30-06-2026 21:30,Application,Linux,81.96,46.6,58.86,74.94,1269.98,1077.8,19.74,320.39,606,6967,12,261,718.2,58.54,Tuesday,21,0
SRV-008,30-06-2026 22:30,File,Linux,55.73,55.59,63.84,86.27,1200.17,828.2,11.43,260.36,310,5826,11,255,568.32,61.09,Tuesday,22,0
SRV-025,30-06-2026 23:00,File,Linux,81.53,82.84,41.53,41.81,1081.89,681.87,15.75,319.2,504,5826,14,281,736.42,60.75,Tuesday,23,0
SRV-083,30-06-2026 23:30,File,Linux,57.73,54.59,59.73,36.66,1246.11,869.09,23.47,314.23,723,5891,10,231,1164.28,52.46,Tuesday,23,0
